uid,reduced_formula,family,chemsys,nat,ehull,c11,c12,c22,Y2D,poisson
1H2O2C3Ti4-1,Ti4H2C3O2,A2B2C3D4|lg72,C-H-O-Ti,11,0.0965879120075591,429.86673895156883,90.87443519030124,429.67169060880275,410.647034345349,0.2114973761979549
1Co2Ga2Te5-1,Ga2Co2Te5,A2B2C5|lg78,Co-Ga-Te,9,0.08758586613521037,142.64604236645937,40.818112132038245,142.6177686144761,130.9636391553455,0.2862063579355083
1O2N3Zr4-1,Zr4N3O2,A2B3C4|lg72,N-O-Zr,9,0.08857944882984173,429.42709729904203,123.07833218364235,430.1960416674073,394.2146025620067,0.2860982442018761
2S2Cu3-4,Cu3S2,A2B3|lg1,Cu-S,10,0.09704830485795526,46.02668275656261,-0.29629532167825845,11.19226360181798,46.018838863604785,-0.026473225811991297
1In2Se3-3,In2Se3,A2B3|lg11,In-Se,5,0.051213338036081614,41.98010922938984,5.51421855308338,30.617236003038233,40.98698867963964,0.18010177510916361
1Sb2O3-1,Sb2O3,A2B3|lg13,O-Sb,5,0.028796620856849132,22.828483544493572,5.170269616931609,48.78173677422574,22.280497972854597,0.10598781344872835
2Bi2O3-1,Bi2O3,A2B3|lg16,Bi-O,10,0.034233459601981056,45.68832685176004,18.971590415627016,40.00812154818037,36.69212235700839,0.47419348076065504
2S2Cu3-3,Cu3S2,A2B3|lg17,Cu-S,10,0.08489059832632577,10.26915834492969,6.447250615799383,49.100800235977346,9.422592906013108,0.1313064264699158
2Te2Cu3-2,Cu3Te2,A2B3|lg18,Cu-Te,10,0.07206327553701329,65.27789410098931,9.718349064373719,15.901143072095481,59.338301701323715,0.6111729842509377
2Ga2Te3-2,Ga2Te3,A2B3|lg32,Ga-Te,10,0.09162344605555148,60.92420712695296,17.955780155266567,89.13361731234221,57.30705289596876,0.2014479014393176
1Tl2Te3-1,Tl2Te3,A2B3|lg37,Te-Tl,5,0.058849015444757666,32.51257196328944,18.68963467446322,23.79669782386847,17.833962063282975,0.7853877379456076
2In2I3-1,In2I3,A2B3|lg41,I-In,10,0.08573341559771333,13.355301430403001,6.132348190639792,12.260131874588403,10.287985783563302,0.5001861524304091
2B2O3-2,B2O3,A2B3|lg42,B-O,10,0.05081827195507031,3.265882812798738,4.294349034907048,292.3162440889237,3.2027955434234614,0.014690764272411392
1In2Se3-1,In2Se3,A2B3|lg69,In-Se,5,0.007726079947355036,63.15830222413141,24.815524107536604,63.617118921496306,53.47835683880766,0.39007620162992646
1Cu2I3-1,Cu2I3,A2B3|lg8,Cu-I,5,0.02661342517319145,16.637344464294497,10.149120794442478,15.810703486460264,10.1224760406096,0.6419145614319964
2P2S3-2,P2S3,A2B3|lg9,P-S,10,0.030990391301628506,24.35421482613667,1.865956473922894,11.90856748342346,24.061837630691343,0.15669025485393406
1Ga2S5-1,Ga2S5,A2B5|lg10,Ga-S,7,0.04961419385938307,36.849536693431375,3.132818174977234,11.016740191811094,35.9586606678024,0.2843688895655272
1P2S5-1,P2S5,A2B5|lg70,P-S,7,0.047162806207087016,26.569308709328446,9.257438612483266,26.766057069503514,23.36748598880752,0.3458648611726577
1In2I5-1,In2I5,A2B5|lg77,I-In,7,0.08258732980643257,6.990272076536533,5.027352600037791,6.89584039920096,3.3251242914985646,0.7290413218699673
1Se3Ir4S5-1,Ir4Se3S5,A3B4C5|lg1,Ir-S-Se,12,0.05079499796420669,106.67200769765303,29.98485818917579,106.56345090890599,98.23485862865792,0.2813803225536291
1Cu3I4-1,Cu3I4,A3B4|lg70,Cu-I,7,0.07705613253866998,20.474685958227425,9.406355134167244,20.42166574591556,16.14205619085545,0.46060665428570946
1Ag3I5-1,Ag3I5,A3B5|lg13,Ag-I,8,0.05744905925770272,8.856146898155627,2.18349414399108,10.559251392522127,8.404633197078322,0.20678493794904737
1Tl4Se5-1,Tl4Se5,A4B5|lg1,Se-Tl,9,0.060148313389125484,8.52636310432503,2.0043599451756755,4.182264067820498,7.565768860471305,0.4792523649087053
1CuBa2I2O2-1,Ba2Cu(IO)2,AB2C2D2|lg61,Ba-Cu-I-O,7,0.03789152417311265,67.84183624518992,30.544785448996425,67.84183665134013,54.089497508841845,0.45023523767458395
1ClS2Se2Br3Hf4-1,Hf4Se2S2Br3Cl,AB2C2D3E4|lg26,Br-Cl-Hf-S-Se,12,0.008311840465846506,94.3458952187489,33.264664341733,66.49954997845497,77.7061150378805,0.5002239015528728
1GeBi2Se2I4-1,GeBi2(SeI2)2,AB2C2D4|lg13,Bi-Ge-I-Se,9,0.007437063224139864,24.161082067708897,5.8498010498851425,25.38242427184818,22.812898302567472,0.23046660111080078
1HfAs2F2O6-1,HfAs2(O3F)2,AB2C2D6|lg72,As-F-Hf-O,11,0.0,79.12053763660938,27.421301365024817,79.11594928652951,69.61641393800723,0.3465963767395968
1TeCd2I2-1,Cd2TeI2,AB2C2|lg1,Cd-I-Te,5,0.08438074028088369,18.461908673476696,4.530002370993413,19.711896675121007,17.42086620965808,0.2298105781322844
2MoCl2O2-1,Mo(ClO)2,AB2C2|lg29,Cl-Mo-O,10,3.552713678800501e-16,28.890533056750854,15.854900563338013,30.104272811076278,20.540294090644807,0.526666120216148
2MoI2O2-1,Mo(IO)2,AB2C2|lg40,I-Mo-O,10,0.00467411566157665,13.902748599770396,24.469103312872072,116.67804473076279,8.771217485089773,0.20971471856024906
1PdN2Zr3Br6-1,Zr3Pd(Br3N)2,AB2C3D6|lg1,Br-N-Pd-Zr,12,0.09967260699854623,41.56590677818962,16.308922660204622,68.92412323579221,37.70686663593632,0.23662140183359517
1GaBr2Sn3S6-1,GaSn3(S3Br)2,AB2C3D6|lg11,Br-Ga-S-Sn,12,0.07378051639046664,52.19778704794311,17.50007647432353,43.52587908014023,45.16168156129006,0.4020614136730527
1IHf2Br3-1,Hf2IBr3,AB2C3|lg11,Br-Hf-I,6,0.04058767491233054,78.72188788989823,12.583907260450035,77.64108939447122,76.6823142160275,0.16207793268477924
2SNi2Se3-1,Ni2Se3S,AB2C3|lg12,Ni-S-Se,12,0.016358168906529896,70.49299381314748,18.71873586143082,71.06383510568982,65.56234136906117,0.2634073412107768
2TaPd2S3-1,TaPd2S3,AB2C3|lg15,Pd-S-Ta,12,0.09263059903089428,63.242663499093446,24.292889756746423,63.17757343241508,53.901619507197346,0.38451761340175583
2TlPd2S3-1,TlPd2S3,AB2C3|lg72,Pd-S-Tl,12,0.0,41.46567818149481,11.716160981088393,41.14913931331935,38.12980213583603,0.284724326598395
1SnTe2Ni3-1,Ni3SnTe2,AB2C3|lg78,Ni-Sn-Te,6,0.060141603618534045,109.98164041228928,63.86054041372919,110.03885285656102,72.92047050669643,0.5803453848884933
1SeBr2Cl4Cu4-1,Cu4Se(BrCl2)2,AB2C4D4|lg1,Br-Cl-Cu-Se,11,0.054803604791661395,11.815744068220596,2.7176416112345847,2.329368630754749,8.645109833002671,1.1666859316955898
1BeP2H4S4-1,BeP2(HS)4,AB2C4D4|lg10,Be-H-P-S,11,0.024672435104061554,14.428652092905951,2.197402074081997,14.200935975670893,14.088633950196751,0.15473642567268778
1SAu2O4-1,Au2SO4,AB2C4|lg22,Au-O-S,7,0.0,10.274379091650292,18.09470164331456,115.52949748679971,7.44031303334357,0.15662408334617783
1CoGa2Te4-1,Ga2CoTe4,AB2C4|lg72,Co-Ga-Te,7,0.060053447378194465,134.5964177925515,55.816317399041004,134.36970334827146,111.41067569177784,0.4153936193069599
1InBr2Pd5-1,InPd5Br2,AB2C5|lg61,Br-In-Pd,8,0.03349044504322196,59.06131849549934,20.963359564531576,59.06131881376283,51.62053571146454,0.3549422868567331
1ZrHf2Se6-1,Hf2ZrSe6,AB2C6|lg71,Hf-Se-Zr,9,0.0,67.13892902056378,12.954138980315866,66.75614288407897,64.62515711177123,0.19405163960432123
1ZnRe2O8-1,Zn(ReO4)2,AB2C8|lg66,O-Re-Zn,11,3.2297397080004555e-16,20.92557358996681,-6.315337637033571,21.065209564195914,19.032239021032737,-0.299799421305906
4ZnF2-1,ZnF2,AB2|lg15,F-Zn,12,0.05169460073807919,41.553508987266376,27.857325828601454,71.67850495029452,30.72696338814982,0.38864267394973045
1HgI2-2,HgI2,AB2|lg18,Hg-I,3,0.026526576450399613,9.190742338105311,0.9937237209297409,4.005665333001581,8.944219787805661,0.2480795668931009
4IrS2-1,IrS2,AB2|lg2,Ir-S,12,0.07571327141476074,116.29212080303182,27.981574869641772,116.00198445832874,109.54250754562558,0.2412163464297765
2SnCl2-2,SnCl2,AB2|lg21,Cl-Sn,6,0.022159628392686297,8.921034611577715,5.929949772540321,6.959143239212729,3.868070030146128,0.852109170440234
2CdI2-1,CdI2,AB2|lg28,Cd-I,6,0.0,10.49253000004938,5.03187386400775,7.430781224081915,7.085115110585644,0.6771661972364751
2PdF2-3,PdF2,AB2|lg37,F-Pd,6,0.08991337873432907,10.035705074932162,13.773346690048909,61.329654773983975,6.942501962287967,0.22457890462301378
2PdCl2-1,PdCl2,AB2|lg42,Cl-Pd,6,0.0,6.703126479583198,5.579104669539702,58.545865634828516,6.171467948683233,0.09529459696332054
2SeCu2-1,Cu2Se,AB2|lg54,Cu-Se,6,0.013619133825613972,37.67812859645239,8.274894788169041,37.678128578814665,35.8607908905195,0.2196206420087907
1MgCl2-2,MgCl2,AB2|lg59,Cl-Mg,3,0.07895950953478614,21.038909464960582,-2.365006620271959,21.365718224043853,20.77712297806234,-0.11069165077776347
2STa2-1,Ta2S,AB2|lg64,S-Ta,6,0.05862292420685596,217.31553228089402,110.25785195356013,217.315433825928,161.37475668392972,0.5073631909727951
3CuI2-1,CuI2,AB2|lg70,Cu-I,9,0.021374207817734556,20.82063618672257,15.481615446232237,21.56500972746092,9.706316283596948,0.7179044035634224
1WTe2-1,Te2W,AB2|lg78,Te-W,3,0.02629539608146203,89.36525996197254,15.147209067872916,89.33405686241495,86.79694558552802,0.16955693718467768
1CuNi3Te3Se5-1,CuNi3Te3Se5,AB3C3D5|lg11,Cu-Ni-Se-Te,12,0.0832166781425953,24.76020448563617,9.190487736595722,25.435880120729568,21.43949907125267,0.36131982431800025
1SeS3I4Pt4-1,Pt4SeS3I4,AB3C4D4|lg1,I-Pt-S-Se,12,0.050380155401443805,41.91758191451306,22.065006983759947,41.867061957253696,30.28876177684817,0.527025445594638
1FI3Pd4S4-1,Pd4S4I3F,AB3C4D4|lg23,F-I-Pd-S,12,0.07483932769994601,62.850625851843766,15.77396272835439,61.435242522012445,58.800541731701145,0.25675755609986445
1PtPd3Cl4O4-1,Pd3Pt(ClO)4,AB3C4D4|lg3,Cl-O-Pd-Pt,12,0.09117524280695137,53.92726560861093,24.80687484828051,57.24503247299111,43.17731905161323,0.43334545857729556
1HfZr3S4Te4-1,HfZr3(TeS)4,AB3C4D4|lg69,Hf-S-Te-Zr,12,0.009415464523419162,57.70257081722715,13.244050123510696,57.93724383322744,54.67507326869055,0.22859303010052984
1SeTe3Rh4-1,Te3Rh4Se,AB3C4|lg11,Rh-Se-Te,8,0.05111356321441024,51.4046512692937,27.01522571038738,31.012863518602607,27.871757580021757,0.8710974300771258
1TeSe3Ni4-1,Ni4TeSe3,AB3C4|lg55,Ni-Se-Te,8,0.08898207226699695,24.00490739652854,6.289830205970126,24.385957296830654,22.382581746631832,0.2579283695697929
1WMo3Se8-1,Mo3WSe8,AB3C8|lg27,Mo-Se-W,12,0.0,111.39116330898362,24.33595870585339,111.51473112961553,106.08030545070989,0.2182308871602558
1TaTi3Te8-1,TaTi3Te8,AB3C8|lg72,Ta-Te-Ti,12,0.0027902382305244147,49.24758061591879,11.75352417574339,48.47854135905424,46.39796248226628,0.24244797484089747
2AuBr3-1,AuBr3,AB3|lg12,Au-Br,8,8.326672684688674e-17,3.844675939188972,3.469724286459298,9.071862468614817,2.51760703071557,0.3824709973793386
2TlI3-4,TlI3,AB3|lg17,I-Tl,8,0.035280909305429375,6.483645271219262,0.058408702213995814,0.8548398799873224,6.479654375878284,0.06832706753791369
2PdF3-2,PdF3,AB3|lg2,F-Pd,8,0.040202381455065606,33.98111873438136,16.97747503212522,32.731737093100065,25.175149847163464,0.5186854270470147
2YCl3-4,YCl3,AB3|lg29,Cl-Y,8,0.07518282164863699,8.307212726303751,6.189547493558274,40.33322881722318,7.357363202760174,0.1534602528750488
2AgI3-1,AgI3,AB3|lg38,Ag-I,8,0.005739383730091863,5.507647108044152,1.1113694246277674,10.003713968943066,5.384178764003928,0.11109568187155877
2IrF3-2,IrF3,AB3|lg40,F-Ir,8,0.057122489247274366,83.52000203265433,-1.7680796186952024,105.8033626419865,83.49045566040316,-0.01671099646121801
2RhBr3-1,RhBr3,AB3|lg71,Br-Rh,8,0.0,33.91723088524829,9.458699683555148,34.43766928213716,31.31929085130723,0.2746614355943473
3BiBr3-1,BiBr3,AB3|lg77,Bi-Br,12,0.0923853397549405,15.61059280884405,3.9885477639437736,15.472193655956865,14.582392566589713,0.25778812317335265
2SbBr3-3,SbBr3,AB3|lg79,Br-Sb,8,0.07232923550697601,12.913044885459824,4.230810079638551,12.800967980197308,11.514732354902641,0.33050704338792813
2SnTe3-1,SnTe3,AB3|lg9,Sn-Te,8,0.09600647407139973,54.201356736252166,-3.5652398975749597,21.11726682135298,53.5994353022526,-0.1688305559491214
1SSbBi2I2Se2-1,Bi2SbSe2SI2,ABC2D2E2|lg11,Bi-I-S-Sb-Se,8,0.09690651059155247,25.83965991282667,11.224977290811747,28.686200921591748,21.44730013246967,0.39130233109267687
1BrSIr2Pd2I3Se3-1,Ir2Pd2Se3SI3Br,ABC2D2E3F3|lg11,Br-I-Ir-Pd-S-Se,12,0.07770712061540674,67.99388569144088,15.869889433842769,68.8241032253445,64.33450796126147,0.23058621456906503
1GaInP2Se2S4-1,InGaP2(SeS2)2,ABC2D2E4|lg10,Ga-In-P-S-Se,10,0.09530360310769596,38.42655813857072,17.13734544652651,39.0275660696782,30.901399935539473,0.43910874216266016
1BrClIr2Ni2S6-1,Ni2Ir2S6BrCl,ABC2D2E6|lg1,Br-Cl-Ir-Ni-S,12,0.08187672981066603,77.38740210137473,22.045141755355115,55.379484908711284,68.61180088704752,0.39807415673321617
1GeTiI2S2-1,TiGe(SI)2,ABC2D2|lg11,Ge-I-S-Ti,6,0.06771424716602,32.52233769570315,7.200416468023667,42.81182963836886,31.311317336355536,0.1681875436963456
1BrClNi2Se2-1,Ni2Se2BrCl,ABC2D2|lg13,Br-Cl-Ni-Se,6,0.058771779161084815,30.896835471616395,11.086617241184735,51.892357851528175,28.528219225574784,0.21364643466202116
1BrINi2Se2-1,Ni2Se2IBr,ABC2D2|lg23,Br-I-Ni-Se,6,0.0005019854271626952,81.27611650314958,14.936431033443872,51.74376634737375,76.96454454452758,0.28866145794588005
1BrClCd2S2-1,Cd2S2BrCl,ABC2D2|lg69,Br-Cd-Cl-S,6,0.08937316727835916,48.12359150003301,29.085168527571362,47.96691093266019,30.487537565585647,0.6063590079503652
1SSeBr2Au3-1,Au3SeSBr2,ABC2D3|lg1,Au-Br-S-Se,7,0.09865093353877441,37.718078478256786,12.1780568623748,35.35764907503017,33.52365173261752,0.3444249598306872
1ITeN2Ti3-1,Ti3TeIN2,ABC2D3|lg69,I-N-Te-Ti,7,0.08454484029112155,253.94109083117073,89.78023708594266,253.5139564081973,222.14603273886823,0.35414317364596043
1HfZrPd2I4S4-1,HfZrPd2(SI)4,ABC2D4E4|lg3,Hf-I-Pd-S-Zr,12,0.06258548759967608,27.544839740855398,12.575094693950168,22.209296006814856,20.424712812325517,0.566208613280292
1SSeHf2I4-1,Hf2SeSI4,ABC2D4|lg13,Hf-I-S-Se,8,0.03734099915654099,24.811036025352642,6.616386593561974,20.21197567954926,22.645163067185553,0.32734981965451904
1IrRuO2Cl4-1,IrRu(Cl2O)2,ABC2D4|lg47,Cl-Ir-O-Ru,8,0.022816095793906865,128.439738957911,53.58378348077735,69.55093143365262,87.15744707582743,0.7704251025292599
1HSbSe2O6-1,SbH(SeO3)2,ABC2D6|lg13,H-O-Sb-Se,10,0.0,27.443703840068377,11.785576785609495,35.202212312051195,23.497934212346824,0.3347964804352594
1AgBiAs2Se6-1,AgBi(AsSe3)2,ABC2D6|lg65,Ag-As-Bi-Se,10,0.06760768987837418,37.22184028774256,19.07932461493141,37.015819809848765,27.387649673245544,0.5154370405124727
1AgInP2Se6-1,InAg(PSe3)2,ABC2D6|lg67,Ag-In-P-Se,10,0.0,45.409007944915054,18.296515830651956,45.770303720998015,38.09504093298721,0.3997464369513911
1NiPdIr2Se8-1,NiIr2PdSe8,ABC2D8|lg1,Ir-Ni-Pd-Se,12,0.03861010612982504,73.94900605835961,19.559514429618385,74.55988410457354,68.81790091627178,0.2623329510837933
2PdSeCl2-1,PdSeCl2,ABC2|lg1,Cl-Pd-Se,8,0.09058096290598738,14.846251002344083,4.749399750040635,22.649454793262574,13.850341909097569,0.20969157065332172
2NbSeS2-1,NbSeS2,ABC2|lg15,Nb-S-Se,8,0.044630210925475144,152.68960569919864,19.685213092872484,154.59202473170586,150.18295883184362,0.12733653710167864
2AgIS2-1,AgS2I,ABC2|lg20,Ag-I-S,8,0.0484299008284117,13.279872908173834,4.3776922549621595,13.023081803512165,11.80831726809582,0.33614871817679515
2NbOI2-1,NbI2O,ABC2|lg27,I-Nb-O,8,0.0,66.0778056238921,5.648207874889974,63.12711172000457,65.57244031683562,0.08947356723593128
2BrTaO2-1,TaBrO2,ABC2|lg41,Br-O-Ta,8,4.440892098500626e-16,204.91378819295295,28.032995666501986,394.97480019664545,202.9241705119088,0.07097413721722308
1PdTiS2-1,TiPdS2,ABC2|lg59,Pd-S-Ti,4,0.034037711174630614,47.69000398577883,21.32961611225916,47.53180420895072,38.118464864386226,0.44874408761118684
1OZrBr2-1,ZrBr2O,ABC2|lg69,Br-O-Zr,4,0.0,101.67333676192504,56.649940052843775,101.28323012207665,69.98777831238974,0.559322011991162
2SeTeV2-1,V2TeSe,ABC2|lg7,Se-Te-V,8,0.09364979229855619,64.5409815001712,24.24288292452778,66.65972489730424,55.724302862541116,0.3636811127240067
2AuITe2-1,Te2AuI,ABC2|lg9,Au-I-Te,8,0.06361720572957051,9.653474187358299,2.844993484155705,14.003685643301068,9.075484354463104,0.20316033625880928
1SSeIn3Br5-1,In3SeSBr5,ABC3D5|lg1,Br-In-S-Se,10,0.06103037271626386,18.26470970469615,3.221319198588229,30.637011078627125,17.92600507869455,0.10514469542479205
2CuPbI3-1,CuPbI3,ABC3|lg18,Cu-I-Pb,10,0.02125031681465215,13.520407983396433,4.535639740893587,11.755840320349545,11.770466907422243,0.3858201215137571
1AgAuBr4-1,AgAuBr4,ABC4|lg1,Ag-Au-Br,6,7.401486830834377e-17,2.3989728016307303,2.8899136857357117,14.588214355499995,1.8264831940966952,0.1980992063395454
2InTlCl4-1,TlInCl4,ABC4|lg14,Cl-In-Tl,12,0.018234602499961856,20.50377021043795,4.062508729217447,19.23721999630524,19.645851177535185,0.21117961586953338
2BiPO4-1,BiPO4,ABC4|lg15,Bi-O-P,12,0.08120510124696405,19.419507739101327,5.229369323829691,126.04725991066566,19.202554958498304,0.04148737011447879
2CrWTe4-1,CrTe4W,ABC4|lg27,Cr-Te-W,12,0.08170760973968368,81.76373287161069,20.343301862855224,80.69092867434269,76.63490442109811,0.2521138645579102
2AuCrO4-1,CrAuO4,ABC4|lg41,Au-Cr-O,12,0.0033296572114143905,48.97285079828939,11.980652926463902,43.65454183871301,45.68485283751136,0.2744423013469681
2MoZnO4-1,ZnMoO4,ABC4|lg7,Mo-O-Zn,12,0.05432720881770899,106.24571112344746,41.327307754115026,118.7462844124117,91.86255484487664,0.3480303232948599
1AgPtBr6-1,AgPtBr6,ABC6|lg10,Ag-Br-Pt,8,0.0,13.78046463824144,6.660667830786437,15.582094834024934,10.933318832454189,0.4274565070828768
1SnZnF6-1,ZnSnF6,ABC6|lg47,F-Sn-Zn,8,0.0,61.32951028722882,37.071765996183345,54.90141964921605,36.29708229435087,0.6752423932395107
1FeZrI6-1,ZrFeI6,ABC6|lg67,Fe-I-Zr,8,0.08969588992872857,18.037310281825807,2.001260849567111,17.863902400742315,17.813112629030545,0.11202820104323627
1ClISBr2Se3In4-1,In4Se3SIBr2Cl,ABCD2E3F4|lg1,Br-Cl-I-In-S-Se,12,0.04460426229310096,31.654780019924154,4.278080781393147,22.99656974436231,30.85892327365389,0.18603125722443598
1GeSZnBr2-1,ZnGeSBr2,ABCD2|lg1,Br-Ge-S-Zn,5,0.08006209170784828,31.101797279226595,2.5176910052421397,38.23043390258721,30.93599304027842,0.06585567434723144
1BrISCu2-1,Cu2SIBr,ABCD2|lg23,Br-Cu-I-S,5,0.018008572300711824,26.15460981729547,3.6970565528369423,29.15427237656289,25.68578566081052,0.12681011225678898
1BrISTi2-1,Ti2SIBr,ABCD2|lg69,Br-I-S-Ti,5,0.04130508504679327,59.65548874590748,26.079237893378753,58.595839051499915,48.04840776355857,0.44506979190890494
1ClSZrBr3Hf3Se3-1,Hf3ZrSe3SBr3Cl,ABCD3E3F3|lg1,Br-Cl-Hf-S-Se-Zr,12,0.09513588033402935,52.44168546616534,11.499042931253713,48.41733783933529,49.71068053620425,0.23749845498344693
1PdSSePt3Cl6-1,PdPt3SeSCl6,ABCD3E6|lg1,Cl-Pd-Pt-S-Se,12,0.08992708195098602,31.643049295482758,10.662203543657954,23.281907613909823,26.76017688263664,0.4579609076915931
2CaFNO3-1,CaNO3F,ABCD3|lg46,Ca-F-N-O,12,0.06776003320259398,96.9428558843986,8.126521642369946,62.60531921685098,95.8879877864474,0.12980560987512055
1CdInTlSe4-1,TlCdInSe4,ABCD4|lg69,Cd-In-Se-Tl,7,0.06897961425949495,72.39904499900206,29.350766692774933,72.37431200597061,60.4960993049188,0.4055412186903221
1AgSeWBr5-1,AgWSeBr5,ABCD5|lg1,Ag-Br-Se-W,8,0.01822157650080286,8.450762974079112,2.1435191659989736,5.8125945341535745,7.660294210430176,0.36877149324696723
1AgGaHfZrBr4S4-1,HfZrGaAg(SBr)4,ABCDE4F4|lg3,Ag-Br-Ga-Hf-S-Zr,12,0.08122628198885658,48.04768332751813,17.216411676621313,46.17486254166082,41.628501662354005,0.3728524727298965
1CdClGeIS-1,CdGeSICl,ABCDE|lg1,Cd-Cl-Ge-I-S,5,0.0732493302165798,29.38497520231122,3.404438245415795,13.834741352421132,28.547214707076414,0.2460789225249958
1BrClOZr-1,ZrBrClO,ABCD|lg11,Br-Cl-O-Zr,4,0.04695000989819942,84.64568287980657,5.695593148786641,41.24805101556598,83.85922678023806,0.13808150951513484
1AuClCuI-1,CuAuICl,ABCD|lg13,Au-Cl-Cu-I,4,0.04982728535674119,9.821324031479449,7.760149003991074,11.748552592791546,4.695593683973302,0.6605195782800002
1CdHIS-1,CdHSI,ABCD|lg69,Cd-H-I-S,4,0.059814419790487405,24.214350313259853,13.43623055953001,24.231220827102593,16.763950148241218,0.5545007680546413
2BrSSb-2,SbSBr,ABC|lg1,Br-S-Sb,6,0.07265495770450237,16.719920920998657,8.336768562136564,16.003984803367562,12.377145611439254,0.5209183003212012
4AsSeSi-1,SiAsSe,ABC|lg20,As-Se-Si,12,0.00026695238457345266,38.94295957274148,23.760167731694665,41.69405705615903,25.402766785125237,0.5698694108777026
2AgCuSe-2,CuAgSe,ABC|lg28,Ag-Cu-Se,6,0.05416534811623445,39.001168520469896,-4.6740854078345615,73.80617283921372,38.705162460823296,-0.06332919358949864
4LiORb-1,RbLiO,ABC|lg36,Li-O-Rb,12,0.08787836945654497,65.68710479446764,-1.2550946580106535,18.906779430983814,65.6037874528592,-0.06638331306461666
2ISZr-1,ZrSI,ABC|lg46,I-S-Zr,6,2.9605947323337506e-16,147.2719386670736,2.778857645276004,65.78104305566563,147.1545484668882,0.04224404959532889
2CaClI-1,CaICl,ABC|lg5,Ca-Cl-I,6,0.07136660867047577,24.43159741157839,7.816447375949713,20.785443321438418,21.492191759451888,0.37605391692019924
2AsBeTl-1,BeTlAs,ABC|lg64,As-Be-Tl,6,0.0,73.7506186895058,12.58329080505691,72.39489854449545,71.5634589494129,0.17381460652677
6AgF-5,AgF,AB|lg13,Ag-F,12,0.053828317344654465,17.986067804097498,11.544005977852187,68.04877170050365,16.027706606878404,0.16964312050568206
4BrCd-1,CdBr,AB|lg16,Br-Cd,8,0.06773965492756151,19.00425193372311,6.129252168819039,20.627116036614904,17.182972987975827,0.2971453768883197
2AlSe-3,AlSe,AB|lg18,Al-Se,4,0.03188077272013423,41.97460049750176,1.9681449134151547,38.27842839710089,41.87340526659998,0.05141655485427968
2AsI-1,AsI,AB|lg2,As-I,4,0.09169104110971721,13.980416541066013,16.538904304349515,34.95895328594989,6.155944413682109,0.47309495135818475
6NiTe-1,NiTe,AB|lg21,Ni-Te,12,0.08081576860710586,74.23572428504177,11.33429875197057,86.73663306730944,72.75461620353221,0.13067487578374085
3PbSe-1,PbSe,AB|lg27,Pb-Se,6,0.0795735467696983,43.68582327257886,31.016851890425983,72.7884840619989,30.46882729319862,0.4261230645222233
4FTl-4,TlF,AB|lg28,F-Tl,8,0.08553693932072237,10.095331835090958,2.179049240476162,37.914455843757864,9.970095813981043,0.05747278160751752
6CuI-1,CuI,AB|lg29,Cu-I,12,0.030498020973389977,7.394831291974706,6.2794558226072885,29.383591224245496,6.052872607375931,0.21370620679700567
6AgF-1,AgF,AB|lg31,Ag-F,12,0.002960158907709657,31.33484828247655,38.81084139166851,52.074807791312686,2.40951041919339,0.745290151568127
2AuBr-1,AuBr,AB|lg48,Au-Br,4,0.0,9.542047508481852,4.5529382852770475,9.564016941234211,7.374626940648099,0.4760487474303347
6ClTl-1,TlCl,AB|lg56,Cl-Tl,12,0.060678607386256335,10.790700045348343,4.836167861379214,11.42393967997424,8.743374845930804,0.4233362567430958
3ILi-1,LiI,AB|lg61,I-Li,6,0.06041054738218069,44.266747048784005,9.589128147105633,44.82804799424896,42.21554511749737,0.21390911663911472
2PbTe-1,TePb,AB|lg64,Pb-Te,4,0.07499368598771872,40.835071539869,22.124627803276606,41.13273440106364,28.934594643276817,0.5378837105151096
6ClLi-2,LiCl,AB|lg7,Cl-Li,12,0.06742019864419824,22.07065511006813,7.892102560998384,27.166281404307025,19.777912798143085,0.2905109625989204
1AgCl-1,AgCl,AB|lg78,Ag-Cl,2,0.03852599863942929,23.926725994019698,20.303252341181793,24.20114576843015,6.893563201891137,0.8389376492937343
4Bi-1,Bi,A|lg32,Bi,4,0.09550190818097803,38.05210727398557,11.122944442258328,17.781217307943326,31.094209458390203,0.6255445985292257
2C-1,C,A|lg80,C,2,0.0,345.6538905582198,70.60779871921024,345.58251859948973,331.22763641730836,0.2043153079772551
