uid,monolayer_uid,formula,d_ref,eb_ref,gs_ref,slide,ref_valid,error,wall_s,d_ml,eb_ml,edge_high,edge_low,sanity6,dd,ratio,fail,ref_bin
Bi2S3-9e4974207024-2--1_0_0_-1--0.32_0.78,Bi2S3-9e4974207024,Bi4S6,2.7805253037667264,17.660800058512418,17.669229868746328,Stable,True,,20.222790956497192,2.68,17.971506537672926,False,False,2.837497633786173,-0.10052530376672619,1.017593001343716,False,15-20
Bi2S3-9e4974207024-2-1_0_0_1-0.33_0.67,Bi2S3-9e4974207024,Bi4S6,2.725948057138037,17.642934260092915,17.64787668108297,Stable,True,,10.836681365966797,2.64,17.720296084190714,False,False,2.839978816848902,-0.08594805713803666,1.0043848615517876,False,15-20
Bi2S3-9e4974207024-2-1_0_0_1-0_0,Bi2S3-9e4974207024,Bi4S6,2.8805835892526552,16.694840905960973,16.705795772658007,Stable,True,,10.737906455993652,2.66,18.733020745718722,False,False,2.834822621380759,-0.2205835892526551,1.1220844122587599,False,15-20
Bi2S3-9e4974207024-2--1_0_0_-1-0.29_0.58,Bi2S3-9e4974207024,Bi4S6,2.935160835881341,16.024343333581296,16.035927983007724,Unstable-Saddle,True,,7.399384498596191,2.8600000000000003,16.747714556694536,False,False,2.834979149039382,-0.07516083588134048,1.0451420197417582,False,15-20
Bi2S3-9e4974207024-2-0_1_1_0-Iz-0.29_0.58,Bi2S3-9e4974207024,Bi4S6,2.9261485961805427,15.777291181394396,15.788151354958282,Unstable-Saddle,True,,15.443928480148315,2.8600000000000003,16.139432376223205,False,False,2.8392554261635214,-0.06614859618054236,1.0229533188343427,False,15-20
Bi2S3-9e4974207024-2--1_0_0_-1-Iz-0.5_0,Bi2S3-9e4974207024,Bi4S6,2.9807258428092283,15.593462589735338,15.605830436769423,Unstable-Saddle,True,,7.622889757156372,2.8200000000000003,17.030591246972165,False,False,2.8358439481608797,-0.16072584280922797,1.0921622538269877,False,15-20
Bi2S3-9e4974207024-2-1_0_0_1-0.5_0,Bi2S3-9e4974207024,Bi4S6,3.299009146739252,12.91952407503202,12.934527046943716,-,True,,7.527081727981567,3.18,12.750084587806183,False,False,2.838400773390019,-0.119009146739252,0.9868850054969678,False,10-15
Bi2S3-9e4974207024-2--1_0_0_-1-0.5_0,Bi2S3-9e4974207024,Bi4S6,3.417259847768076,12.06728403369898,12.083151524014903,-,True,,3.7154316902160645,3.2600000000000002,12.295903307294681,False,False,2.8366923072133226,-0.15725984776807556,1.0189453793378245,False,10-15
Bi2S3-9e4974207024-2-1_0_0_1-0.79_0.58,Bi2S3-9e4974207024,Bi4S6,3.435452263310971,11.966631644510082,11.982607619633626,-,True,,3.746777057647705,3.2600000000000002,12.207684940946008,False,False,2.835071683229667,-0.17545226331097075,1.02014378846085,False,10-15
Bi2S3-9e4974207024-2-1_0_0_1--0.33_0.33,Bi2S3-9e4974207024,Bi4S6,3.5718953798826902,11.01088427460773,11.027087107923682,-,True,,3.781381130218506,3.39,11.096294528299168,False,False,2.8407499944249555,-0.1818953798826901,1.0077568932304923,False,10-15
Bi2S3-9e4974207024-2--1_0_0_-1--0.65_0.12,Bi2S3-9e4974207024,Bi4S6,3.599184003197035,10.779760612306914,10.7960457392059,-,True,,3.6403005123138428,3.39,11.087972781092482,False,False,2.8405566804569244,-0.20918400319703467,1.028591745203849,False,10-15
C2H2-1b265530a869-2-1_0_0_1-0_1.0,C2H2-1b265530a869,C4H4,1.9617847917058453,19.0621736322102,14.238378234029344,Stable,True,,4.176926851272583,1.5500000000000003,4.116293142140715,False,False,0.9229127020327628,-0.41178479170584503,0.21594038652471573,False,15-20
C2H2-1b265530a869-2-1_-1_1_0-0_1.0,C2H2-1b265530a869,C4H4,1.9706584259647693,18.94768618459003,14.12394559352457,Stable,True,,3.97491192817688,4.03,1.8744663267902106,False,False,0.9230617199083175,2.0593415740352308,0.09892850813175785,True,15-20
C2H2-1b265530a869-2-1_0_0_1--0.33_0.33,C2H2-1b265530a869,C4H4,1.9884056944826167,18.75990959156497,13.9361639999031,Stable,True,,4.0116822719573975,4.09,1.9906433236934968,False,False,0.9231699174157049,2.1015943055173834,0.1061115627438072,True,15-20
C2H2-1b265530a869-2-1_0_0_1-0.33_0.67,C2H2-1b265530a869,C4H4,2.157004745402181,17.1297037265132,12.305938401395004,Unstable-Max,True,,4.060823678970337,4.139999999999997,2.3724972736036256,False,False,0.9230247982583919,1.982995254597816,0.13850194442834968,False,15-20
C2H2-1b265530a869-2-1_-1_1_0--0.67_0.67,C2H2-1b265530a869,C4H4,2.1658783796611054,17.087533403228978,12.263676044424164,Unstable-Max,True,,4.044339656829834,4.139999999999997,2.37253108653129,False,False,0.9229839779169531,1.9741216203388916,0.13884573218057092,False,15-20
Ga2Se2-8a6a5075fdf0-2--1_0_0_-1-0_0,Ga2Se2-8a6a5075fdf0,Ga4Se4,3.2197317133192325,17.65064357730266,16.751622304077,Stable,True,,3.4487528800964355,3.22,17.9658359341276,False,False,3.2162908399855796,0.00026828668076772644,1.0178572727642778,False,15-20
Ga2Se2-8a6a5075fdf0-2-1_0_0_1--0.33_0.33,Ga2Se2-8a6a5075fdf0,Ga4Se4,3.2380426894291734,17.604870186091908,16.705748602102638,Stable,True,,3.4371345043182373,3.3000000000000003,18.114027462756738,False,False,3.2156692149015726,0.06195731057082687,1.0289213877343482,False,15-20
Ga2Se2-8a6a5075fdf0-2-1_0_0_1-0_0,Ga2Se2-8a6a5075fdf0,Ga4Se4,3.225835372022546,17.443750469153795,16.544955825146733,Stable,True,,3.4231748580932617,3.0500000000000003,18.351436400948902,False,False,3.2157940901761273,-0.17583537202254584,1.0520350215626044,False,15-20
Ga2Se2-8a6a5075fdf0-2-1_0_0_1--0.67_0.67,Ga2Se2-8a6a5075fdf0,Ga4Se4,3.866719535870308,12.162999618991629,10.768547592052103,-,True,,3.391331195831299,4.219999999999995,9.056704522687195,False,False,3.220811009580059,0.3532804641296874,0.744611099760771,False,10-15
Ga2Se2-8a6a5075fdf0-2--1_0_0_-1--0.33_0.33,Ga2Se2-8a6a5075fdf0,Ga4Se4,3.8728231945736216,12.108663569233364,10.71426136076919,-,True,,3.4014456272125244,4.219999999999995,9.052902447887599,False,False,3.2196926211606476,0.34717680542637375,0.747638448795449,False,10-15
Ga2S2-ac002f4ce724-2-1_0_0_1-0.33_-0.33,Ga2S2-ac002f4ce724,Ga4S4,3.155731341430672,16.71333296263883,15.538564506644642,Stable,True,,3.3993380069732666,3.2800000000000002,19.25564925483523,False,False,2.8977919523757154,0.12426865856932823,1.152113064334895,False,15-20
Ga2S2-ac002f4ce724-2--1_0_0_-1-Iz-0_0,Ga2S2-ac002f4ce724,Ga4S4,3.173700342365084,16.636342055464965,15.461600001402031,Stable,True,,4.256574392318726,3.3000000000000003,18.623601501917204,False,False,2.8970179207581332,0.12629965763491624,1.1194529085676879,False,15-20
Ga2S2-ac002f4ce724-2--1_0_0_-1-Iz-0.33_-0.33,Ga2S2-ac002f4ce724,Ga4S4,3.149741674452674,16.62947396921489,15.454757744652564,Stable,True,,6.059266567230225,3.0500000000000003,19.744356249193483,False,False,2.899278300809091,-0.09974167445267357,1.1873109327297413,False,15-20
Ga2S2-ac002f4ce724-2--1_0_0_-1-Iz--0.33_0.33,Ga2S2-ac002f4ce724,Ga4S4,3.736729038306743,12.075820805374963,10.538497458496304,-,True,,4.651569843292236,3.5500000000000003,13.896610463554502,False,False,2.901165746449743,-0.1867290383067428,1.1507797844573102,False,10-15
Ga2S2-ac002f4ce724-2-1_0_0_1-0_0,Ga2S2-ac002f4ce724,Ga4S4,3.742718705284737,12.035292069749016,10.497958236939043,-,True,,3.2964203357696533,3.6100000000000003,13.57685241401053,False,False,2.901878199753597,-0.1327187052847365,1.1280866584149014,False,10-15
Ga2Te2-55c23ca88a05-2--1_0_0_-1-Iz-0.33_-0.33,Ga2Te2-55c23ca88a05,Ga4Te4,3.4511201950008825,16.672172088759165,16.042732699216216,Stable,True,,3.3160576820373535,2.91,18.691643347072244,False,False,3.8428737659398937,-0.5411201950008824,1.121128263765623,False,15-20
Ga2Te2-55c23ca88a05-2-1_0_0_1-0.33_-0.33,Ga2Te2-55c23ca88a05,Ga4Te4,3.4887135313004976,16.49165770097379,15.861770104514504,Stable,True,,3.346677541732788,3.0300000000000002,17.360339021462206,False,False,3.8418637430286955,-0.4587135313004973,1.052673984401042,False,15-20
Ga2Te2-55c23ca88a05-2--1_0_0_-1-Iz-0_0,Ga2Te2-55c23ca88a05,Ga4Te4,3.520041334030441,16.317435567823594,15.687204603298834,Stable,True,,3.3139705657958984,3.18,16.09533637109027,False,False,3.842080563424213,-0.3400413340304409,0.9863888418121728,False,15-20
Ga2Te2-55c23ca88a05-2-1_0_0_1-0_0,Ga2Te2-55c23ca88a05,Ga4Te4,4.228049386344846,10.842023356871785,9.612157863497368,-,True,,3.32894229888916,4.11,9.850380548359876,False,False,3.8492286246869183,-0.11804938634484596,0.9085371082618637,False,10-15
Ga2Te2-55c23ca88a05-2--1_0_0_-1-Iz--0.33_0.33,Ga2Te2-55c23ca88a05,Ga4Te4,4.22804939860681,10.840004356518396,9.610125260695384,-,True,,3.2133798599243164,4.11,9.849147202565762,False,False,3.848001808019206,-0.11804939860680985,0.908592550209004,False,10-15
Hf2I2-e8512c33003a-2-1_0_0_1--1.0_0,Hf2I2-e8512c33003a,Hf4I4,3.657137996297923,24.30769831650661,21.01947142952286,Stable,True,,3.4535765647888184,3.37,35.968158071115774,False,False,5.8743625980625955,-0.2871379962979228,1.4797023396777516,False,20-30
Hf2I2-e8512c33003a-2--1_0_0_-1-0_-1.0,Hf2I2-e8512c33003a,Hf4I4,3.6646054735285816,24.077380410541785,20.792097157242285,Stable,True,,3.413365602493286,3.3600000000000003,36.31342656327086,False,False,5.871865517282313,-0.30460547352858125,1.5081967366919937,False,20-30
Hf2I2-e8512c33003a-2--1_0_0_-1-0.79_0.58,Hf2I2-e8512c33003a,Hf4I4,3.724345291373851,23.21927700088438,19.932068983177032,Unstable-Saddle,True,,3.3912458419799805,3.41,33.78769796942798,False,False,5.867387798312849,-0.3143452913738507,1.4551571940909733,False,20-30
Hf2I2-e8512c33003a-2-1_0_0_1--0.33_-0.67,Hf2I2-e8512c33003a,Hf4I4,3.7094103369125335,23.187374074832857,19.90306720346283,Stable,True,,3.41165828704834,3.3600000000000003,36.60584062004194,False,False,5.860919760331898,-0.3494103369125332,1.578697117746215,False,20-30
Hf2I2-e8512c33003a-2-1_0_0_1-0.79_0.58,Hf2I2-e8512c33003a,Hf4I4,3.746747723065827,22.786040438947804,19.499720769383504,Unstable-Saddle,True,,3.3901636600494385,3.41,33.873147089844196,False,False,5.865643125173089,-0.3367477230658267,1.486574518315406,False,20-30
Hf2I2-e8512c33003a-2--1_0_0_-1-Iz-0.5_0,Hf2I2-e8512c33003a,Hf4I4,3.887126653455038,21.329815883527505,18.038091520698543,Unstable-Saddle,True,,3.4072532653808594,3.6100000000000003,30.559327018630547,False,False,5.865507657730579,-0.2771266534550376,1.4327046790043212,False,20-30
Hf2I2-e8512c33003a-2--1_0_0_-1-0.5_0,Hf2I2-e8512c33003a,Hf4I4,3.903564744909648,21.144775000394706,17.85385546527345,-,True,,3.4092583656311035,3.6100000000000003,30.50940199579052,False,False,5.8623199137689195,-0.2935647449096477,1.442881373541265,False,20-30
Hf2I2-e8512c33003a-2-1_0_0_1-0.5_0,Hf2I2-e8512c33003a,Hf4I4,3.903564744909648,21.087413797303977,17.796936909526345,-,True,,3.3965022563934326,3.5900000000000003,30.466252957457062,False,False,5.859809851693951,-0.3135647449096477,1.4447600474057263,False,20-30
Hf2I2-e8512c33003a-2-1_0_0_1--0.67_0.67,Hf2I2-e8512c33003a,Hf4I4,4.07531672121479,19.69946758699833,16.406554895651336,-,True,,3.3828823566436768,3.7800000000000002,28.71306077235604,False,False,5.868487489175578,-0.2953167212147898,1.4575551671917617,False,15-20
Hf2I2-e8512c33003a-2--1_0_0_-1--0.67_-0.33,Hf2I2-e8512c33003a,Hf4I4,4.0977191529067625,19.430552316285105,14.76301846547758,-,True,,3.3168556690216064,3.7800000000000002,28.714595029099083,False,False,5.86003831245051,-0.3177191529067622,1.4778064237027813,False,15-20
In2Se2-178396d52e5c-2-1_-1_1_0-0_0,In2Se2-178396d52e5c,In4Se4,3.032639562429601,20.28572021476757,17.32972250753063,Stable,True,,3.283371925354004,3.18,16.467248122453228,False,False,2.9353410589434348,0.14736043757039896,0.8117655152546877,False,20-30
In2Se2-178396d52e5c-2-1_0_0_1-0_0,In2Se2-178396d52e5c,In4Se4,2.98694417502816,20.239998091107697,17.28447798654251,Stable,True,,3.2847862243652344,3.1100000000000003,16.18400916250676,False,False,2.9376166894638374,0.12305582497184053,0.7996052711890864,False,20-30
In2Se2-178396d52e5c-2-1_0_0_1--0.33_0.33,In2Se2-178396d52e5c,In4Se4,3.071807037345124,20.07522704380986,17.118913415322513,Stable,True,,3.230414390563965,3.22,17.094561638609704,False,False,2.935809794029955,0.14819296265487614,0.8515251957701153,False,20-30
In2Se2-178396d52e5c-2-1_0_0_1-0.33_0.67,In2Se2-178396d52e5c,In4Se4,3.7898774107963646,13.74276320131708,10.176445089879463,-,True,,3.2095837593078613,4.01,9.575178720494725,False,False,2.9376462547774196,0.22012258920363514,0.696743339038037,False,10-15
In2Se2-178396d52e5c-2-1_-1_1_0--0.33_0.33,In2Se2-178396d52e5c,In4Se4,3.7964053232822814,13.6862114710357,10.119987854865643,-,True,,3.244180202484131,4.01,9.580049215196958,False,False,2.9403906397479314,0.21359467671771837,0.699978166746242,False,10-15
Pd2Te2-51a4897edf43-2-1_0_0_1--0.33_-0.67,Pd2Te2-51a4897edf43,Pd4Te4,2.587978745391979,52.08005848968551,47.982513545778495,Stable,True,,3.33380389213562,2.66,46.26885949128306,False,False,5.03653934899948,0.07202125460802122,0.8884179632871694,False,>30
Pd2Te2-51a4897edf43-2--1_0_0_-1--0.67_-0.33,Pd2Te2-51a4897edf43,Pd4Te4,2.9894353524459465,50.9161437881751,47.12462909226657,Stable,True,,3.311002016067505,3.1100000000000003,38.42429785911738,False,False,5.046296188246782,0.12056464755405383,0.7546584442642167,False,>30
Pd2Te2-51a4897edf43-2-1_0_0_1-0.33_0.67,Pd2Te2-51a4897edf43,Pd4Te4,2.9788707048918948,49.25985727023569,45.73178906272226,Stable,True,,3.3817005157470703,3.0900000000000003,38.209260243043566,False,False,5.048800294778039,0.11112929510810554,0.7756672950437224,False,>30
Pd2Te2-51a4897edf43-2-1_0_0_1-0.79_0.58,Pd2Te2-51a4897edf43,Pd4Te4,2.661931278270343,47.38068350900374,43.73577020269243,-,True,,3.2991783618927,2.7,44.224015036205095,False,False,5.041719893282277,0.03806872172965736,0.9333764682352296,False,>30
Pd2Te2-51a4897edf43-2-1_0_0_1-0.5_0,Pd2Te2-51a4897edf43,Pd4Te4,2.8415302866892223,46.628822151408,43.194562313174366,-,True,,3.305785655975342,2.8600000000000003,41.83435585217073,False,False,5.047032557608566,0.01846971331077807,0.8971780525858191,False,>30
Pd2Te2-51a4897edf43-2--1_0_0_-1-0.5_0,Pd2Te2-51a4897edf43,Pd4Te4,2.820400991581119,46.29653849056796,42.87007458153108,-,True,,4.052608251571655,2.87,39.66260734430758,False,False,5.046619295524882,0.04959900841888132,0.8567078368588633,False,>30
Pd2Te2-51a4897edf43-2--1_0_0_-1-Iz-0.5_0,Pd2Te2-51a4897edf43,Pd4Te4,2.8505988050079107,42.69541126126008,39.203836924703786,-,True,,5.855268716812134,2.87,37.914708393246315,False,False,5.044563637680383,0.019401194992089366,0.8880277124218368,False,>30
Se2Sn2-95443c1cf2fb-2-1_0_0_1-0.5_0,Se2Sn2-95443c1cf2fb,Sn4Se4,3.1529608703110217,27.05955796770559,25.380727982288207,Stable,True,,3.7747793197631836,3.0700000000000003,29.87757309617692,False,False,4.118229381360624,-0.0829608703110214,1.1041412107261512,False,20-30
Se2Sn2-95443c1cf2fb-2--1_0_0_-1-Iz-0_0.5,Se2Sn2-95443c1cf2fb,Sn4Se4,3.180056922970815,26.92874481794837,25.24963037009612,Unstable-Saddle,True,,3.1204147338867188,3.16,29.374506922713866,False,False,4.117204195167799,-0.02005692297081474,1.0908234721410173,False,20-30
Se2Sn2-95443c1cf2fb-2--1_0_0_-1-Iz-0.5_0,Se2Sn2-95443c1cf2fb,Sn4Se4,3.2700339055067094,25.555848922325367,23.889389455818822,Unstable-Saddle,True,,3.236548900604248,3.2,27.31179886948458,False,False,4.116566545212032,-0.07003390550670918,1.068710296124236,False,20-30
Se2Sn2-95443c1cf2fb-2-1_0_0_1-0_-1.0,Se2Sn2-95443c1cf2fb,Sn4Se4,3.4498849126794706,23.29499131287669,21.6244138483226,-,True,,3.3230912685394287,3.41,23.88493214936719,False,False,4.11791317926614,-0.039884912679470474,1.0253247931526124,False,20-30
Se2Sn2-95443c1cf2fb-2--1_0_0_-1-Iz-0.5_0.5,Se2Sn2-95443c1cf2fb,Sn4Se4,3.4679832670856765,21.813200417499782,20.141464959649795,-,True,,3.276577949523926,3.39,22.974034706455694,False,False,4.120425577814451,-0.07798326708567638,1.0532170551197348,False,20-30
Se2Sn2-95443c1cf2fb-2--1_0_0_-1-0.5_0.5,Se2Sn2-95443c1cf2fb,Sn4Se4,3.4858757056938288,21.71975963346518,20.046877771658345,-,True,,3.2808773517608643,3.2800000000000002,26.63998089898089,False,False,4.11675705761783,-0.20587570569382851,1.226532031134211,False,20-30
Se2Sn2-95443c1cf2fb-2-1_0_0_1--0.5_-0.5,Se2Sn2-95443c1cf2fb,Sn4Se4,3.6388365760048496,19.08889555951189,16.93697120362476,-,True,,3.277355670928955,3.39,24.748235100770493,False,False,4.117767811901073,-0.24883657600484943,1.2964728642165253,False,15-20
S2Zn2-fdc73006aad8-2-1_0_0_1-0_0,S2Zn2-fdc73006aad8,Zn4S4,3.0382546415118945,22.390027496335605,20.63274346370483,Stable,True,,3.377410650253296,2.89,28.674842055570892,False,False,3.000023125715949,-0.14825464151189438,1.2806970451583355,False,20-30
S2Zn2-fdc73006aad8-2--1_0_0_-1--1.0_-1.0,S2Zn2-fdc73006aad8,Zn4S4,3.019127320755948,22.02104589801131,20.26349956200416,Stable,True,,3.3954293727874756,2.91,27.056014016842532,False,False,2.999346931214415,-0.109127320755948,1.2286434596317664,False,20-30
S2Zn2-fdc73006aad8-2-1_0_0_1--0.33_-0.67,S2Zn2-fdc73006aad8,Zn4S4,2.990436339622028,21.20509025068355,19.44818814360106,Stable,True,,3.4892070293426514,2.93,26.203594498394583,False,False,2.999045633881133,-0.06043633962202799,1.2357219039683127,False,20-30
S2Zn2-fdc73006aad8-2--1_0_0_-1-0.79_0.58,S2Zn2-fdc73006aad8,Zn4S4,3.0956366037797363,20.66988710093576,18.9123247058274,Unstable-Saddle,True,,3.77268385887146,2.97,25.57518793521393,False,False,3.0005580373922345,-0.12563660377973607,1.2373162857796207,False,20-30
S2Zn2-fdc73006aad8-2-1_0_0_1-0.79_0.58,S2Zn2-fdc73006aad8,Zn4S4,3.0956366037797363,20.277969446411625,18.52054201385767,Unstable-Saddle,True,,5.196858167648315,2.97,25.403751250866538,False,False,2.9999985676593512,-0.12563660377973607,1.2527758914915403,False,20-30
S2Zn2-fdc73006aad8-2--1_0_0_-1-0.5_0,S2Zn2-fdc73006aad8,Zn4S4,3.363419094362996,17.19412513771033,15.436528024174043,-,True,,5.591925859451294,3.22,20.816461343456904,False,False,3.0014650521437667,-0.14341909436299582,1.2106729000012935,False,15-20
S2Zn2-fdc73006aad8-2-1_0_0_1-0.5_0,S2Zn2-fdc73006aad8,Zn4S4,3.3729827547409705,17.068822121228663,15.311200278348409,-,True,,4.625516891479492,3.24,20.628765515761422,False,False,3.001188259767809,-0.13298275474097032,1.2085640924282186,False,15-20
S2Zn2-fdc73006aad8-2-1_0_0_1-0.33_0.67,S2Zn2-fdc73006aad8,Zn4S4,3.602510603812336,14.803020274933704,13.045578544408428,-,True,,3.3750228881835938,3.49,15.572908323641707,False,False,3.0011333872382684,-0.11251060381233557,1.0520088491678736,False,10-15
S2Zn2-fdc73006aad8-2--1_0_0_-1--0.67_-0.33,S2Zn2-fdc73006aad8,Zn4S4,3.621637924568283,14.631314033226896,12.570213407460631,-,True,,3.334596633911133,3.47,15.859696873412537,False,False,3.001508456595429,-0.15163792456828284,1.0839557429630757,False,10-15
Se2V2-774adf863910-2-1_0_0_1--1.0_0,Se2V2-774adf863910,V4Se4,3.1331180282637607,26.04679773799013,25.95501106832073,Stable,True,,3.4939773082733154,2.47,31.447044451682928,False,False,4.856500485529544,-0.6631180282637605,1.2073286231964075,False,20-30
Se2V2-774adf863910-2-1_0_0_1--0.33_-0.67,Se2V2-774adf863910,V4Se4,3.085940505512303,25.80585563634381,25.711792445588667,Stable,True,,3.4426724910736084,2.5500000000000003,34.51188215069848,False,False,4.858113819363502,-0.5359405055123028,1.337366318599934,False,20-30
Se2V2-774adf863910-2--1_0_0_-1-0_-1.0,Se2V2-774adf863910,V4Se4,3.1263783821564086,25.61691505029334,25.548753970830614,Stable,True,,3.446265935897827,2.43,35.61497134870158,False,False,4.858387336900447,-0.6963783821564085,1.390291191534156,False,20-30
Se2V2-774adf863910-2-1_0_0_1-0.79_0.58,Se2V2-774adf863910,V4Se4,3.139857674371111,24.93895849381048,24.8687008834104,Unstable-Saddle,True,,3.7633559703826904,2.64,29.816097634132305,False,False,4.859045536668603,-0.49985767437111095,1.1955630641725583,False,20-30
Se2V2-774adf863910-2--1_0_0_-1-0.79_0.58,Se2V2-774adf863910,V4Se4,3.1668162588005178,24.80069508891238,24.735813019659087,Unstable-Saddle,True,,4.207223892211914,2.5500000000000003,30.346054617966033,False,False,4.858888840174027,-0.6168162588005175,1.2235969398911246,False,20-30
Se2V2-774adf863910-2--1_0_0_-1-0.5_0,Se2V2-774adf863910,V4Se4,3.26791095041078,22.821611856864973,22.730901726194965,-,True,,5.1842360496521,2.8400000000000003,25.143476010690158,False,False,4.8612399363405245,-0.42791095041077964,1.1017397092014227,False,20-30
Se2V2-774adf863910-2-1_0_0_1-0.5_0,Se2V2-774adf863910,V4Se4,3.281390242625486,22.642078325967283,22.56112171642988,-,True,,5.540650367736816,2.8400000000000003,25.81461403940196,False,False,4.861971955911142,-0.44139024262548565,1.140116806759573,False,20-30
Se2V2-774adf863910-2--1_0_0_-1--0.67_-0.33,Se2V2-774adf863910,V4Se4,3.449881395309264,20.676021150119123,20.579276247828773,-,True,,4.996762037277222,3.0900000000000003,22.422446848641744,False,False,4.860299474959142,-0.35988139530926366,1.0844662367987836,False,20-30
Se2V2-774adf863910-2-1_0_0_1--0.67_0.67,Se2V2-774adf863910,V4Se4,3.470100333631315,20.42508370928534,20.347330451498483,-,True,,4.861335515975952,3.22,22.005503900074928,False,False,4.862459689590407,-0.2501003336313148,1.0773764364094685,False,20-30
BaI2-080cc67ae6c9-2-1_0_0_1--0.33_-0.67,BaI2-080cc67ae6c9,Ba2I4,3.1026885894538694,9.200983372744057,9.621758832359056,Stable,True,,4.72542142868042,3.0900000000000003,10.133351516274283,False,False,1.7350828100561886,-0.012688589453869081,1.101333532053994,False,<10
BaI2-080cc67ae6c9-2-1_-1_1_0--0.33_-0.67,BaI2-080cc67ae6c9,Ba2I4,3.138629595762721,8.757815749824614,9.17858413152908,Stable,True,,4.405446767807007,3.0500000000000003,9.212180629986324,False,False,1.732843760511384,-0.08862959576272056,1.0518810732197477,False,<10
BaI2-080cc67ae6c9-2-1_0_0_1-0_0,BaI2-080cc67ae6c9,Ba2I4,3.1899738904896573,8.200728995633975,8.621494076607858,Stable,True,,4.642776966094971,3.0500000000000003,8.939495899943191,False,False,1.734066633031771,-0.13997389048965703,1.0900855161416176,False,<10
BaI2-080cc67ae6c9-2-1_0_0_1--0.67_-0.33,BaI2-080cc67ae6c9,Ba2I4,4.278472938700654,4.315040756770196,4.335911788162204,-,True,,4.77323579788208,4.159999999999997,5.574929000567953,False,False,1.7518681396475482,-0.11847293870065734,1.2919759777056619,False,<10
BaI2-080cc67ae6c9-2-1_-1_1_0-0_0,BaI2-080cc67ae6c9,Ba2I4,4.283607368173348,4.282663337695104,4.303506618022457,-,True,,4.573949337005615,4.159999999999997,5.573610173040643,False,False,1.7553300470550441,-0.12360736817335116,1.3014355165354454,False,<10
BaBr2-74dc20d8f1ff-2-1_0_0_1--0.33_-0.67,BaBr2-74dc20d8f1ff,Ba2Br4,2.522370243916118,12.811681930838253,13.050319616053995,Stable,True,,4.712066888809204,2.22,14.644285546609177,False,False,1.4323435243183626,-0.3023702439161178,1.143041610435221,False,10-15
BaBr2-74dc20d8f1ff-2-1_-1_1_0--0.33_-0.67,BaBr2-74dc20d8f1ff,Ba2Br4,2.6561065756196065,11.027471775209468,11.266215057939016,Stable,True,,4.599227666854858,2.5300000000000002,11.561610512215521,False,False,1.431672862747634,-0.12610657561960625,1.0484370985384732,False,10-15
BaBr2-74dc20d8f1ff-2-1_0_0_1-0_0,BaBr2-74dc20d8f1ff,Ba2Br4,2.8376058829314825,8.935804556016048,9.174483352960818,-,True,,5.218623876571655,2.8000000000000003,10.00786991210559,False,False,1.4301424569446297,-0.03760588293148226,1.119974127608663,False,<10
BaBr2-74dc20d8f1ff-2-1_0_0_1--0.67_-0.33,BaBr2-74dc20d8f1ff,Ba2Br4,3.945706917046087,4.519310908796889,4.758072514843663,-,True,,6.662752389907837,4.03,4.470632233040828,False,False,1.4400098937127062,0.08429308295391325,0.9892287393502164,False,<10
BaBr2-74dc20d8f1ff-2-1_-1_1_0-0_0,BaBr2-74dc20d8f1ff,Ba2Br4,3.964812107289445,4.413183920873067,4.335545857719126,-,True,,7.142724514007568,4.03,4.471330922272633,False,False,1.4391501504914783,0.06518789271055514,1.0131757484940858,False,<10
Hf2Br4-69aac3df8db3-2--1_0_0_-1--0.5_-0.11,Hf2Br4-69aac3df8db3,Hf4Br8,2.8758315417987177,19.11129593590935,16.70755530022747,Stable,True,,6.431167125701904,3.2,18.9460041172665,False,False,2.73533431926971,0.3241684582012825,0.991351093133759,False,15-20
Hf2Br4-69aac3df8db3-2-1_0_0_1--0.5_-0.76,Hf2Br4-69aac3df8db3,Hf4Br8,2.8758315417987177,19.051080415048023,16.64678346273289,Stable,True,,6.32013726234436,3.1700000000000004,18.541635180967425,False,False,2.736336169423106,0.2941684582012827,0.9732589846359475,False,15-20
Hf2Br4-69aac3df8db3-2-1_0_0_1-0.5_-0.55,Hf2Br4-69aac3df8db3,Hf4Br8,2.8796788910385445,18.99668668392949,16.594031737724574,Stable,True,,6.397373914718628,3.22,19.966387324150574,False,False,2.736746406286498,0.34032110896145573,1.0510457774218815,False,15-20
Hf2Br4-69aac3df8db3-2-1_0_0_1-0.5_-0.54,Hf2Br4-69aac3df8db3,Hf4Br8,2.882869706769222,18.985636048557883,16.583002611099868,Unstable-shifted,True,,6.527421474456787,3.22,19.897891645101588,False,False,2.737051880115686,0.33713029323077803,1.048049777959006,False,15-20
Hf2Br4-69aac3df8db3-2--1_0_0_-1--0.5_-0.12,Hf2Br4-69aac3df8db3,Hf4Br8,2.8767445736511235,18.36126704357407,16.697640974908847,Unstable-shifted,True,,6.3657004833221436,3.2,18.888184281358654,False,False,2.735753787369192,0.3232554263488767,1.028697215531702,False,15-20
Hf2Br4-69aac3df8db3-2-1_0_0_1--0.5_-0.77,Hf2Br4-69aac3df8db3,Hf4Br8,2.8767445736511235,18.3053198899859,16.641157115960784,Unstable-shifted,True,,9.386541843414307,2.99,18.504688600537524,False,False,2.736606926762674,0.11325542634887675,1.010891298909269,False,15-20
Hf2Br4-69aac3df8db3-2--1_0_0_-1-0_-0.24,Hf2Br4-69aac3df8db3,Hf4Br8,2.9710135597185445,18.184209219670304,15.78122369825683,Stable,True,,9.199390888214111,3.3400000000000003,17.681973681654533,False,False,2.741395203970032,0.3689864402814558,0.9723806775456317,False,15-20
Hf2Br4-69aac3df8db3-2-1_0_0_1-0_-0.42,Hf2Br4-69aac3df8db3,Hf4Br8,2.9780867404351525,18.156643417817847,15.753477973449495,Stable,True,,7.494066953659058,3.0900000000000003,18.347036777347746,False,False,2.739527392514657,0.11191325956484777,1.0104861540290568,False,15-20
Hf2Br4-69aac3df8db3-2-1_0_0_1-0.5_0.38,Hf2Br4-69aac3df8db3,Hf4Br8,2.904757170548596,18.10313022184848,16.44000694764934,Unstable-Saddle,True,,7.076320648193359,3.18,19.73326384427505,False,False,2.7348227941992893,0.275242829451404,1.0900470582959834,False,15-20
Hf2Br4-69aac3df8db3-2--1_0_0_-1-0.5_0,Hf2Br4-69aac3df8db3,Hf4Br8,2.904757170548596,18.098768324670267,16.434870276257325,Unstable-Saddle,True,,7.6893205642700195,3.2,18.845234208807476,False,False,2.7340448853774473,0.295242829451404,1.0412440156560105,False,15-20
Hf2Br4-69aac3df8db3-2-1_0_0_1-0.5_-0.5,Hf2Br4-69aac3df8db3,Hf4Br8,2.8879496124101145,18.02946271864249,16.366982588180367,Unstable-shifted,True,,8.046672821044922,3.2,19.466142484432098,False,False,2.7369720602802694,0.3120503875898857,1.0796851125410454,False,15-20
Hf2Br4-69aac3df8db3-2--1_0_0_-1-0_-0.27,Hf2Br4-69aac3df8db3,Hf4Br8,2.971987403102526,17.335406747117855,15.672587535913392,Unstable-shifted,True,,9.42586374282837,3.3800000000000003,17.46958823464534,False,False,2.742189929480555,0.4080125968974744,1.0077403137685128,False,15-20
Hf2Br4-69aac3df8db3-2-1_0_0_1-0_-0.38,Hf2Br4-69aac3df8db3,Hf4Br8,2.983192441861517,17.26681171980993,15.60338907077768,Unstable-shifted,True,,7.85847806930542,3.0700000000000003,18.125578948630572,False,False,2.742209753663853,0.08680755813848329,1.0497351359797011,False,15-20
Hf2Br4-69aac3df8db3-2-1_0_0_1-0_0.5,Hf2Br4-69aac3df8db3,Hf4Br8,3.0784352713129195,16.64235525552501,14.979551238296407,Unstable-Saddle,True,,7.260288238525391,3.18,18.032766021258656,False,False,2.736286729485695,0.10156472868708066,1.0835465139630431,False,15-20
Hf2Br4-69aac3df8db3-2--1_0_0_-1--0.5_-0.77,Hf2Br4-69aac3df8db3,Hf4Br8,3.039217635656458,16.406472901719802,14.743850617221865,Unstable-Saddle,True,,7.880605697631836,3.3200000000000003,17.253811314760597,False,False,2.7403982750436304,0.2807823643435423,1.0516465920564788,False,15-20
Hf2Br4-69aac3df8db3-2-1_0_0_1-0.5_0.11,Hf2Br4-69aac3df8db3,Hf4Br8,3.0616277131744347,16.17524353516161,14.513273982588938,Unstable-Saddle,True,,8.08030104637146,3.12,16.898195161250815,False,False,2.741575062877141,0.05837228682556539,1.0446949453662109,False,15-20
Hf2Br4-69aac3df8db3-2--1_0_0_-1-0_-0.88,Hf2Br4-69aac3df8db3,Hf4Br8,3.140062984487354,16.134592931207436,14.471485397038752,Unstable-Max,True,,7.786334753036499,3.3800000000000003,17.692753590166067,False,False,2.7349170708825445,0.23993701551264612,1.096572666295463,False,15-20
Hf2Br4-69aac3df8db3-2-1_0_0_1-0_0,Hf2Br4-69aac3df8db3,Hf4Br8,3.095242829451399,15.905913023943448,14.244800139546028,Unstable-shifted,True,,9.04284954071045,3.5100000000000002,16.95875345280434,False,False,2.7448791426924903,0.4147571705486013,1.0661917632314495,False,15-20
Hf2Br4-69aac3df8db3-2-1_0_0_1-0_0.27,Hf2Br4-69aac3df8db3,Hf4Br8,3.184883139523308,15.740888456690216,14.077462787275222,Unstable-Max,True,,8.721291542053223,3.3600000000000003,18.086306287865114,False,False,2.7347379502903584,0.17511686047669217,1.1490016168800208,False,15-20
Hf2Br4-69aac3df8db3-2-1_0_0_1-0_-0.27,Hf2Br4-69aac3df8db3,Hf4Br8,3.1680755813848265,15.538864597096222,13.875263343388614,Unstable-Saddle,True,,7.86006760597229,3.1100000000000003,16.363994208499857,False,False,2.748140600091453,-0.05807558138482616,1.0531010233243059,False,15-20
Hf2Br4-69aac3df8db3-2-1_0_0_1-0_-0.62,Hf2Br4-69aac3df8db3,Hf4Br8,3.2128957364207817,15.530038916055435,13.867024125473524,Unstable-Max,True,,8.523975610733032,3.3200000000000003,18.04735485244384,False,False,2.7355775644116997,0.10710426357921854,1.162093343744678,False,15-20
Hf2Br4-69aac3df8db3-2--1_0_0_-1-0_0,Hf2Br4-69aac3df8db3,Hf4Br8,3.229703294559263,15.42680519953073,13.763699933633877,Unstable-Max,True,,7.242565870285034,3.3200000000000003,17.96620820441137,False,False,2.734175658711074,0.09029670544073731,1.1646097796683066,False,15-20
Hf2Br4-69aac3df8db3-2--1_0_0_-1-0_-0.61,Hf2Br4-69aac3df8db3,Hf4Br8,3.173678100764322,15.40222009887188,13.739793160161629,Unstable-Saddle,True,,7.433934450149536,3.45,15.976984095195917,False,False,2.7472752086322845,0.2763218992356782,1.0373169577265122,False,15-20
Hf2Br4-69aac3df8db3-2-1_0_0_1--0.5_-0.38,Hf2Br4-69aac3df8db3,Hf4Br8,3.1960881782822987,15.23005755616762,13.567071513526422,-,True,,7.5447657108306885,3.49,17.44729679906173,False,False,2.7397590396756137,0.29391182171770147,1.1455831164601349,False,15-20
Hf2Br4-69aac3df8db3-2--1_0_0_-1-0_0.5,Hf2Br4-69aac3df8db3,Hf4Br8,3.2801259689747138,14.600448023644285,12.938180279559855,-,True,,7.648718357086182,3.3000000000000003,15.527517547054652,False,False,2.7501417583941072,0.01987403102528651,1.0634959640902149,False,10-15
Hf2Br4-69aac3df8db3-2-1_0_0_1-0.5_0,Hf2Br4-69aac3df8db3,Hf4Br8,3.4257914728415635,13.519172352421943,11.8579489894852,-,True,,7.350127696990967,3.6100000000000003,15.362326553485758,False,False,2.746921170022971,0.18420852715843683,1.13633631948879,False,10-15
Hf2Br4-69aac3df8db3-2-1_0_0_1-0.5_-0.23,Hf2Br4-69aac3df8db3,Hf4Br8,3.554649418569932,12.737829325757032,11.075351822799478,-,True,,8.27323603630066,3.5900000000000003,15.707584562846561,False,False,2.7482498734076426,0.035350581430068306,1.2331445304487176,False,10-15
Hf2Br4-69aac3df8db3-2-1_0_0_1--0.5_-0.11,Hf2Br4-69aac3df8db3,Hf4Br8,3.593867054226392,12.446679313946577,10.784943403606125,-,True,,10.06005048751831,3.5700000000000003,15.197205068537079,False,False,2.7491883890606106,-0.023867054226391904,1.2209847048528455,False,10-15
Hf2Br4-69aac3df8db3-2--1_0_0_-1--0.5_-0.5,Hf2Br4-69aac3df8db3,Hf4Br8,3.6106746123648734,12.303481118370012,9.901591161126452,-,True,,8.056276321411133,3.5700000000000003,15.44490719761809,False,False,2.7496594816521487,-0.04067461236487313,1.2553282318251942,False,10-15
HfTe2-59c0e014651d-2--1_0_0_-1-Iz-0_0,HfTe2-59c0e014651d,Hf2Te4,3.1570047030164226,25.44639678269644,24.34967815905205,Stable,True,,6.789825201034546,2.8000000000000003,36.5382659195408,False,False,5.007640497348044,-0.3570047030164223,1.4358915421922067,False,20-30
HfTe2-59c0e014651d-2-1_0_0_1--0.67_-0.33,HfTe2-59c0e014651d,Hf2Te4,3.3297103090254314,23.67625629667044,22.582388738999203,Stable,True,,6.296625375747681,2.95,32.11849887255233,False,False,5.007187349430445,-0.37971030902543124,1.3565699944323169,False,20-30
HfTe2-59c0e014651d-2--1_0_0_-1-Iz--0.33_-0.67,HfTe2-59c0e014651d,Hf2Te4,3.39774556357467,22.966029429631927,21.87437725882905,Stable,True,,5.991253614425659,3.0700000000000003,29.009850018984853,False,False,5.007103950347805,-0.3277455635746698,1.2631634958002311,False,20-30
HfTe2-59c0e014651d-2-1_0_0_1-0_0,HfTe2-59c0e014651d,Hf2Te4,4.004831417982265,16.036587984124814,14.143451977770033,-,True,,6.6160993576049805,3.37,18.49632335281323,False,False,5.008457320180208,-0.634831417982265,1.15338271277677,False,15-20
HfTe2-59c0e014651d-2--1_0_0_-1-Iz-0.33_-0.33,HfTe2-59c0e014651d,Hf2Te4,4.010064708907613,15.99751868570955,14.106231994945462,-,True,,6.668280363082886,3.37,18.489471912618008,False,False,5.008087457434322,-0.6400647089076132,1.1557712340185917,False,15-20
HgBr2-978e95bef964-2--1_0_0_-1-Iz--0.5_0.5,HgBr2-978e95bef964,Hg2Br4,2.449040943168159,12.531544117343064,11.615477841088197,Stable,True,,6.875838994979858,2.24,11.014948720344588,False,False,1.2594951262767797,-0.20904094316815858,0.878977771390552,False,10-15
HgBr2-978e95bef964-2-1_0_0_1-0_0,HgBr2-978e95bef964,Hg2Br4,2.52774962367433,11.568172265032985,10.65172943283062,Stable,True,,5.079598426818848,2.3400000000000003,9.82884242893994,False,False,1.259672082926012,-0.18774962367432968,0.8496452338153277,False,10-15
HgBr2-978e95bef964-2--1_0_0_-1-Iz-0_-0.5,HgBr2-978e95bef964,Hg2Br4,3.1279008591363144,8.986307771075952,8.070461704098118,-,True,,4.940353870391846,2.89,6.27095361575803,False,False,1.2637797515234874,-0.2379008591363143,0.6978342802749559,False,<10
HgBr2-978e95bef964-2-1_0_0_1-0_-0.5,HgBr2-978e95bef964,Hg2Br4,3.2066095396424856,8.39659764270095,7.480047459855145,-,True,,5.33871054649353,3.12,5.351188059892356,False,False,1.2636091153501834,-0.08660953964248552,0.6373043329692083,False,<10
HgBr2-978e95bef964-2--1_0_0_-1-Iz--0.5_0,HgBr2-978e95bef964,Hg2Br4,3.304994750258441,7.766298209526225,6.849646660815761,-,True,,6.497127294540405,3.2600000000000002,4.876458146161654,False,False,1.2634386874891788,-0.044994750258440686,0.6278999356707856,False,<10
HgBr2-978e95bef964-2-1_0_0_1--0.5_0.5,HgBr2-978e95bef964,Hg2Br4,3.7772454110360014,6.263564956277738,5.3468456677107845,-,True,,6.31031346321106,3.97,3.196679755765607,False,False,1.2687236055402917,0.19275458896399877,0.5103610768116477,False,<10
HgBr2-978e95bef964-2--1_0_0_-1-Iz-0_0,HgBr2-978e95bef964,Hg2Br4,3.80676077510447,6.064424367177731,4.651341073816735,-,True,,5.522790431976318,3.97,3.1989142035182736,False,False,1.2689007949705686,0.1632392248955301,0.5274885149580962,False,<10
Os2Se4-a27442d3eef5-2--1_0_0_-1-0.5_0,Os2Se4-a27442d3eef5,Os4Se8,2.5152447292788604,32.31417257889882,30.63579826137212,Stable,True,,6.585057497024536,2.45,34.7006820438016,False,False,3.876126285064894,-0.06524472927886027,1.0738533366149432,False,>30
Os2Se4-a27442d3eef5-2-1_0_0_1--0.5_-0.71,Os2Se4-a27442d3eef5,Os4Se8,2.6004951094339592,31.51111648861278,29.03386572814379,Unstable-shifted,True,,6.397535562515259,2.49,33.60420248327958,False,False,3.876011361528635,-0.11049510943395902,1.0664237332061268,False,>30
Os2Se4-a27442d3eef5-2-1_0_0_1--0.5_-0.76,Os2Se4-a27442d3eef5,Os4Se8,2.630702148955063,31.38276877833087,28.9056023442926,Unstable-shifted,True,,6.659407615661621,2.5300000000000002,34.8854748197057,False,False,3.8772134883059515,-0.10070214895506258,1.11161239679379,False,>30
Os2Se4-a27442d3eef5-2-1_0_0_1--0.5_-0.79,Os2Se4-a27442d3eef5,Os4Se8,2.643853270490593,30.409010122226032,28.730601210199843,Unstable-shifted,True,,6.574454069137573,2.5300000000000002,35.775912692181166,False,False,3.878127187342766,-0.1138532704905928,1.1764905384418431,False,>30
Os2Se4-a27442d3eef5-2-1_0_0_1-0_0,Os2Se4-a27442d3eef5,Os4Se8,2.4855658351530785,30.392096743600074,28.71398174048868,Stable,True,,7.502310514450073,2.47,28.555700555435966,False,False,3.88404029165428,-0.0155658351530783,0.9395765220262134,False,>30
Os2Se4-a27442d3eef5-2--1_0_0_-1-0_-0.29,Os2Se4-a27442d3eef5,Os4Se8,2.673532164616377,28.02814852506513,26.34988032295966,-,True,,10.609750032424927,2.5900000000000003,30.53195482254778,False,False,3.8827035717415765,-0.08353216461637691,1.0893318477759435,False,20-30
Os2Se4-a27442d3eef5-2-1_0_0_1-0.5_0.1,Os2Se4-a27442d3eef5,Os4Se8,2.7625688469937284,27.618721012514385,25.939996615714943,-,True,,11.612917423248291,2.5700000000000003,35.0523228260808,False,False,3.8810797241954664,-0.19256884699372812,1.2691508346892006,False,20-30
Os2Se4-a27442d3eef5-2--1_0_0_-1--0.5_-0.79,Os2Se4-a27442d3eef5,Os4Se8,2.7427829175765392,27.35071226016853,25.671954283302824,-,True,,10.855098724365234,2.66,30.00745129661803,False,False,3.8797768327584587,-0.0827829175765391,1.0971360091531717,False,20-30
Os2Se4-a27442d3eef5-2-1_0_0_1-0.5_-0.5,Os2Se4-a27442d3eef5,Os4Se8,2.693318094033568,27.25222256463984,25.57341011622279,-,True,,10.537142276763916,2.6100000000000003,26.804260498196143,False,False,3.878233592999211,-0.08331809403356782,0.9835623657710423,False,20-30
Os2Se4-a27442d3eef5-2--1_0_0_-1-0_-0.6,Os2Se4-a27442d3eef5,Os4Se8,2.7328899528679464,26.431632888323183,24.753150404219976,-,True,,11.134002685546875,2.66,29.088050705734624,False,False,3.8857937492940615,-0.0728899528679463,1.1005014646138256,False,20-30
Os2Se4-a27442d3eef5-2-1_0_0_1-0_-0.29,Os2Se4-a27442d3eef5,Os4Se8,2.8614984940796724,24.803576546282976,23.12507776369076,-,True,,9.799256801605225,2.7600000000000002,30.304553487237925,False,False,3.8854021412186386,-0.10149849407967215,1.221781601967371,False,20-30
Os2Se4-a27442d3eef5-2--1_0_0_-1-0_-0.89,Os2Se4-a27442d3eef5,Os4Se8,3.098929647085944,22.834873759126552,21.15575009261722,-,True,,8.035470962524414,2.87,27.501276767341704,False,False,3.8782476296399633,-0.22892964708594388,1.2043542284244118,False,20-30
PbBr2-cbdc15b42a05-2-1_0_0_1--0.67_-0.33,PbBr2-cbdc15b42a05,Pb2Br4,3.041768501769429,11.208830388182442,10.377420101570634,Stable,True,,5.891160726547241,2.97,9.552585933728073,False,False,1.71145829976208,-0.07176850176942873,0.8522375308488421,False,10-15
PbBr2-cbdc15b42a05-2--1_0_0_-1-Iz-0_0,PbBr2-cbdc15b42a05,Pb2Br4,3.0365474390482525,11.1366930507479,10.305408661701913,Stable,True,,6.071615219116211,2.97,9.2930767414201,False,False,1.7123335835327023,-0.06654743904825233,0.8344556771990775,False,10-15
PbBr2-cbdc15b42a05-2--1_0_0_-1-Iz--0.33_-0.67,PbBr2-cbdc15b42a05,Pb2Br4,3.067873815375324,11.0560835632873,10.224845609807424,Stable,True,,5.485190391540527,2.99,9.917514158051638,False,False,1.7112006602946825,-0.07787381537532401,0.8970187409747533,False,10-15
PbBr2-cbdc15b42a05-2--1_0_0_-1-Iz-0.33_-0.33,PbBr2-cbdc15b42a05,Pb2Br4,3.851033223552097,7.195058288636772,5.791434035595757,-,True,,5.5256524085998535,3.99,4.940258066808051,False,False,1.7171807349393657,0.13896677644790323,0.686618213310412,False,<10
PbBr2-cbdc15b42a05-2-1_0_0_1-0_0,PbBr2-cbdc15b42a05,Pb2Br4,3.856254286273272,7.1484513020841405,5.744877896897688,-,True,,5.561046838760376,3.99,4.940150203058727,False,False,1.7177984119925223,0.13374571372672817,0.6910797869768547,False,<10
PbSe2-0bc5d11454a7-2--1_0_0_-1-Iz-0_0,PbSe2-0bc5d11454a7,Pb2Se4,2.4573983111834323,19.08209926588733,18.119261005292245,Stable-flat,True,,8.315690994262695,2.3600000000000003,14.18799365096762,False,False,1.7405666559770971,-0.09739831118343201,0.7435237314969428,False,15-20
PbSe2-0bc5d11454a7-2-1_0_0_1--0.67_-0.33,PbSe2-0bc5d11454a7,Pb2Se4,2.6523957931018867,16.881895230920925,15.918175402214084,Unstable-Max,True,,7.252312421798706,2.8400000000000003,12.908449332825382,False,False,1.7418937123365197,0.18760420689811363,0.7646327119233765,False,15-20
PbSe2-0bc5d11454a7-2--1_0_0_-1-Iz--0.33_-0.67,PbSe2-0bc5d11454a7,Pb2Se4,2.813480669469305,15.254325722814842,14.290776290369031,-,True,,7.179358005523682,2.95,13.423687207802235,False,False,1.7438005996826207,0.1365193305306951,0.8799921708584832,False,15-20
PbSe2-0bc5d11454a7-2--1_0_0_-1-Iz-0.33_-0.33,PbSe2-0bc5d11454a7,Pb2Se4,3.169563027755178,11.163155788928012,10.19914980497911,-,True,,7.106165885925293,3.0300000000000002,17.856257108069535,False,False,1.751551421078277,-0.1395630277551776,1.59957071689172,False,10-15
PbSe2-0bc5d11454a7-2-1_0_0_1-0_0,PbSe2-0bc5d11454a7,Pb2Se4,3.186519330530693,10.975375877846968,9.57113422296486,-,True,,6.470788955688477,3.0700000000000003,18.122570829503005,False,False,1.7521312823439923,-0.11651933053069286,1.651202749792119,False,10-15
Ru2Se4-7bbcf668755a-2-1_0_0_1-0_0.01,Ru2Se4-7bbcf668755a,Ru4Se8,2.373573553905665,31.75585528824008,29.75654686257343,Stable,True,,7.451285362243652,2.3600000000000003,29.060274840233863,False,False,3.7283147926936744,-0.013573553905664504,0.9151154826869219,False,>30
Ru2Se4-7bbcf668755a-2--1_0_0_-1-0.5_0,Ru2Se4-7bbcf668755a,Ru4Se8,2.4765276771139604,31.716930524045747,30.26256939442428,Unstable-Saddle,True,,8.11087155342102,2.49,32.0733965152769,False,False,3.7190302778962683,0.013472322886039834,1.01123898136867,False,>30
Ru2Se4-7bbcf668755a-2-1_0_0_1-0_0,Ru2Se4-7bbcf668755a,Ru4Se8,2.367882478024402,31.187310368798265,29.735956461599766,Unstable-shifted,True,,9.130587339401245,2.3600000000000003,29.013679645396678,False,False,3.728759955557064,-0.007882478024401784,0.930304001925853,False,>30
Ru2Se4-7bbcf668755a-2-1_0_0_1--0.5_-0.76,Ru2Se4-7bbcf668755a,Ru4Se8,2.6091889491015348,30.38739558142252,28.3825016917716,Unstable-shifted,True,,8.42238974571228,2.5500000000000003,31.99791469764177,False,False,3.7199984660431316,-0.059188949101534494,1.052999577140591,False,>30
Ru2Se4-7bbcf668755a-2-1_0_0_1--0.5_-0.79,Ru2Se4-7bbcf668755a,Ru4Se8,2.6148033850461214,29.77604323727196,28.31868607776196,Unstable-shifted,True,,8.61026644706726,2.5500000000000003,32.38481984617976,False,False,3.720327928869653,-0.06480338504612115,1.0876132731310075,False,20-30
Ru2Se4-7bbcf668755a-2--1_0_0_-1-0_-0.29,Ru2Se4-7bbcf668755a,Ru4Se8,2.595049712484384,28.124028296835068,26.667181229059164,-,True,,10.242207765579224,2.5700000000000003,28.74602106607356,False,False,3.7252848739092816,-0.02504971248438359,1.0221160625595191,False,20-30
Ru2Se4-7bbcf668755a-2-1_0_0_1-0.5_0.1,Ru2Se4-7bbcf668755a,Ru4Se8,2.713571747854808,27.69817813612942,26.240088617528063,-,True,,9.276229858398438,2.6100000000000003,31.795932927453826,False,False,3.722640530781167,-0.1035717478548075,1.1479431163733944,False,20-30
Ru2Se4-7bbcf668755a-2--1_0_0_-1--0.5_-0.79,Ru2Se4-7bbcf668755a,Ru4Se8,2.683941239012201,27.218485541954223,25.760422536469715,-,True,,7.947811603546143,2.66,28.705988426286634,False,False,3.721932912921769,-0.02394123901220091,1.0546504647380028,False,20-30
Ru2Se4-7bbcf668755a-2-1_0_0_1-0.5_-0.5,Ru2Se4-7bbcf668755a,Ru4Se8,2.6148033850461214,27.02717988876831,25.569334409897355,-,True,,7.197487831115723,2.5300000000000002,27.27394278943133,False,False,3.721946779773438,-0.08480338504612117,1.0091301756853133,False,20-30
Ru2Se4-7bbcf668755a-2--1_0_0_-1-0_-0.6,Ru2Se4-7bbcf668755a,Ru4Se8,2.713571747854808,25.75160318882597,24.29407354356394,-,True,,7.458314657211304,2.68,27.41507200786118,False,False,3.7276139675033053,-0.033571747854807654,1.064596709060701,False,20-30
Ru2Se4-7bbcf668755a-2-1_0_0_1-0_0.5,Ru2Se4-7bbcf668755a,Ru4Se8,2.901231637191314,24.28533054939149,22.82671704529133,-,True,,8.102160453796387,2.64,29.190292887302554,False,False,3.722841608084461,-0.2612316371913139,1.2019722287878831,False,20-30
Ru2Se4-7bbcf668755a-2--1_0_0_-1-0_0.5,Ru2Se4-7bbcf668755a,Ru4Se8,2.792586438101756,23.97873647386704,22.51961981743254,-,True,,8.00060510635376,2.8000000000000003,26.319736543627542,False,False,3.727634211397578,0.007413561898244048,1.0976281662009928,False,20-30
Ru2Se4-7bbcf668755a-2-1_0_0_1-0_-0.29,Ru2Se4-7bbcf668755a,Ru4Se8,2.861724292067839,23.837750021733683,22.380647810700005,-,True,,7.790658473968506,2.7800000000000002,28.090789198586606,False,False,3.7261629352990266,-0.08172429206783871,1.1784161329393623,False,20-30
Ru2Se4-7bbcf668755a-2--1_0_0_-1-0_-0.9,Ru2Se4-7bbcf668755a,Ru4Se8,3.0592610176852126,22.530618031741124,21.071202813730835,-,True,,9.60726523399353,2.8200000000000003,27.071849620497694,False,False,3.720790537732009,-0.23926101768521235,1.201558234326235,False,20-30
Ru2Se4-7bbcf668755a-2-1_0_0_1-0_-0.61,Ru2Se4-7bbcf668755a,Ru4Se8,3.098768362808688,21.9014420077624,20.44169932707868,-,True,,10.912659883499146,2.7800000000000002,26.959346892329776,False,False,3.719243509670221,-0.3187683628086879,1.230939354713481,False,20-30
Ti2Cl4-66087709613c-2-1_0_0_1-0.5_-0.55,Ti2Cl4-66087709613c,Ti4Cl8,2.807785990187826,20.54313690705668,16.43954968039756,Stable,True,,9.672213792800903,3.5100000000000002,21.826347517626765,False,False,2.5080347546864035,0.7022140098121743,1.0624641999114213,False,20-30
Ti2Cl4-66087709613c-2-1_0_0_1-0.5_-0.54,Ti2Cl4-66087709613c,Ti4Cl8,2.8104548653653083,20.529718895281544,16.426241506020748,Unstable-shifted,True,,8.377311944961548,3.5100000000000002,21.81400747898109,False,False,2.508768344126269,0.6995451346346919,1.0625575338001692,False,20-30
Ti2Cl4-66087709613c-2--1_0_0_-1--0.5_-0.11,Ti2Cl4-66087709613c,Ti4Cl8,2.8113333400152936,20.28735980039341,16.41708291296256,Stable,True,,9.22031855583191,3.47,21.282990860289686,False,False,2.5086765317833444,0.6586666599847066,1.0490764234327312,False,20-30
Ti2Cl4-66087709613c-2-1_0_0_1--0.5_-0.78,Ti2Cl4-66087709613c,Ti4Cl8,2.821531537852307,20.180649838235983,16.310234656179578,Stable,True,,7.85693359375,3.3200000000000003,21.125019068181444,False,False,2.5068269979030493,0.49846846214769336,1.0467957790019318,False,20-30
Ti2Cl4-66087709613c-2-1_0_0_1-0.5_0.39,Ti2Cl4-66087709613c,Ti4Cl8,2.826630636770812,20.17623071686134,16.30551656843635,Unstable-Saddle,True,,7.507769584655762,3.45,21.766955720006003,False,False,2.507325716416806,0.6233693632291883,1.0788415351443859,False,20-30
Ti2Cl4-66087709613c-2--1_0_0_-1-0.5_0,Ti2Cl4-66087709613c,Ti4Cl8,2.8419279335263283,20.04417443726836,16.173253517485346,Unstable-Saddle,True,,7.074890851974487,3.39,21.396328047932183,False,False,2.507642911493226,0.5480720664736718,1.0674586830650281,False,20-30
Ti2Cl4-66087709613c-2-1_0_0_1-0.5_-0.5,Ti2Cl4-66087709613c,Ti4Cl8,2.826630636770812,20.02000111189837,16.148834093110125,Unstable-shifted,True,,7.34205961227417,3.49,21.656161164717773,False,False,2.5095978186014056,0.6633693632291884,1.0817262718255791,False,20-30
Ti2Cl4-66087709613c-2--1_0_0_-1-0_-0.26,Ti2Cl4-66087709613c,Ti4Cl8,2.8774826920512595,19.81294987116432,15.710540827057136,Stable,True,,7.054244756698608,3.41,20.61586504590191,False,False,2.5109774463299233,0.5325173079487406,1.040524766880178,False,15-20
Ti2Cl4-66087709613c-2-1_0_0_1-0_-0.41,Ti2Cl4-66087709613c,Ti4Cl8,2.8885360277254293,19.789148399366333,15.68577922117333,Stable,True,,7.161262273788452,3.41,20.86446849863287,False,False,2.510742279202252,0.5214639722745709,1.05433887692211,False,15-20
Ti2Cl4-66087709613c-2--1_0_0_-1-0_-0.28,Ti2Cl4-66087709613c,Ti4Cl8,2.8827207248743747,19.5344750520098,15.665047257200856,Unstable-shifted,True,,6.646054744720459,3.41,20.51275639023631,False,False,2.5111792196326936,0.5272792751256254,1.0500797352179607,False,15-20
Ti2Cl4-66087709613c-2-1_0_0_1-0_-0.39,Ti2Cl4-66087709613c,Ti4Cl8,2.88781982379288,19.49468281614582,15.62387566515382,Unstable-shifted,True,,7.082750558853149,3.43,20.72220192223843,False,False,2.5106005557794595,0.5421801762071201,1.0629668673078363,False,15-20
Ti2Cl4-66087709613c-2--1_0_0_-1--0.5_-0.78,Ti2Cl4-66087709613c,Ti4Cl8,2.9184144173039126,19.149789971958743,15.280045857922197,Unstable-Saddle,True,,6.536649942398071,3.43,20.944018158797572,False,False,2.5098454164535178,0.5115855826960876,1.0936944054982398,False,15-20
Ti2Cl4-66087709613c-2-1_0_0_1-0.5_0.11,Ti2Cl4-66087709613c,Ti4Cl8,2.933711714059428,18.982700739828875,15.113230932543734,Unstable-Saddle,True,,6.257001876831055,3.41,20.83870819544057,False,False,2.509589265485863,0.47628828594057193,1.097773624577955,False,15-20
Ti2Cl4-66087709613c-2-1_0_0_1-0_0,Ti2Cl4-66087709613c,Ti4Cl8,2.923513516222416,18.981593642009944,15.112780907718944,Unstable-shifted,True,,6.206747055053711,3.37,19.895220850302007,False,False,2.513295726805696,0.44648648377758393,1.0481322709527416,False,15-20
Ti2Cl4-66087709613c-2-1_0_0_1-0_0.5,Ti2Cl4-66087709613c,Ti4Cl8,2.9796036043259804,18.87368328413545,15.00296980652982,Unstable-Saddle,True,,6.22705078125,3.41,21.233679692850874,False,False,2.5094228739575097,0.43039639567401977,1.1250416451938214,False,15-20
Ti2Cl4-66087709613c-2-1_0_0_1-0_-0.28,Ti2Cl4-66087709613c,Ti4Cl8,3.0101981978370134,18.31810455325342,14.448053713315304,Unstable-Saddle,True,,6.206722974777222,3.45,20.027587579147678,False,False,2.51117447556301,0.4398018021629868,1.0933220476455159,False,15-20
Ti2Cl4-66087709613c-2--1_0_0_-1-0_-0.61,Ti2Cl4-66087709613c,Ti4Cl8,3.0101981978370134,18.294339123251262,14.425017361652786,Unstable-Saddle,True,,6.22367000579834,3.5300000000000002,19.75036101704095,False,False,2.512743899508091,0.5198018021629869,1.079588657670566,False,15-20
Ti2Cl4-66087709613c-2--1_0_0_-1-0_-0.89,Ti2Cl4-66087709613c,Ti4Cl8,3.0662882859405745,18.17059573721736,14.29951545233671,Unstable-Max,True,,7.009399175643921,3.45,20.83352382731613,False,False,2.5076698093511407,0.3837117140594257,1.14655150159136,False,15-20
Ti2Cl4-66087709613c-2-1_0_0_1-0_-0.61,Ti2Cl4-66087709613c,Ti4Cl8,3.1121801762071257,17.823368950960532,13.95257923616244,Unstable-Max,True,,6.9660773277282715,3.49,20.890678017797484,False,False,2.5091521403520893,0.3778198237928745,1.1720947973010258,False,15-20
Ti2Cl4-66087709613c-2-1_0_0_1--0.5_-0.39,Ti2Cl4-66087709613c,Ti4Cl8,3.081585582696091,17.79290115195492,13.922500086253102,Unstable-Saddle,True,,6.558977365493774,3.45,20.195977463321732,False,False,2.5111371899012944,0.3684144173039092,1.1350581499241783,False,15-20
Ti2Cl4-66087709613c-2-1_0_0_1-0_0.28,Ti2Cl4-66087709613c,Ti4Cl8,3.1223783740441355,17.744449903771972,13.874558880697592,Unstable-Max,True,,6.491684675216675,3.47,20.477816470324093,False,False,2.508137206661845,0.34762162595586465,1.1540406482801748,False,15-20
Ti2Cl4-66087709613c-2--1_0_0_-1-0_0.5,Ti2Cl4-66087709613c,Ti4Cl8,3.0866846816145976,17.670698117322722,13.801515459035146,Unstable-Saddle,True,,6.622939348220825,3.5700000000000003,19.525477333871933,False,False,2.514535603772527,0.48331531838540265,1.104963550632499,False,15-20
Ti2Cl4-66087709613c-2--1_0_0_-1-0_0,Ti2Cl4-66087709613c,Ti4Cl8,3.137675670799652,17.623750013378835,13.753353494348143,Unstable-Max,True,,7.258004188537598,3.5100000000000002,20.54484929243184,False,False,2.5076063793985632,0.3723243292003482,1.1657478843512585,False,15-20
Ti2Cl4-66087709613c-2-1_0_0_1-0.5_0,Ti2Cl4-66087709613c,Ti4Cl8,3.2090630556587296,16.775844811207143,12.673381437623185,-,True,,7.231955289840698,3.5900000000000003,19.358968523194786,False,False,2.514285580989215,0.3809369443412707,1.1539787558276637,False,15-20
Ti2Cl4-66087709613c-2-1_0_0_1--0.5_-0.11,Ti2Cl4-66087709613c,Ti4Cl8,3.3671351221324066,15.559085075529824,11.456091566695909,-,True,,6.658475637435913,3.7600000000000002,18.066472050703243,False,False,2.5133772872684155,0.3928648778675936,1.1611525975339547,False,15-20
Ti2Cl4-66087709613c-2-1_0_0_1-0.5_-0.22,Ti2Cl4-66087709613c,Ti4Cl8,3.37733331996942,15.526050456779586,11.423474786589765,,True,,6.395418882369995,3.7800000000000002,18.006530723959763,False,False,2.5136022868546846,0.40266668003058026,1.1597624762385756,False,15-20
Ti2Cl4-66087709613c-2--1_0_0_-1--0.5_-0.5,Ti2Cl4-66087709613c,Ti4Cl8,3.39772971564344,15.333780433999298,11.231188360210703,,True,,7.1439244747161865,3.7800000000000002,17.996376340015626,False,False,2.5134220861853502,0.3822702843565602,1.1736424958917897,False,15-20
TiSe2-509ef368050d-2--1_0_0_-1-Iz-0_0,TiSe2-509ef368050d,Ti2Se4,3.0584988717596016,29.086865903839687,25.266284219744268,Stable,True,,5.037854909896851,2.7800000000000002,35.54772654187422,False,False,4.54400832987725,-0.2784988717596013,1.2221229560927582,False,20-30
TiSe2-509ef368050d-2-1_0_0_1--0.67_-0.33,TiSe2-509ef368050d,Ti2Se4,3.1657468033189904,27.86549655649105,24.045140139175672,Stable,True,,4.73716139793396,2.8400000000000003,32.12812209191839,False,False,4.54291430891457,-0.3257468033189901,1.1529714543857428,False,20-30
TiSe2-509ef368050d-2--1_0_0_-1-Iz--0.33_-0.67,TiSe2-509ef368050d,Ti2Se4,3.22424567507859,27.21851244628456,23.39900877585919,Stable,True,,4.960218191146851,2.91,28.829973442221213,False,False,4.543272845630599,-0.31424567507859,1.0592045946345103,False,20-30
TiSe2-509ef368050d-2-1_0_0_1-0_0,TiSe2-509ef368050d,Ti2Se4,3.633737777396137,21.80329359405984,17.57949254253523,,True,,4.8740222454071045,3.16,24.540876948926364,False,False,4.547287478412902,-0.47373777739613665,1.1255582484846398,False,20-30
TiSe2-509ef368050d-2--1_0_0_-1-Iz-0.33_-0.33,TiSe2-509ef368050d,Ti2Se4,3.643487589356036,21.78611957347154,17.561829370394722,,True,,4.589230298995972,3.16,24.476528332266643,False,False,4.545834913802873,-0.48348758935603575,1.123491875169507,False,20-30
CuI2-fe94714b3303-2--1_0_0_-1-Iz--0.5_0.5,CuI2-fe94714b3303,Cu2I4,3.134013895895194,14.989551602064914,14.7013646026937,Stable,True,,4.95392370223999,2.7800000000000002,20.606355741163625,False,False,2.7224876708234844,-0.3540138958951937,1.374714620437676,False,10-15
CuI2-fe94714b3303-2-1_0_0_1-0_0,CuI2-fe94714b3303,Cu2I4,3.160020117402816,14.441493567721194,14.376357357911772,Stable,True,,4.8130409717559814,2.8400000000000003,20.580603152016717,False,False,2.7220002790339994,-0.3200201174028159,1.4251021236485755,False,10-15
CuI2-fe94714b3303-2--1_0_0_-1-Iz-0_-0.5,CuI2-fe94714b3303,Cu2I4,3.5501224205814825,11.565427175200249,11.164330840975271,-,True,,4.4283952713012695,3.16,15.729535080088095,False,False,2.7315692983215785,-0.3901224205814824,1.3600479119194961,False,10-15
CuI2-fe94714b3303-2-1_0_0_1-0_-0.5,CuI2-fe94714b3303,Cu2I4,3.654148990467785,10.570238148170931,10.52463315024682,-,True,,4.489107370376587,3.14,14.336147825942707,False,False,2.7312643530302356,-0.5141489904677847,1.3562748185028761,False,10-15
CuI2-fe94714b3303-2--1_0_0_-1-Iz--0.5_0,CuI2-fe94714b3303,Cu2I4,3.712664813037064,10.214247509328183,10.02034823110948,-,True,,4.474329710006714,3.18,12.412875430184537,False,False,2.730959481437219,-0.5326648130370639,1.215251091071413,False,10-15
CuI2-fe94714b3303-2--1_0_0_-1-Iz-0_0,CuI2-fe94714b3303,Cu2I4,4.115769946326905,8.005682183246131,7.959351229286373,-,True,,4.371051788330078,3.5300000000000002,9.670305722498265,False,False,2.738071648184263,-0.5857699463269048,1.2079302551799733,False,<10
CuI2-fe94714b3303-2-1_0_0_1--0.5_0.5,CuI2-fe94714b3303,Cu2I4,4.135274472136306,7.805449282295329,7.993126977681276,-,True,,4.51758337020874,3.5700000000000003,9.455136904707647,False,False,2.738558996054602,-0.5652744721363057,1.2113507580087945,False,<10
NCl2Sc2-db8061f698aa-2--1_0_0_-1--1.0_-1.0,NCl2Sc2-db8061f698aa,Sc4Cl4N2,3.1196500914007466,18.251214617253016,18.23375904412769,Stable,True,,5.995613098144531,3.0500000000000003,28.0318882547697,False,False,3.52526915524418,-0.0696500914007463,1.5358916566720409,False,15-20
NCl2Sc2-db8061f698aa-2-1_0_0_1--0.67_-0.33,NCl2Sc2-db8061f698aa,Sc4Cl4N2,3.1196500914007466,18.25062373494259,18.225807816564668,Stable,True,,5.762462854385376,3.0900000000000003,28.99631928623122,False,False,3.530333330345479,-0.02965009140074626,1.5887851126268608,False,15-20
NCl2Sc2-db8061f698aa-2-1_0_0_1-0_0,NCl2Sc2-db8061f698aa,Sc4Cl4N2,3.128044510635565,18.215627804712067,18.18742802322322,Stable,True,,5.788873910903931,2.99,26.883149726842234,False,False,3.521764798794054,-0.13804451063556478,1.4758288879776096,False,15-20
NCl2Sc2-db8061f698aa-2-1_0_0_1--0.33_-0.67,NCl2Sc2-db8061f698aa,Sc4Cl4N2,3.5225822146720134,14.94749440556674,14.932826164886208,-,True,,5.892089605331421,3.45,24.2519081394229,False,False,3.529495053185882,-0.0725822146720132,1.622473137062424,False,10-15
NCl2Sc2-db8061f698aa-2--1_0_0_-1--0.33_-0.67,NCl2Sc2-db8061f698aa,Sc4Cl4N2,3.5225822146720134,14.933643542275457,14.911721644776714,-,True,,5.719552755355835,3.45,24.321835489437266,False,False,3.5310548715307237,-0.0725822146720132,1.6286605087756982,False,10-15
HgH2S2-60c1ca2daded-2-1_0_0_1-Iz-0.44_-0.45,HgH2S2-60c1ca2daded,Hg2H4S4,1.6234770658161786,14.168397114291672,14.322976686623386,Unstable-Saddle,True,,5.839532136917114,1.7600000000000002,21.04813593603944,False,False,0.8629424857065912,0.13652293418382166,1.4855693107873276,False,10-15
HgH2S2-60c1ca2daded-2--1_0_0_-1-Iz--0.17_-0.11,HgH2S2-60c1ca2daded,Hg2H4S4,1.6780314577582889,13.462591970991102,13.22699081360036,Stable,True,,5.518099069595337,1.9500000000000002,18.202857832324874,False,False,0.8623405965976976,0.2719685422417113,1.352106479313047,False,10-15
HgH2S2-60c1ca2daded-2--1_0_0_-1-Iz--0.18_-0.1,HgH2S2-60c1ca2daded,Hg2H4S4,1.6903586443201934,13.45221216649821,13.216637073343088,Unstable-shifted,True,,5.773190975189209,1.9700000000000002,18.19151412583944,False,False,0.8622428267445509,0.27964135567980675,1.3523065129127334,False,10-15
HgH2S2-60c1ca2daded-2--1_0_0_-1-Iz--0.22_-0.09,HgH2S2-60c1ca2daded,Hg2H4S4,1.7512378860682531,12.86956331517534,13.02421261608812,Unstable-shifted,True,,3.8731157779693604,1.9700000000000002,17.95847605466024,False,False,0.8618579778584918,0.21876211393174705,1.3954223321225074,False,10-15
HgH2S2-60c1ca2daded-2-1_0_0_1-0.01_-0.01,HgH2S2-60c1ca2daded,Hg2H4S4,1.7098293495881265,12.76987531352635,12.533843110669803,Stable,True,,3.338463306427002,1.9300000000000002,17.195019999191455,False,False,0.8640379758145912,0.22017065041187367,1.3465299838110258,False,10-15
HgH2S2-60c1ca2daded-2-1_0_0_1-0_0,HgH2S2-60c1ca2daded,Hg2H4S4,1.7066099668353658,12.36322014487873,12.51742904877643,Unstable-shifted,True,,3.390254497528076,1.9500000000000002,17.030503162614462,False,False,0.8640519395323675,0.24339003316463437,1.3775135412167745,False,10-15
HgH2S2-60c1ca2daded-2--1_0_0_-1-Iz--0.04_-0.16,HgH2S2-60c1ca2daded,Hg2H4S4,1.715748769331567,11.6936646728282,11.848158672579226,Unstable-Saddle,True,,3.3960185050964355,1.9100000000000001,17.272452085645767,False,False,0.8629261517248239,0.1942512306684332,1.4770777655169665,False,10-15
HgH2S2-60c1ca2daded-2--1_0_0_-1-0.4_-0.61,HgH2S2-60c1ca2daded,Hg2H4S4,1.86985990382413,10.79697833552058,10.951133885463811,-,True,,3.313563108444214,2.0300000000000002,15.08001568072098,False,False,0.8641787330840014,0.16014009617587033,1.3966885189636618,False,10-15
HgH2S2-60c1ca2daded-2-0_-1_-1_0-Iz-0.51_0.5,HgH2S2-60c1ca2daded,Hg2H4S4,1.857705236278317,10.781893450707573,10.936055022662604,-,True,,3.349766492843628,1.9500000000000002,16.703890568632865,False,False,0.8630706558290172,0.0922947637216831,1.5492539084159336,False,10-15
HgH2S2-60c1ca2daded-2-1_0_0_1-Iz-0.44_-0.75,HgH2S2-60c1ca2daded,Hg2H4S4,2.11322687678247,10.604278505187912,10.758484648600133,-,True,,3.3761954307556152,2.0500000000000003,15.883831852465551,False,False,0.8624423262539975,-0.06322687678246952,1.4978701139068287,False,10-15
HgH2S2-60c1ca2daded-2-1_0_0_1-Iz--0.76_-0.51,HgH2S2-60c1ca2daded,Hg2H4S4,1.9428791164463688,10.52682573962092,10.681497456678624,-,True,,3.345646381378174,1.9100000000000001,15.369861699004925,False,False,0.8620387465762851,-0.03287911644636865,1.4600661281164522,False,10-15
HgH2S2-60c1ca2daded-2--1_0_0_-1-Iz-0.47_-0.1,HgH2S2-60c1ca2daded,Hg2H4S4,2.063542113351108,10.162426631471812,10.317165801418891,-,True,,3.3742899894714355,2.12,12.590775515814446,False,False,0.8617657450836643,0.056457886648892064,1.2389536448728034,False,10-15
HgH2S2-60c1ca2daded-2--1_0_0_-1--0.29_-0.6,HgH2S2-60c1ca2daded,Hg2H4S4,2.047305487507568,9.780788479251088,9.93495182863802,-,True,,3.372767686843872,1.9900000000000002,15.534086550314077,False,False,0.8636924604084899,-0.05730548750756759,1.5882243628177835,False,<10
HgH2S2-60c1ca2daded-2-1_0_0_1-Iz-0.51_0.07,HgH2S2-60c1ca2daded,Hg2H4S4,2.2906724604659114,9.644374613336453,9.798525156981638,-,True,,3.341378927230835,2.16,13.206351883130255,False,False,0.862601314453147,-0.1306724604659113,1.3693321145850372,False,<10
HgH2S2-60c1ca2daded-2-1_0_0_1--0.7_0,HgH2S2-60c1ca2daded,Hg2H4S4,2.146675014370296,9.539869292530634,9.694015031796104,-,True,,3.3596580028533936,1.9900000000000002,14.137030908766564,False,False,0.8637012101376293,-0.15667501437029596,1.481889371360186,False,<10
HgH2S2-60c1ca2daded-2-1_0_0_1-0.7_0,HgH2S2-60c1ca2daded,Hg2H4S4,2.153772837717632,9.322397781885458,9.476527235288517,-,True,,3.370591402053833,2.2600000000000002,11.817230473292003,False,False,0.8638277853001256,0.10622716228236806,1.2676170605221657,False,<10
HgH2S2-60c1ca2daded-2--1_0_0_-1-Iz--0.74_-0.16,HgH2S2-60c1ca2daded,Hg2H4S4,2.056444290003771,9.123048390965897,9.277646992995852,-,True,,3.3248980045318604,1.87,13.473812438041621,False,False,0.8624762593603416,-0.18644429000377105,1.4768980565075234,False,<10
HgH2S2-60c1ca2daded-2--1_0_0_-1-0.47_-0.1,HgH2S2-60c1ca2daded,Hg2H4S4,2.267338011275033,8.751498036258312,8.905688426627721,-,True,,3.3468759059906006,2.3000000000000003,10.77761519502172,False,False,0.8632661886966138,0.032661988724967284,1.2315166101128068,False,<10
HgH2S2-60c1ca2daded-2-1_0_0_1-Iz--0.07_-0.51,HgH2S2-60c1ca2daded,Hg2H4S4,2.134520346824484,8.751419129050648,8.906038319041976,-,True,,3.352477788925171,1.8900000000000001,11.448482482655445,False,False,0.8619127179264432,-0.24452034682448387,1.3081858283591743,False,<10
HgH2S2-60c1ca2daded-2-1_0_0_1--0.07_-0.51,HgH2S2-60c1ca2daded,Hg2H4S4,2.295729304664384,8.649139419164507,8.803276410948673,-,True,,3.288806676864624,2.3000000000000003,10.189602963638428,False,False,0.8632103898837835,0.0042706953356161925,1.1781059906446423,False,<10
HgH2S2-60c1ca2daded-2--1_0_0_-1-Iz--0.04_0.14,HgH2S2-60c1ca2daded,Hg2H4S4,2.240987697034546,8.386167803938603,8.540375632129841,-,True,,3.321352958679199,2.2600000000000002,11.971692233216682,False,False,0.8627375557931803,0.019012302965454086,1.4275521922652348,False,<10
HgH2S2-60c1ca2daded-2--1_0_0_-1--0.73_0.15,HgH2S2-60c1ca2daded,Hg2H4S4,2.395098831527111,8.09360716990291,8.247696730823545,-,True,,3.3292064666748047,2.5300000000000002,10.30548714562438,False,False,0.8639615150084902,0.13490116847288913,1.2732872907331878,False,<10
HgH2S2-60c1ca2daded-2--1_0_0_-1-Iz--0.29_-0.6,HgH2S2-60c1ca2daded,Hg2H4S4,2.5532919243174,8.01787215218759,8.172000403248385,-,True,,3.3226704597473145,2.5700000000000003,9.788554792042715,False,False,0.8634524191681664,0.016708075682600132,1.2208419648312818,False,<10
HgH2S2-60c1ca2daded-2-1_0_0_1-Iz--0.26_-0.75,HgH2S2-60c1ca2daded,Hg2H4S4,2.397139810675976,7.978763440273026,8.132985458394305,-,True,,3.2933168411254883,2.18,11.843127059633078,False,False,0.862425957188266,-0.21713981067597565,1.4843311433266178,False,<10
HgH2S2-60c1ca2daded-2--1_0_0_-1-Iz-0.03_0.65,HgH2S2-60c1ca2daded,Hg2H4S4,2.269378990423897,7.960802864125124,8.114992804916985,-,True,,3.6518428325653076,2.12,11.965645819686353,False,False,0.8627694784314955,-0.14937899042389668,1.5030702334822046,False,<10
HgH2S2-60c1ca2daded-2-1_0_0_1--0.26_-0.75,HgH2S2-60c1ca2daded,Hg2H4S4,2.430587948263799,7.777344666687269,7.93145961642539,-,True,,3.1888186931610107,2.5700000000000003,9.906494285423372,False,False,0.8637141056580765,0.1394120517362012,1.273763052813629,False,<10
HgH2S2-60c1ca2daded-2--1_0_0_-1-0.01_0.5,HgH2S2-60c1ca2daded,Hg2H4S4,2.4163923015691218,7.763101268093068,7.917242748502098,-,True,,3.402444839477539,2.22,10.81198387139293,False,False,0.8635081561500477,-0.19639230156912157,1.392740284843507,False,<10
HgH2S2-60c1ca2daded-2--1_0_0_-1-Iz--0.48_0.59,HgH2S2-60c1ca2daded,Hg2H4S4,2.574585394359413,7.5210409530886,7.675275713729118,-,True,,3.5465753078460693,2.5500000000000003,9.532327977601703,False,False,0.8627847234188127,-0.02458539435941276,1.267421363220625,False,<10
HgH2S2-60c1ca2daded-2--1_0_0_-1--0.04_0.14,HgH2S2-60c1ca2daded,Hg2H4S4,2.537055298473865,7.499560226031811,7.653804036931611,-,True,,3.5124521255493164,2.5700000000000003,9.47748583488797,False,False,0.8638363427607675,0.03294470152613549,1.2637388792466202,False,<10
HgH2S2-60c1ca2daded-2-1_0_0_1-Iz-0.7_0,HgH2S2-60c1ca2daded,Hg2H4S4,2.5674875710120766,7.40366655740355,7.557792462143209,-,True,,3.5781943798065186,2.45,9.366245770456143,False,False,0.8630249944765945,-0.11748757101207641,1.2650820641145764,False,<10
HgH2S2-60c1ca2daded-2-0_-1_-1_0-0.51_0.5,HgH2S2-60c1ca2daded,Hg2H4S4,2.6719139420732763,7.232801631442361,7.386925815314416,-,True,,3.577310562133789,2.64,8.54556486801605,False,False,0.8648337183697866,-0.031913942073276136,1.18150134670732,False,<10
HgH2S2-60c1ca2daded-2-1_0_0_1-0.26_0.75,HgH2S2-60c1ca2daded,Hg2H4S4,2.508664005084512,7.223651850948102,7.377842774400838,-,True,,3.6073293685913086,2.0900000000000003,12.200634434475056,False,False,0.863647808898661,-0.4186640050845116,1.6889842819423428,False,<10
HgH2S2-60c1ca2daded-2-1_0_0_1-0.44_-0.75,HgH2S2-60c1ca2daded,Hg2H4S4,2.565446591863214,7.206761972414675,7.360841423052498,-,True,,3.529958486557007,2.5700000000000003,9.165482178423797,False,False,0.863831784086652,0.0045534081367861745,1.2717892187235427,False,<10
HgH2S2-60c1ca2daded-2--1_0_0_-1-Iz--0.48_0.28,HgH2S2-60c1ca2daded,Hg2H4S4,2.6881505679168125,6.980020853335026,7.134148050622554,-,True,,3.5083701610565186,2.64,8.248587153068568,False,False,0.8634683593043004,-0.04815056791681238,1.18174247991357,False,<10
HgH2S2-60c1ca2daded-2-1_0_0_1--0.76_-0.51,HgH2S2-60c1ca2daded,Hg2H4S4,2.6222291786419127,6.79677729107451,6.95090430293306,-,True,,3.5214390754699707,2.41,9.349456797176938,False,False,0.863058332430899,-0.2122291786419126,1.3755720390389417,False,<10
HgH2S2-60c1ca2daded-2-1_0_0_1-Iz-0_-0.3,HgH2S2-60c1ca2daded,Hg2H4S4,2.517802807580713,6.742795145399754,6.897049131518665,-,True,,6.39910364151001,2.41,9.213251284698707,False,False,0.8627139259831653,-0.10780280758071292,1.3663845758363893,False,<10
HgH2S2-60c1ca2daded-2--1_0_0_-1-Iz--0.99_-0.6,HgH2S2-60c1ca2daded,Hg2H4S4,2.5532919243174,6.739920379863102,6.894071456730071,-,True,,6.653428792953491,2.89,7.535408605500074,False,False,0.8629229501553624,0.33670807568259997,1.1180263535476853,False,<10
HgH2S2-60c1ca2daded-2--1_0_0_-1--0.22_-0.09,HgH2S2-60c1ca2daded,Hg2H4S4,2.643522648683927,6.725504271327117,6.879612954789255,-,True,,5.362968444824219,2.45,8.968112875806275,False,False,0.8632890448862816,-0.19352264868392677,1.333448394946396,False,<10
HgH2S2-60c1ca2daded-2--1_0_0_-1-Iz--0.73_0.15,HgH2S2-60c1ca2daded,Hg2H4S4,2.5674875710120766,6.577609464755862,6.731840888140436,-,True,,5.4030985832214355,2.43,8.609091023667144,False,False,0.8629412637181166,-0.13748757101207643,1.308848004703892,False,<10
HgH2S2-60c1ca2daded-2-1_0_0_1--0.44_0.45,HgH2S2-60c1ca2daded,Hg2H4S4,2.742892175546652,6.2999944237512135,6.4540782416014855,-,True,,5.922845125198364,2.64,7.687836348199343,False,False,0.8643285396171346,-0.10289217554665209,1.2202925639451225,False,<10
HgH2S2-60c1ca2daded-2--1_0_0_-1--0.04_-0.16,HgH2S2-60c1ca2daded,Hg2H4S4,2.7641856455886664,6.259016596223058,6.413131654169666,-,True,,5.9255149364471436,2.5700000000000003,7.97064421300152,False,False,0.8645060448397415,-0.19418564558866613,1.273465901626036,False,<10
HgH2S2-60c1ca2daded-2--1_0_0_-1-Iz-0.4_-0.61,HgH2S2-60c1ca2daded,Hg2H4S4,2.773324448084864,6.217140596015192,6.371282802486451,-,True,,5.985808610916138,2.64,7.525213613284032,False,False,0.8639496896628911,-0.13332444808486388,1.2103978504374238,False,<10
HgH2S2-60c1ca2daded-2-1_0_0_1-0.44_-0.45,HgH2S2-60c1ca2daded,Hg2H4S4,2.785479115630679,6.057463056863921,6.211572356477133,-,True,,6.116209506988525,2.5300000000000002,8.027313409732251,False,False,0.8647248522327221,-0.2554791156306786,1.325193952381802,False,<10
HgH2S2-60c1ca2daded-2-1_0_0_1-Iz-0_0,HgH2S2-60c1ca2daded,Hg2H4S4,2.872693974947591,5.388041519820697,5.54215115515433,-,True,,5.613131523132324,2.5900000000000003,6.410146691523473,False,False,0.863764191517842,-0.28269397494759074,1.1896988298888962,False,<10
NSe2Zr2-d567fba5f5ba-2-1_0_0_1--0.33_-0.67,NSe2Zr2-d567fba5f5ba,Zr4N2Se4,2.9781250571265367,30.01607810336964,29.941088476477663,Stable,True,,5.6204447746276855,2.66,44.499048398074216,False,False,5.756438863380089,-0.3181250571265366,1.4825070831981444,False,>30
NSe2Zr2-d567fba5f5ba-2--1_0_0_-1-0.33_-0.52,NSe2Zr2-d567fba5f5ba,Zr4N2Se4,3.0899734582216656,28.689488268102124,28.906091362755703,Stable,True,,5.7673139572143555,2.7800000000000002,39.8068614558585,False,False,5.753035026308046,-0.30997345822166533,1.3875068486361615,False,20-30
NSe2Zr2-d567fba5f5ba-2-1_0_0_1-0.79_0.58,NSe2Zr2-d567fba5f5ba,Zr4N2Se4,3.081369735060504,28.177616032071413,28.21559548995584,Unstable-Saddle,True,,5.733568906784058,2.7600000000000002,39.15756977290043,False,False,5.758473973343937,-0.3213697350605038,1.3896693648011873,False,20-30
NSe2Zr2-d567fba5f5ba-2-1_0_0_1-0_0,NSe2Zr2-d567fba5f5ba,Zr4N2Se4,3.158803243510976,27.6555919612276,28.06980822999865,Stable,True,,5.7159717082977295,2.91,37.01468320061242,False,False,5.756022033751485,-0.24880324351097594,1.3384158709206446,False,20-30
NSe2Zr2-d567fba5f5ba-2-1_0_0_1-Iz-0.5_0,NSe2Zr2-d567fba5f5ba,Zr4N2Se4,3.1163941746037995,27.57940673545685,27.73038507335513,Unstable-Saddle,True,,5.714280843734741,2.8000000000000003,36.93435527529718,False,False,5.758969147486078,-0.31639417460379926,1.3392004994731577,False,20-30
NSe2Zr2-d567fba5f5ba-2--1_0_0_-1-Iz-0.79_0.58,NSe2Zr2-d567fba5f5ba,Zr4N2Se4,3.185223959893108,26.702238273381003,26.92262936842334,-,True,,5.776920795440674,2.91,34.100242948219964,False,False,5.756799692723618,-0.27522395989310766,1.277055601073484,False,20-30
NSe2Zr2-d567fba5f5ba-2-1_0_0_1-Iz-0.79_0.58,NSe2Zr2-d567fba5f5ba,Zr4N2Se4,3.202431406215433,26.39036539618992,26.52515809293536,-,True,,5.827972888946533,2.93,33.417983480481304,False,False,5.7566475522826215,-0.27243140621543294,1.2662948382407009,False,20-30
NSe2Zr2-d567fba5f5ba-2-1_0_0_1-0.5_0,NSe2Zr2-d567fba5f5ba,Zr4N2Se4,3.2792553677672664,25.05285096971739,25.105531997272376,-,True,,5.835667848587036,3.0100000000000002,30.134103469830727,False,False,5.754059394612692,-0.2692553677672662,1.2028213278502833,False,20-30
NSe2Zr2-d567fba5f5ba-2--1_0_0_-1-0.79_0.58,NSe2Zr2-d567fba5f5ba,Zr4N2Se4,3.373896322540066,23.63278057607986,23.74425485261993,-,True,,5.655467510223389,3.1100000000000003,26.61244075419535,False,False,5.758337102715372,-0.2638963225400657,1.1260816588434532,False,20-30
NSe2Zr2-d567fba5f5ba-2-1_0_0_1-0.33_-0.33,NSe2Zr2-d567fba5f5ba,Zr4N2Se4,3.520159616279852,21.95557091187096,22.10370943612743,-,True,,5.634648561477661,3.2800000000000002,21.372800854023854,False,False,5.754529026668893,-0.24015961627985183,0.9734568479140748,False,20-30
NSe2Zr2-d567fba5f5ba-2--1_0_0_-1-0_-0.18,NSe2Zr2-d567fba5f5ba,Zr4N2Se4,3.520159616279852,21.93925064739944,22.06307939158534,-,True,,3.564558506011963,3.2800000000000002,21.526118295126434,False,False,5.760919917896357,-0.24015961627985183,0.9811692587448525,False,20-30
BiIS-40034665f9f1-2--1_1_-1_0-Iz--0.67_-0.33,BiIS-40034665f9f1,Bi2I2S2,2.704187640786168,17.299770235007337,16.55088506054247,Stable,True,,2.5489258766174316,2.7800000000000002,11.500883612303594,False,False,2.3464541950068853,0.07581235921383245,0.664799789596669,False,15-20
BiIS-40034665f9f1-2--1_0_0_-1-Iz-0_0,BiIS-40034665f9f1,Bi2I2S2,2.645892934650986,16.99614108880173,16.247090758273647,Stable,True,,2.7409496307373047,2.49,14.152329570601099,False,False,2.3472257253200657,-0.15589293465098564,0.8326789885220277,False,15-20
BiIS-40034665f9f1-2-1_0_0_1-0.67_0.33,BiIS-40034665f9f1,Bi2I2S2,3.0847922998329977,16.079974406174067,15.331108074576685,Stable,True,,5.770456790924072,2.93,10.491325857985828,False,False,2.6975165832855796,-0.15479229983299758,0.6524466764050059,False,15-20
BiIS-40034665f9f1-2-1_0_0_1--0.67_-0.33,BiIS-40034665f9f1,Bi2I2S2,3.111289893530808,15.943164171931205,15.194291805745682,Stable,True,,4.515226364135742,3.0500000000000003,10.170581534870646,False,False,2.7001757470836467,-0.06128989353080794,0.6379274167405552,False,15-20
BiIS-40034665f9f1-2-1_-1_1_0-0_0,BiIS-40034665f9f1,Bi2I2S2,3.09009181857256,15.87871084673798,15.129921125857628,Stable,True,,6.086618900299072,2.8800000000000003,11.33780215547268,False,False,2.7014460056355563,-0.21009181857255976,0.7140253553897196,False,15-20
BiIS-40034665f9f1-2--1_0_0_-1-Iz--0.33_-0.67,BiIS-40034665f9f1,Bi2I2S2,2.8631732029730355,15.86076944293359,15.112024192898394,Stable,True,,6.3450658321380615,2.97,10.84668356774749,False,False,2.347597166222894,0.10682679702696474,0.6838686866216309,False,15-20
BiIS-40034665f9f1-2-1_-1_1_0--0.33_-0.67,BiIS-40034665f9f1,Bi2I2S2,3.153686043447305,15.537516791701163,14.78875425189603,Stable,True,,5.981550931930542,3.0900000000000003,9.469747416930087,False,False,2.698713543910882,-0.06368604344730455,0.6094762466797803,False,15-20
BiIS-40034665f9f1-2-1_-1_1_0-0.33_-0.33,BiIS-40034665f9f1,Bi2I2S2,3.789628292194777,10.88321543663463,10.134455088471016,-,True,,5.842810869216919,3.97,6.814176429479478,False,False,2.704680734313198,0.18037170780522338,0.6261179399740521,False,10-15
BiIS-40034665f9f1-2-1_0_0_1-0_0,BiIS-40034665f9f1,Bi2I2S2,3.810826367153026,10.742387667940228,9.993554549444449,-,True,,5.696167230606079,3.97,6.814436319951132,False,False,2.707147953488936,0.1591736328469744,0.6343502516007923,False,10-15
BiIS-40034665f9f1-2--1_0_0_-1-Iz-0.33_-0.33,BiIS-40034665f9f1,Bi2I2S2,3.5998063077721927,10.20423220193984,9.45553902494916,-,True,,5.567474842071533,3.93,5.805139403538024,False,False,2.349003022386669,0.3301936922278075,0.5688952670475744,False,10-15
BiIS-40034665f9f1-2--1_1_-1_0-Iz-0_0,BiIS-40034665f9f1,Bi2I2S2,3.647501976428254,9.9003651197559,8.49794521079023,-,True,,5.918926000595093,3.93,5.80735540181214,False,False,2.350917483818752,0.28249802357174625,0.5865799222115279,False,<10
BrSSb-4da5c6be60db-2--1_1_-1_0-Iz--0.67_-0.33,BrSSb-4da5c6be60db,Br2S2Sb2,2.908308332478965,15.39466330826368,14.59696777985132,Stable,True,,6.182518720626831,2.89,13.5651124959711,False,False,2.2887698616704784,-0.018308332478965017,0.8811568154718591,False,15-20
BrSSb-4da5c6be60db-2--1_0_0_-1-Iz-0_0,BrSSb-4da5c6be60db,Br2S2Sb2,2.888579577453527,15.231551054112112,14.433991290901302,Stable,True,,6.306009769439697,2.66,13.547716172989682,False,False,2.289856739319606,-0.22857957745352664,0.8894508592630926,False,15-20
BrSSb-4da5c6be60db-2-1_0_0_1-0_0,BrSSb-4da5c6be60db,Br2S2Sb2,2.99013562248728,14.617780727175631,13.820124304790257,Stable,True,,6.277736663818359,2.91,11.450294755812333,False,False,2.2147599448423354,-0.08013562248727979,0.7833128003162144,False,10-15
BrSSb-4da5c6be60db-2--1_0_0_-1-Iz--0.33_-0.67,BrSSb-4da5c6be60db,Br2S2Sb2,3.0069521076061587,14.496336902067334,13.698566064460858,Stable,True,,6.323742151260376,2.95,15.318823007073926,False,False,2.2881363331385383,-0.05695210760615854,1.0567375131085217,False,10-15
BrSSb-4da5c6be60db-2-1_-1_1_0--0.33_-0.67,BrSSb-4da5c6be60db,Br2S2Sb2,3.00986437751272,14.494966070715428,13.697121503285366,Stable,True,,6.137476205825806,3.0300000000000002,11.26811265588468,False,False,2.2143153312490984,0.02013562248728018,0.7773810991286108,False,10-15
BrSSb-4da5c6be60db-2-1_-1_1_0--0.67_-0.33,BrSSb-4da5c6be60db,Br2S2Sb2,3.0394575100508767,14.20000342618332,13.40206093854991,Stable,True,,6.484438180923462,2.95,13.444197568368402,False,False,2.2144685501582124,-0.08945751005087654,0.9467742482074835,False,10-15
BrSSb-4da5c6be60db-2-1_0_0_1--0.33_-0.67,BrSSb-4da5c6be60db,Br2S2Sb2,3.059186265076317,13.934439220108043,13.13635408469474,Stable,True,,6.6606667041778564,2.99,13.214929075448758,False,False,2.2136621112778903,-0.06918626507631664,0.9483646142271015,False,10-15
BrSSb-4da5c6be60db-2-1_0_0_1--0.67_-0.33,BrSSb-4da5c6be60db,Br2S2Sb2,3.65104891583948,10.154355663225592,9.356248730616905,-,True,,6.349407196044922,3.91,7.2436379403297595,False,False,2.2166884303272805,0.25895108416052004,0.713352789735629,False,10-15
BrSSb-4da5c6be60db-2-1_-1_1_0-0_0,BrSSb-4da5c6be60db,Br2S2Sb2,3.6609132933521984,10.103572290583738,9.305480266198764,-,True,,6.371228218078613,3.93,7.233534698056068,False,False,2.2163262575732796,0.26908670664780177,0.7159383325041907,False,10-15
BrSSb-4da5c6be60db-2--1_0_0_-1-Iz--0.67_-0.33,BrSSb-4da5c6be60db,Br2S2Sb2,3.648136645932919,10.030729130515972,9.232626504432812,-,True,,6.51823616027832,3.93,7.40051703258653,False,False,2.290599534557312,0.28186335406708096,0.7377845554688858,False,10-15
BrSSb-4da5c6be60db-2--1_1_-1_0-Iz-0_0,BrSSb-4da5c6be60db,Br2S2Sb2,3.6875941559837937,9.790606896155769,8.61337401812869,,True,,6.512264251708984,3.93,7.402728235996946,False,False,2.2910530021009277,0.24240584401620646,0.7561051438908848,False,<10
NbSeTe-27b7ef56e482-2--1_0_0_-1-Iz-0_0,NbSeTe-27b7ef56e482,Nb2Se2Te2,2.81740265437348,37.260534297764536,35.550883579344486,Stable,True,,6.451665639877319,2.95,33.09083040100626,False,False,4.872294886201922,0.13259734562652037,0.8880932875670428,False,>30
NbSeTe-27b7ef56e482-2-1_0_0_1-0_0,NbSeTe-27b7ef56e482,Nb2Se2Te2,2.9541214162038365,35.38522835906402,33.59199520351228,Stable,True,,6.365735769271851,3.0300000000000002,38.1558460873577,False,False,5.649283266193994,0.07587858379616375,1.0782987098508856,False,>30
NbSeTe-27b7ef56e482-2--1_1_-1_0-Iz--0.67_-0.33,NbSeTe-27b7ef56e482,Nb2Se2Te2,2.9635368389303487,34.43425965211037,31.9222196131698,Stable,True,,6.498722791671753,3.0100000000000002,29.746629174677185,False,False,4.869696001716556,0.04646316106965154,0.8638672495127714,False,>30
NbSeTe-27b7ef56e482-2-1_-1_1_0--0.33_-0.67,NbSeTe-27b7ef56e482,Nb2Se2Te2,3.0670432860886905,34.251444044045186,32.14943200765267,-,True,,6.15830135345459,3.0900000000000003,34.72243219164353,False,False,5.652235777458655,0.022956713911309823,1.0137508989983803,False,>30
NbSeTe-27b7ef56e482-2-1_-1_1_0--0.67_-0.33,NbSeTe-27b7ef56e482,Nb2Se2Te2,3.080328211957495,34.20612688223757,32.06415202725584,-,True,,6.328413486480713,3.1100000000000003,32.35953901140683,False,False,5.650119239455461,0.029671788042505476,0.946015873788107,False,>30
NbSeTe-27b7ef56e482-2-1_0_0_1--0.33_-0.67,NbSeTe-27b7ef56e482,Nb2Se2Te2,3.1866076189079475,32.64570793607896,30.498462041054108,-,True,,6.592916250228882,3.2600000000000002,29.758751850701508,False,False,5.654930238508316,0.0733923810920527,0.911567055276296,False,>30
NbSeTe-27b7ef56e482-2--1_0_0_-1-Iz--0.33_-0.67,NbSeTe-27b7ef56e482,Nb2Se2Te2,3.0631737829463948,32.46562984573654,30.299470864940403,-,True,,6.10468864440918,3.16,26.798048748238315,False,False,4.873266232035981,0.09682621705360539,0.8254282721626452,False,>30
NbSeTe-27b7ef56e482-2--1_0_0_-1-Iz--0.67_-0.33,NbSeTe-27b7ef56e482,Nb2Se2Te2,3.3155873744537168,28.79136172126088,26.741052247529165,-,True,,6.132553339004517,3.47,22.074706734053112,False,False,4.872984902207529,0.15441262554628343,0.7667128407390374,False,20-30
NbSeTe-27b7ef56e482-2--1_1_-1_0-Iz-0_0,NbSeTe-27b7ef56e482,Nb2Se2Te2,3.302302448584907,28.78540255549856,27.24483776855349,-,True,,6.096843481063843,3.47,22.27195611034255,False,False,4.87915402048088,0.16769755141509313,0.7737239758034297,False,20-30
STeZr-3f7c4bfed2d9-2-1_0_0_1-0_0,STeZr-3f7c4bfed2d9,Zr2S2Te2,3.183847601349724,22.502189423696475,21.001866814626624,Stable,True,,5.979640960693359,2.99,24.340347098487214,False,False,4.161048018627828,-0.19384760134972367,1.0816879477894281,False,20-30
STeZr-3f7c4bfed2d9-2-1_-1_1_0--0.33_-0.67,STeZr-3f7c4bfed2d9,Zr2S2Te2,3.241605098126591,21.76401810492289,20.260000415006107,Stable,True,,5.859570026397705,3.0900000000000003,22.319962430862127,False,False,4.161324599560902,-0.15160509812659084,1.0255441951600603,False,20-30
STeZr-3f7c4bfed2d9-2--1_0_0_-1-Iz-0_0,STeZr-3f7c4bfed2d9,Zr2S2Te2,2.993553657453173,21.36601570465694,19.81944695586457,Stable,True,,6.087717056274414,2.93,31.63506520910492,False,False,3.4567813436601647,-0.06355365745317298,1.4806253840864552,False,20-30
STeZr-3f7c4bfed2d9-2--1_0_0_-1-Iz--0.33_-0.67,STeZr-3f7c4bfed2d9,Zr2S2Te2,3.044893654588164,20.967069110816144,19.38253012240628,Stable,True,,5.953298091888428,2.97,26.125957525765024,False,False,3.458980852526572,-0.074893654588164,1.2460471889362732,False,20-30
STeZr-3f7c4bfed2d9-2--1_1_-1_0-Iz--0.67_-0.33,STeZr-3f7c4bfed2d9,Zr2S2Te2,3.012806156378796,20.92869184861928,19.407569973403643,Stable,True,,6.1678993701934814,2.93,28.944304229090545,False,False,3.4583406022357464,-0.08280615637879585,1.382996340069868,False,20-30
STeZr-3f7c4bfed2d9-2-1_0_0_1--0.33_-0.67,STeZr-3f7c4bfed2d9,Zr2S2Te2,3.3121975941871984,20.847089720432088,19.2690061081772,Stable,True,,6.256800413131714,3.0700000000000003,22.0256004337493,False,False,4.161622203917018,-0.2421975941871981,1.0565311863248787,False,20-30
STeZr-3f7c4bfed2d9-2-1_-1_1_0--0.67_-0.33,STeZr-3f7c4bfed2d9,Zr2S2Te2,3.3057800945453284,20.79465659168863,19.244162546400897,Stable,True,,6.292728662490845,2.95,24.48123100704119,False,False,4.163931008121179,-0.3557800945453282,1.1772846980712361,False,20-30
STeZr-3f7c4bfed2d9-2-1_-1_1_0-0_0,STeZr-3f7c4bfed2d9,Zr2S2Te2,3.7229175712671214,16.603398793852477,15.035671088939395,-,True,,6.267219305038452,3.5300000000000002,16.574722331462315,False,False,4.16651613678684,-0.19291757126712117,0.998272855892567,False,15-20
STeZr-3f7c4bfed2d9-2--1_1_-1_0-Iz-0_0,STeZr-3f7c4bfed2d9,Zr2S2Te2,3.4812836302355805,16.567238028103446,14.93781505284046,-,True,,6.270273923873901,3.2600000000000002,23.673246613004235,False,False,3.461038399910792,-0.2212836302355803,1.4289193269781406,False,15-20
STeZr-3f7c4bfed2d9-2--1_0_0_-1-Iz--0.67_-0.33,STeZr-3f7c4bfed2d9,Zr2S2Te2,3.474866130593707,16.383323451328426,14.337855747631597,-,True,,5.887587547302246,3.24,23.5126619499426,False,False,3.461957408195548,-0.23486613059370676,1.4351582583224956,False,15-20
STeZr-3f7c4bfed2d9-2-1_0_0_1--0.67_-0.33,STeZr-3f7c4bfed2d9,Zr2S2Te2,3.742170070192744,16.367087816897584,14.368037706638576,-,True,,6.110105752944946,3.5100000000000002,16.634600682674407,False,False,4.169101482914158,-0.2321700701927436,1.0163445610342874,False,15-20
