monolayer_uid,formula,n,spearman,best_ref_in_ml_top2,ref_spread_meV_A2,ml_spread_meV_A2,centered_mae_meV_A2
BaBr2-74dc20d8f1ff,Ba2Br4,5,0.8999999999999998,True,8.398498009965186,10.17365331356835,0.6101434232225827
BaI2-080cc67ae6c9,Ba2I4,5,0.9999999999999999,True,4.918320035048953,4.55974134323364,0.27212043051420665
Bi2S3-9e4974207024,Bi4S6,11,0.9454545454545454,True,6.881039446205504,7.64504796462624,0.4835907892686388
BiIS-40034665f9f1,Bi2I2S2,11,0.9,True,7.399405115251437,8.347190167063076,0.8278144288046203
BrSSb-4da5c6be60db,Br2S2Sb2,11,0.7727272727272727,True,5.604056412107912,8.085288309017859,1.0077460124501376
C2H2-1b265530a869,C4H4,5,0.0,True,1.9746402289812224,2.241826815350504,1.0153023886128305
CuI2-fe94714b3303,Cu2I4,7,1.0,True,7.184102319769585,11.151218836455978,1.510450513799116
Ga2S2-ac002f4ce724,Ga4S4,5,0.7,True,4.678040892889815,6.167503835182954,0.5017901454990721
Ga2Se2-8a6a5075fdf0,Ga4Se4,5,0.6,False,5.541980008069295,9.298533953061304,1.7560191826816287
Ga2Te2-55c23ca88a05,Ga4Te4,5,0.9999999999999999,True,5.8321677322407695,8.842496144506482,1.0458924843840176
Hf2Br4-69aac3df8db3,Hf4Br8,29,0.8546798029556648,False,6.807814817539338,4.7691822556134955,0.8276801946777208
Hf2I2-e8512c33003a,Hf4I4,10,0.8787878787878788,False,4.877146000221504,7.8927798476858975,1.2699886883163685
HfTe2-59c0e014651d,Hf2Te4,5,0.9999999999999999,True,9.448878096986888,18.04879400692279,2.9289053414623316
HgBr2-978e95bef964,Hg2Br4,7,0.9642857142857145,True,6.467119750165333,7.818268964578981,0.5259743741170506
HgH2S2-60c1ca2daded,Hg2H4S4,44,0.9547568710359408,True,8.780355594470976,14.637989244515968,1.4052182976682783
In2Se2-178396d52e5c,In4Se4,5,0.6,True,6.599508743731869,7.51938291811498,0.3409647070384462
NCl2Sc2-db8061f698aa,Sc4Cl4N2,5,0.7999999999999999,True,3.3175710749775593,4.744411146808321,0.5487081888095741
NSe2Zr2-d567fba5f5ba,Zr4N2Se4,11,0.990909090909091,True,8.0768274559702,23.12624754405036,3.7921449118978643
NbSeTe-27b7ef56e482,Nb2Se2Te2,9,0.8166666666666667,False,8.475131742265976,16.08113935330459,2.557046350978592
Os2Se4-a27442d3eef5,Os4Se8,12,0.6363636363636365,False,9.479298819772268,8.971652193985022,1.8782379282908133
PbBr2-cbdc15b42a05,Pb2Br4,5,0.7,True,4.060379086098301,4.977363954992911,0.33831949450350224
PbSe2-0bc5d11454a7,Pb2Se4,5,-0.7,False,8.106723388040361,5.214121496677622,5.033381509475872
Pd2Te2-51a4897edf43,Pd4Te4,7,0.4642857142857144,True,9.384647228425436,8.354151098036745,2.7493175188499683
Ru2Se4-7bbcf668755a,Ru4Se8,15,0.7535714285714286,False,9.85441328047768,6.0650833025522175,1.9076875244396705
S2Zn2-fdc73006aad8,Zn4S4,9,0.9833333333333333,True,7.758713463108709,13.101933731929185,1.4690055756093239
STeZr-3f7c4bfed2d9,Zr2S2Te2,11,0.4909090909090909,False,6.135101606798891,15.060342877642604,3.1170787873779577
Se2Sn2-95443c1cf2fb,Sn4Se4,7,0.7142857142857144,True,7.9706624081937,6.903538389721227,1.4584833554640493
Se2V2-774adf863910,V4Se4,9,0.9,False,5.62171402870479,13.609467448626653,2.321014419764553
Ti2Cl4-66087709613c,Ti4Cl8,27,0.8534798534798536,True,5.209356473057383,3.8299711776111387,0.6113992554748843
TiSe2-509ef368050d,Ti2Se4,5,0.9999999999999999,True,7.3007463303681455,11.071198209607577,1.4473241840951268
