uid,monolayer_uid,formula,pick,ref_zscan,ref_distance,bi_error,mono_error,mono_missing,Y_bi_total,Y_mono,c11_bi,c22_bi,c11_mono,c22_mono,bi_stable,mono_stable,bi_asym,mono_asym,bi_conv,mono_conv,preserved,shift_A,gap,R,R_c11,R_c22,Y_bi_per_layer,strict
Bi2S3-9e4974207024-2--1_0_0_-1--0.32_0.78,Bi2S3-9e4974207024,Bi4S6,best,17.660800058512418,2.7805253037667264,,,False,108.86085154297196,56.576808220206125,120.14084546373932,119.9795473802535,62.74554721873247,62.70407597244512,True,True,0.001071142833344039,0.0005151840261569206,True,True,True,0.0010620061030324067,2.6885612614666314,1.9241250075343213,1.914731017404717,1.9134250129605244,54.43042577148598,True
Bi2S3-9e4974207024-2--1_0_0_-1--0.65_0.12,Bi2S3-9e4974207024,Bi4S6,worst,10.779760612306914,3.599184003197035,,,False,113.70953445065226,56.576808220206125,129.60678149625326,129.17329852455782,62.74554721873247,62.70407597244512,True,True,0.0009890702261740516,0.0005151840261569206,True,True,True,1.4274306450939424e-05,3.3739895809414655,2.009825899122416,2.0655932929302687,2.0600462812229647,56.85476722532613,True
C2H2-1b265530a869-2-1_0_0_1-0_1.0,C2H2-1b265530a869,C4H4,best,19.0621736322102,1.9617847917058453,,,False,333.8117555796868,160.70013895607352,334.216688334718,334.3855262964064,163.02315444745474,163.2107011194379,True,True,0.0006097364659225427,0.0006531126404864145,True,True,True,2.9434403901069514e-12,1.964754440978206,2.0772337706001136,2.050117907897813,2.0487965801439847,166.9058777898434,True
C2H2-1b265530a869-2-1_-1_1_0--0.67_0.67,C2H2-1b265530a869,C4H4,worst,17.087533403228978,2.1658783796611054,,,False,369.1884240815941,160.70013895607352,376.7328965092691,376.8849262434091,163.02315444745474,163.2107011194379,True,True,0.00020095769433187783,0.0006531126404864145,True,True,True,8.66172391454158e-15,1.971370580614252,2.2973746412410367,2.3109164939554447,2.3091924957028644,184.59421204079706,True
Ga2Se2-8a6a5075fdf0-2--1_0_0_-1-0_0,Ga2Se2-8a6a5075fdf0,Ga4Se4,best,17.65064357730266,3.2197317133192325,,,False,125.52787210639754,64.55003242238956,139.8246813305698,139.5262320054918,71.73157942968031,71.5811371568942,True,True,0.0011024325603688214,0.001072960084155254,True,True,True,6.806978331010514e-05,3.2581197322468967,1.9446600938167375,1.949276489410669,1.949203904091004,62.76393605319877,True
Ga2Se2-8a6a5075fdf0-2--1_0_0_-1--0.33_0.33,Ga2Se2-8a6a5075fdf0,Ga4Se4,worst,12.108663569233364,3.8728231945736216,,,False,128.6111348446956,64.55003242238956,142.69198410804893,142.4113729875573,71.73157942968031,71.5811371568942,True,True,0.001128836192374645,0.001072960084155254,True,True,True,0.00016154519644665059,4.208907007960075,1.9924255653833889,1.9892491597502369,1.989509787689105,64.3055674223478,True
Ga2S2-ac002f4ce724-2-1_0_0_1-0.33_-0.33,Ga2S2-ac002f4ce724,Ga4S4,best,16.71333296263883,3.155731341430672,,,False,170.31306537247363,84.96091725633502,190.3000349282664,190.40279200717572,96.97982172724757,97.06414428318263,True,True,1.0351494531497409e-05,0.00023666380634970334,True,True,True,7.929357861031078e-11,3.2828366357559275,2.0046048332861472,1.9622642271242645,1.961618200142779,85.15653268623682,True
Ga2S2-ac002f4ce724-2-1_0_0_1-0_0,Ga2S2-ac002f4ce724,Ga4S4,worst,12.035292069749016,3.742718705284737,,,False,174.34608050794012,84.96091725633502,197.85217298670136,197.94890943999312,96.97982172724757,97.06414428318263,True,True,2.8220258077453143e-05,0.00023666380634970334,True,True,True,5.995206406393214e-15,3.612816817739125,2.052073896306012,2.0401375199797114,2.039361814827124,87.17304025397006,True
Ga2Te2-55c23ca88a05-2--1_0_0_-1-Iz-0.33_-0.33,Ga2Te2-55c23ca88a05,Ga4Te4,best,16.672172088759165,3.4511201950008825,,,False,102.5564888217358,53.148444096173854,112.36931154351879,112.38753075022609,57.80096305678413,57.867329867602244,True,True,0.00043653908441888866,2.231996043658792e-05,True,True,True,7.393893699205932e-10,2.940982202024328,1.9296235396121186,1.9440733441262266,1.9421585721574424,51.2782444108679,True
Ga2Te2-55c23ca88a05-2--1_0_0_-1-Iz--0.33_0.33,Ga2Te2-55c23ca88a05,Ga4Te4,worst,10.840004356518396,4.22804939860681,,,False,106.78236083888845,53.148444096173854,116.21216048720834,116.3363235997587,57.80096305678413,57.867329867602244,True,True,0.0003572508066832474,2.231996043658792e-05,True,True,True,1.9608444587466808e-10,4.099844269133149,2.0091342776782377,2.0105575122172374,2.01039729785236,53.391180419444225,True
Hf2I2-e8512c33003a-2-1_0_0_1--1.0_0,Hf2I2-e8512c33003a,Hf4I4,best,24.30769831650661,3.657137996297923,,,False,165.88250415024072,85.25562618710316,214.13677680713118,213.88546055928043,109.72634436127207,109.67121501900486,True,True,0.0005988533158951571,0.0020338319017812103,True,True,True,8.406956307445474e-06,3.3809829931502833,1.945707416261218,1.9515530026416408,1.9502424635508628,82.94125207512036,True
Hf2I2-e8512c33003a-2--1_0_0_-1--0.67_-0.33,Hf2I2-e8512c33003a,Hf4I4,worst,19.430552316285105,4.0977191529067625,,,False,173.14492910281592,85.25562618710316,221.29669775305945,220.54704232815507,109.72634436127207,109.67121501900486,True,True,0.0016724098161954813,0.0020338319017812103,True,True,True,2.3841231150410032e-08,3.7775945380561424,2.030891529936449,2.0168055268882736,2.0109838510491254,86.57246455140796,True
In2Se2-178396d52e5c-2-1_-1_1_0-0_0,In2Se2-178396d52e5c,In4Se4,best,20.28572021476757,3.032639562429601,,,False,96.86023364967824,49.60477924892055,113.34550164763787,113.31896030224921,56.66410855222498,56.61685308833443,True,True,0.000393051370028759,0.0002231860063428337,True,True,True,8.273459288882648e-05,3.20046785526222,1.952639143168569,2.0003050351206353,2.0015058082696213,48.43011682483912,True
In2Se2-178396d52e5c-2-1_-1_1_0--0.33_0.33,In2Se2-178396d52e5c,In4Se4,worst,13.6862114710357,3.7964053232822814,,,False,99.58486685419146,49.60477924892055,114.38008964987868,114.32598691413833,56.66410855222498,56.61685308833443,True,True,9.487822116156954e-05,0.0002231860063428337,True,True,True,2.471007888376777e-05,3.990047727610417,2.0075659717074243,2.0185632946904875,2.0192925017532373,49.79243342709573,True
Pd2Te2-51a4897edf43-2-1_0_0_1--0.33_-0.67,Pd2Te2-51a4897edf43,Pd4Te4,best,52.08005848968551,2.587978745391979,,,False,16.947771282127665,7.438632570505248,47.094521463617546,46.30903847271664,16.21618945286866,16.924087141409352,True,True,0.013135583472326608,0.018900777570727886,True,True,True,0.0004158327859125606,2.516781230221925,2.278344994391427,2.9041669499788973,2.7362798410207345,8.473885641063832,True
Pd2Te2-51a4897edf43-2--1_0_0_-1-Iz-0.5_0,Pd2Te2-51a4897edf43,Pd4Te4,worst,42.69541126126008,2.8505988050079107,,,False,13.299702289511226,7.438632570505248,32.667371138875644,32.14081816899158,16.21618945286866,16.924087141409352,True,True,0.009240432286399085,0.018900777570727886,True,True,True,0.04290962367301935,2.8967329734396277,1.7879230037850735,2.014491211626585,1.8991167972865364,6.649851144755613,True
Se2Sn2-95443c1cf2fb-2-1_0_0_1-0.5_0,Se2Sn2-95443c1cf2fb,Sn4Se4,best,27.05955796770559,3.1529608703110217,,,False,49.61703694043561,14.41669698746985,79.16831775481309,78.01555585730989,39.9816163096828,43.80640478702,True,True,0.00035753479745251224,0.00016050894906387416,True,True,True,5.286871395663578e-05,2.9174517302837994,3.4416369424674627,1.9801179907686723,1.7809166544620478,24.808518470217805,True
Se2Sn2-95443c1cf2fb-2-1_0_0_1--0.5_-0.5,Se2Sn2-95443c1cf2fb,Sn4Se4,worst,19.08889555951189,3.6388365760048496,,,False,47.58448129719621,14.41669698746985,73.61466085856692,73.6312282438495,39.9816163096828,43.80640478702,True,True,2.7530709011038847e-05,0.00016050894906387416,True,True,True,2.6039189397631035e-05,3.251473983268152,3.300650720380255,1.8412127285794304,1.6808324856110244,23.792240648598106,True
S2Zn2-fdc73006aad8-2-1_0_0_1-0_0,S2Zn2-fdc73006aad8,Zn4S4,best,22.390027496335605,3.0382546415118945,,,False,92.1480863918595,48.48204097366009,117.43851871092113,116.94795459311759,62.24195951545755,62.41912407753076,True,True,0.0025610444752180916,0.002223142827772816,True,True,True,1.7519797815262357e-05,2.9077590366563193,1.9006643396453302,1.8868062577907068,1.8735917288402926,46.07404319592975,True
S2Zn2-fdc73006aad8-2--1_0_0_-1--0.67_-0.33,S2Zn2-fdc73006aad8,Zn4S4,worst,14.631314033226896,3.621637924568283,,,False,97.70121520844025,48.48204097366009,128.2144155312236,127.17120997266056,62.24195951545755,62.41912407753076,True,True,0.0049229933107381215,0.002223142827772816,True,True,True,1.483411963170907e-08,3.441978033826313,2.0152042539116812,2.05993539614353,2.0373757538587256,48.85060760422012,True
Se2V2-774adf863910-2-1_0_0_1--1.0_0,Se2V2-774adf863910,V4Se4,best,26.04679773799013,3.1331180282637607,,,False,43.59512856402896,21.60215381254259,74.51593742419357,71.3516693751631,39.73176333891752,39.776024997562295,True,True,0.016352298797553715,0.0007625337900141288,True,True,True,6.444651796913002e-05,2.830038884811124,2.0180917579948376,1.8754752158509091,1.7938360954755017,21.79756428201448,True
Se2V2-774adf863910-2-1_0_0_1--0.67_0.67,Se2V2-774adf863910,V4Se4,worst,20.42508370928534,3.470100333631315,,,False,38.52303611730438,21.60215381254259,67.26679647643476,67.58303690407823,39.73176333891752,39.776024997562295,True,True,0.0006000402730620856,0.0007625337900141288,True,True,True,2.951924995640255e-05,2.9820777671475955,1.7832960755485978,1.6930231840615668,1.6990897634497188,19.26151805865219,True
BaI2-080cc67ae6c9-2-1_0_0_1--0.33_-0.67,BaI2-080cc67ae6c9,Ba2I4,best,9.200983372744057,3.1026885894538694,,,False,18.22881630949084,10.73297061992835,21.966779515056736,23.122664445257254,12.129382827567717,12.147617459107769,True,True,0.011337108161424518,2.8709949151537303e-05,True,True,True,1.2050745981621216e-10,3.1093421458150434,1.6983943173798166,1.811038519217197,1.9034732138293389,9.11440815474542,True
BaI2-080cc67ae6c9-2-1_-1_1_0-0_0,BaI2-080cc67ae6c9,Ba2I4,worst,4.282663337695104,4.283607368173348,,,False,22.774093886920504,10.73297061992835,25.267447706201164,24.997446574209835,12.129382827567717,12.147617459107769,True,True,0.00042683548090076764,2.8709949151537303e-05,True,True,True,1.2328305230714057e-15,4.176384195310742,2.1218816945827563,2.0831602123047177,2.057806533532862,11.387046943460252,True
BaBr2-74dc20d8f1ff-2-1_0_0_1--0.33_-0.67,BaBr2-74dc20d8f1ff,Ba2Br4,best,12.811681930838253,2.522370243916118,,,False,19.591470134687526,13.842980189074282,20.519635650790317,19.6852519746188,14.831389970891063,14.80736089153518,True,True,0.017330193526903966,0.0014031882685722281,True,True,True,1.407907462718628e-09,2.1675301588870237,1.4152639003377538,1.383527484009478,1.3294233941358267,9.795735067343763,True
BaBr2-74dc20d8f1ff-2-1_-1_1_0-0_0,BaBr2-74dc20d8f1ff,Ba2Br4,worst,4.413183920873067,3.964812107289445,,,False,28.53555538370869,13.842980189074282,30.78327181613878,30.900843613035313,14.831389970891063,14.80736089153518,True,True,0.0033602151030154483,0.0014031882685722281,True,True,True,1.4917128866974954e-14,4.024516276938947,2.061373706669802,2.0755486759201798,2.086856924700213,14.267777691854345,True
Hf2Br4-69aac3df8db3-2--1_0_0_-1--0.5_-0.11,Hf2Br4-69aac3df8db3,Hf4Br8,best,19.11129593590935,2.8758315417987177,,,False,224.90606373515274,116.2004993331711,230.59590325360583,131.31253709499927,118.98699202547498,68.38794773361722,True,True,0.000115277270014961,0.0027435215914498553,True,True,True,0.2327142595899636,3.267414132908886,1.9354999765560394,1.937992542951548,1.9201122631502865,112.45303186757637,True
Hf2Br4-69aac3df8db3-2--1_0_0_-1--0.5_-0.5,Hf2Br4-69aac3df8db3,Hf4Br8,worst,12.303481118370012,3.6106746123648734,,,False,226.39372785856065,116.2004993331711,232.21260072770633,129.29928414835592,118.98699202547498,68.38794773361722,True,True,0.006080446074796102,0.0027435215914498553,True,True,True,5.735421147301342e-12,3.604947709347943,1.948302538782063,1.9515797212353254,1.8906735533576589,113.19686392928033,True
HfTe2-59c0e014651d-2--1_0_0_-1-Iz-0_0,HfTe2-59c0e014651d,Hf2Te4,best,25.44639678269644,3.1570047030164226,,,False,104.2721381555912,49.05413711239487,109.03545666719991,109.13566382153468,51.49506278880317,51.56360484288341,True,True,0.0018517722103091494,0.0005937119321709442,True,True,True,6.353151367296293e-10,2.812007163178823,2.1256543136551063,2.117396324272626,2.1165250985472386,52.1360690777956,True
HfTe2-59c0e014651d-2--1_0_0_-1-Iz-0.33_-0.33,HfTe2-59c0e014651d,Hf2Te4,worst,15.99751868570955,4.010064708907613,,,False,95.74336893114838,49.05413711239487,99.9286985185791,100.05553163363354,51.49506278880317,51.56360484288341,True,True,0.0003473990365576108,0.0005937119321709442,True,True,True,7.234366224088041e-11,3.3614225153473942,1.9517898910702927,1.940549114939755,1.9404293384550437,47.87168446557419,True
HgBr2-978e95bef964-2--1_0_0_-1-Iz--0.5_0.5,HgBr2-978e95bef964,Hg2Br4,best,12.531544117343064,2.449040943168159,,,False,31.569012892897685,15.260386016494243,31.65030754703406,21.94650625445479,15.322036339187644,15.322042770589322,False,False,0.14771665138500464,2.1748404550638666e-09,True,True,True,8.40942945204314e-09,2.3752201707426845,2.068690324004662,2.0656723980013822,1.4323485832177112,15.784506446448843,False
HgBr2-978e95bef964-2--1_0_0_-1-Iz-0_0,HgBr2-978e95bef964,Hg2Br4,worst,6.064424367177731,3.80676077510447,,,False,30.877244641263545,15.260386016494243,31.016568141671776,29.87549837920679,15.322036339187644,15.322042770589322,False,False,0.0005557978933808392,2.1748404550638666e-09,True,True,True,2.9737803762175135e-14,3.959225610166575,2.023359344114216,2.024311093842259,1.9498378138294223,15.438622320631772,False
Os2Se4-a27442d3eef5-2--1_0_0_-1-0.5_0,Os2Se4-a27442d3eef5,Os4Se8,best,32.31417257889882,2.5152447292788604,,,False,145.63138625231616,75.99742485178172,167.35458475560574,190.11311807377962,87.73277434021702,93.65681060756893,True,True,0.003585590197390929,0.0039858087581562136,True,True,True,4.889414190222951e-11,2.3744497162226157,1.9162673805900927,1.907549214238057,2.0298910120949123,72.81569312615808,True
Os2Se4-a27442d3eef5-2--1_0_0_-1-0_-0.89,Os2Se4-a27442d3eef5,Os4Se8,worst,22.834873759126552,3.098929647085944,,,False,139.14249683408892,75.99742485178172,162.85889239620343,175.69594171280738,87.73277434021702,93.65681060756893,True,True,0.0008163662754146885,0.0039858087581562136,True,True,False,1.027296171231141,2.590190348611916,1.8308843635881011,1.8563061936769087,1.8759547818576732,69.57124841704446,False
PbBr2-cbdc15b42a05-2-1_0_0_1--0.67_-0.33,PbBr2-cbdc15b42a05,Pb2Br4,best,11.208830388182442,3.041768501769429,,,False,12.812886983554302,7.049849353914157,37.76254497243299,37.74775191833224,20.968308820140244,20.998072520446556,True,True,0.00018111771328203915,0.0015544830763994865,True,True,True,2.9972750239397685e-10,2.9831524350370113,1.8174696139344368,1.8009342239447435,1.7976769954278393,6.406443491777151,True
PbBr2-cbdc15b42a05-2-1_0_0_1-0_0,PbBr2-cbdc15b42a05,Pb2Br4,worst,7.1484513020841405,3.856254286273272,,,False,14.462046051126286,7.049849353914157,41.84085489452366,41.84479653456804,20.968308820140244,20.998072520446556,True,True,0.0006234791073895372,0.0015544830763994865,True,True,True,2.574444186978396e-14,4.02346168013624,2.0513978845656884,1.9954329771381063,1.9927922667103042,7.231023025563143,True
PbSe2-0bc5d11454a7-2--1_0_0_-1-Iz-0_0,PbSe2-0bc5d11454a7,Pb2Se4,best,19.08209926588733,2.4573983111834323,,,False,-6.843201258606836,7.522565911591463,70.33378328321466,70.20746014721156,41.42403034453767,41.165367063103176,False,True,0.001153199889992689,0.0018249269992606735,True,True,True,1.2906425791826568e-09,2.394389705319922,-0.9096897706223086,1.697898120927027,1.7054982174600608,-3.421600629303418,False
PbSe2-0bc5d11454a7-2-1_0_0_1-0_0,PbSe2-0bc5d11454a7,Pb2Se4,worst,10.975375877846968,3.186519330530693,,,False,-6.7299631853566195,7.522565911591463,27.204320516726465,27.48550402415031,41.42403034453767,41.165367063103176,False,True,0.014964550409892427,0.0018249269992606735,True,True,True,6.574877289193165e-15,2.4433007990322295,-0.8946366524999764,0.6567279979871329,0.6676851437281551,-3.3649815926783098,False
Ru2Se4-7bbcf668755a-2-1_0_0_1-0_0.01,Ru2Se4-7bbcf668755a,Ru4Se8,best,31.75585528824008,2.373573553905665,,,False,47.450555805450385,21.360144589400136,65.87345622137785,152.28601775861787,34.42080178129991,78.13839392906127,True,True,0.013535079097282231,0.015475700316314445,True,True,True,0.22390371822179156,2.225184308082726,2.2214529310348152,1.9137687913233183,1.9489268988158661,23.725277902725193,True
Ru2Se4-7bbcf668755a-2-1_0_0_1-0_-0.61,Ru2Se4-7bbcf668755a,Ru4Se8,worst,21.9014420077624,3.098768362808688,,,False,39.40452712620818,21.360144589400136,61.83787549763127,151.93925383920316,34.42080178129991,78.13839392906127,True,True,0.01143299611313824,0.015475700316314445,True,True,False,1.1203462522656424,2.599908741877254,1.8447687449532753,1.796526295073884,1.9444890814769338,19.70226356310409,False
Ti2Cl4-66087709613c-2-1_0_0_1-0.5_-0.55,Ti2Cl4-66087709613c,Ti4Cl8,best,20.54313690705668,2.807785990187826,,,False,161.92206426596735,76.71444524603268,162.65808892722785,121.67741977566429,77.26804195720733,64.8099024537549,True,True,0.00905703091190695,0.006763190707113221,True,True,True,0.04153005136960966,3.5382259012496746,2.110711532184888,2.1051146736358524,1.8774510556081643,80.96103213298368,True
Ti2Cl4-66087709613c-2--1_0_0_-1--0.5_-0.5,Ti2Cl4-66087709613c,Ti4Cl8,worst,15.333780433999298,3.39772971564344,,,False,161.9673089435752,76.71444524603268,162.57088537809244,120.85284948229139,77.26804195720733,64.8099024537549,True,True,0.007943432910228547,0.006763190707113221,True,True,True,2.835959670755894e-08,3.818946488643734,2.111301312603201,2.1039860886875794,1.8647281496608628,80.9836544717876,True
TiSe2-509ef368050d-2--1_0_0_-1-Iz-0_0,TiSe2-509ef368050d,Ti2Se4,best,29.086865903839687,3.0584988717596016,,,False,106.28208041131357,49.06663597721521,124.94964215588624,124.51012232925645,60.25456791243342,59.89052521830682,True,True,0.003172883601289636,0.0014529529516384076,True,True,True,8.492816776797732e-10,2.7868944467880183,2.166076363186324,2.0736957625764187,2.078961937224709,53.141040205656786,True
TiSe2-509ef368050d-2--1_0_0_-1-Iz-0.33_-0.33,TiSe2-509ef368050d,Ti2Se4,worst,21.78611957347154,3.643487589356036,,,False,94.19385682591349,49.06663597721521,105.17299893909905,104.75020171242016,60.25456791243342,59.89052521830682,True,True,0.0008370385241760007,0.0014529529516384076,True,True,True,3.787709621736252e-11,3.1170890588405786,1.919712956674954,1.7454776058131318,1.7490279360649357,47.09692841295674,True
CuI2-fe94714b3303-2--1_0_0_-1-Iz--0.5_0.5,CuI2-fe94714b3303,Cu2I4,best,14.989551602064914,3.134013895895194,,,False,17.803324540539542,8.53475323397802,18.282570569943672,23.855408505330722,8.544399094085588,8.544485892317176,False,False,0.00763298865238731,3.2936161258760964e-06,True,True,True,1.3533469848853614e-09,2.6759514668684243,2.0859799987727907,2.1397140241961337,2.791906828096053,8.901662270269771,False
CuI2-fe94714b3303-2-1_0_0_1--0.5_0.5,CuI2-fe94714b3303,Cu2I4,worst,7.805449282295329,4.135274472136306,,,False,15.678376400133866,8.53475323397802,17.063181243341894,17.06069544208755,8.544399094085588,8.544485892317176,False,False,3.0512361635377543e-05,3.2936161258760964e-06,True,True,True,9.499216260181157e-10,3.498427324115397,1.8370040668213001,1.997001902117726,1.996690691177543,7.839188200066933,False
NCl2Sc2-db8061f698aa-2--1_0_0_-1--1.0_-1.0,NCl2Sc2-db8061f698aa,Sc4Cl4N2,best,18.251214617253016,3.1196500914007466,,,False,274.84208353269065,136.4367155034782,297.13654785354686,296.8998780666841,149.05035392524061,148.9300783351515,True,True,0.006176117108488587,0.0019672320699685598,True,True,True,2.36894531946062e-05,3.031792081955821,2.014429052461938,1.993531313602798,1.9935521513561691,137.42104176634533,True
NCl2Sc2-db8061f698aa-2--1_0_0_-1--0.33_-0.67,NCl2Sc2-db8061f698aa,Sc4Cl4N2,worst,14.933643542275457,3.5225822146720134,,,False,276.4784532806815,136.4367155034782,299.05666137988635,298.70982633675027,149.05035392524061,148.9300783351515,True,True,0.004648604261520483,0.0019672320699685598,True,True,True,1.1944349607593379e-09,3.4484518113078515,2.0264226697368213,2.0064136280406593,2.005705158259134,138.23922664034075,True
HgH2S2-60c1ca2daded-2-1_0_0_1-Iz-0.44_-0.45,HgH2S2-60c1ca2daded,Hg2H4S4,best,14.168397114291672,1.6234770658161786,,,False,35.12855855217034,17.016576763910468,35.16176828832674,32.811622703122836,17.13652715091479,16.876558580970954,True,True,0.04069663625036003,0.011855396172989467,True,True,False,0.38206432854814665,1.5719633692379045,2.0643728194893223,2.0518607987879105,1.9442128882910614,17.56427927608517,False
HgH2S2-60c1ca2daded-2-1_0_0_1-Iz-0_0,HgH2S2-60c1ca2daded,Hg2H4S4,worst,5.388041519820697,2.872693974947591,,,False,32.914996065016176,17.016576763910468,33.075270478193254,32.56487384167346,17.13652715091479,16.876558580970954,True,True,0.006629270652044515,0.011855396172989467,True,True,True,8.108186418887721e-07,2.532730975175637,1.934290105564816,1.9301034676928466,1.9295920839211709,16.457498032508088,True
NSe2Zr2-d567fba5f5ba-2-1_0_0_1--0.33_-0.67,NSe2Zr2-d567fba5f5ba,Zr4N2Se4,best,30.01607810336964,2.9781250571265367,,,False,292.7302386557183,144.06684919296345,318.3908180787596,319.4735057963108,157.56791048466616,158.0700781534616,True,True,0.0011185141176836895,0.00013742459620607545,True,True,True,0.0006396620091791711,2.6631236875893833,2.0319056069841217,2.020657741156909,2.0210877955418702,146.36511932785916,True
NSe2Zr2-d567fba5f5ba-2--1_0_0_-1-0_-0.18,NSe2Zr2-d567fba5f5ba,Zr4N2Se4,worst,21.93925064739944,3.520159616279852,,,False,280.672385075738,144.06684919296345,306.7459037849976,307.35014801361694,157.56791048466616,158.0700781534616,True,True,0.000998417428032849,0.00013742459620607545,True,True,True,0.000176011303797629,3.276107688935147,1.9482093670265865,1.9467536431845291,1.9443917002130378,140.336192537869,True
BiIS-40034665f9f1-2--1_1_-1_0-Iz--0.67_-0.33,BiIS-40034665f9f1,Bi2I2S2,best,17.299770235007337,2.704187640786168,,,False,50.81426363041792,26.145201079852455,74.48177959880066,74.42422897743606,38.8367221447743,38.807663962577465,True,True,0.0005185597640329984,0.0004282095485961806,True,True,True,1.4124884804418592e-09,2.840678148770216,1.9435407467405363,1.9178183813028773,1.917771423943578,25.40713181520896,True
BiIS-40034665f9f1-2--1_1_-1_0-Iz-0_0,BiIS-40034665f9f1,Bi2I2S2,worst,9.9003651197559,3.647501976428254,,,False,49.762870260246714,26.145201079852455,69.60350477197291,69.4963180552669,38.8367221447743,38.807663962577465,True,True,0.0031130868124753614,0.0004282095485961806,True,True,True,4.427570582771211e-16,3.5731745488213225,1.9033271195069936,1.7922085317217857,1.7907884927647988,24.881435130123357,True
BrSSb-4da5c6be60db-2--1_1_-1_0-Iz--0.67_-0.33,BrSSb-4da5c6be60db,Br2S2Sb2,best,15.39466330826368,2.908308332478965,,,False,26.05714757506595,12.383922569769892,44.20860853811973,43.97540567518451,23.195836884107205,23.17743545556244,True,True,0.008046257321013791,0.0015712223573959416,True,True,True,3.1103023814151214e-11,2.878937665225928,2.104110989733855,1.9058854724232681,1.8973369922439236,13.028573787532975,True
BrSSb-4da5c6be60db-2--1_1_-1_0-Iz-0_0,BrSSb-4da5c6be60db,Br2S2Sb2,worst,9.790606896155769,3.6875941559837937,,,False,23.264020504450595,12.383922569769892,47.538150153862055,47.219169579727904,23.195836884107205,23.17743545556244,True,True,0.0059341376514135515,0.0015712223573959416,True,True,True,6.800595669081754e-14,3.933106658488507,1.8785663729228943,2.0494259548114497,2.037290522079551,11.632010252225298,True
NbSeTe-27b7ef56e482-2--1_0_0_-1-Iz-0_0,NbSeTe-27b7ef56e482,Nb2Se2Te2,best,37.260534297764536,2.81740265437348,,,False,142.43229564254824,70.2075843917924,154.40368751333526,154.80991616565436,76.1851959503877,76.38578704818761,True,True,0.0014957453383568735,0.0016365263245810854,True,True,True,5.834940025253642e-11,2.9395603923220364,2.0287308967604827,2.0266888545365687,2.0266848342872117,71.21614782127412,True
NbSeTe-27b7ef56e482-2--1_1_-1_0-Iz-0_0,NbSeTe-27b7ef56e482,Nb2Se2Te2,worst,28.78540255549856,3.302302448584907,,,False,136.934343797509,70.2075843917924,148.76388656110646,149.1696535592187,76.1851959503877,76.38578704818761,True,True,0.0014149168098495592,0.0016365263245810854,True,True,True,1.8375857496220713e-14,3.453665479890862,1.9504209549975242,1.9526613366983068,1.9528456709507453,68.4671718987545,True
STeZr-3f7c4bfed2d9-2-1_0_0_1-0_0,STeZr-3f7c4bfed2d9,Zr2S2Te2,best,22.502189423696475,3.183847601349724,,,False,104.36935647077351,49.425958635785754,110.82313057337501,111.08148788916225,52.91071723781888,52.84296637220912,True,True,0.002015714644870675,0.0019329089790788975,True,True,True,4.298138525020823e-11,2.9963635807770146,2.1116303932486042,2.0945308693370386,2.1021054553739362,52.184678235386755,True
STeZr-3f7c4bfed2d9-2-1_0_0_1--0.67_-0.33,STeZr-3f7c4bfed2d9,Zr2S2Te2,worst,16.367087816897584,3.742170070192744,,,False,102.59170073725734,49.425958635785754,110.22225487274986,110.44192064036443,52.91071723781888,52.84296637220912,True,True,0.0017128294045555914,0.0019329089790788975,True,True,True,2.4961931582527122e-11,3.5135332544829296,2.0756643587480794,2.0831744611839533,2.0900022883357177,51.29585036862867,True
