monolayer_uid,formula,n,median_ratio,median_abs_dd,fails
BaBr2-74dc20d8f1ff,Ba2Br4,5,1.0484370985384732,0.08429308295391325,0
BaI2-080cc67ae6c9,Ba2I4,5,1.101333532053994,0.11847293870065734,0
Bi2S3-9e4974207024,Bi4S6,11,1.02014378846085,0.15725984776807556,0
BiIS-40034665f9f1,Bi2I2S2,11,0.6379274167405552,0.15589293465098564,0
BrSSb-4da5c6be60db,Br2S2Sb2,11,0.7833128003162144,0.08945751005087654,0
C2H2-1b265530a869,C4H4,5,0.13850194442834968,1.982995254597816,2
CuI2-fe94714b3303,Cu2I4,7,1.3562748185028761,0.5141489904677847,0
Ga2S2-ac002f4ce724,Ga4S4,5,1.1507797844573102,0.12629965763491624,0
Ga2Se2-8a6a5075fdf0,Ga4Se4,5,1.0178572727642778,0.17583537202254584,0
Ga2Te2-55c23ca88a05,Ga4Te4,5,0.9863888418121728,0.3400413340304409,0
Hf2Br4-69aac3df8db3,Hf4Br8,29,1.0531010233243059,0.23993701551264612,0
Hf2I2-e8512c33003a,Hf4I4,10,1.4676807954472715,0.3090851092191145,0
HfTe2-59c0e014651d,Hf2Te4,5,1.2631634958002311,0.37971030902543124,0
HgBr2-978e95bef964,Hg2Br4,7,0.6373043329692083,0.18774962367432968,0
HgH2S2-60c1ca2daded,Hg2H4S4,44,1.339989189378711,0.13700525259794905,0
In2Se2-178396d52e5c,In4Se4,5,0.7996052711890864,0.14819296265487614,0
NCl2Sc2-db8061f698aa,Sc4Cl4N2,5,1.5887851126268608,0.0725822146720132,0
NSe2Zr2-d567fba5f5ba,Zr4N2Se4,11,1.277055601073484,0.27243140621543294,0
NbSeTe-27b7ef56e482,Nb2Se2Te2,9,0.8880932875670428,0.07587858379616375,0
Os2Se4-a27442d3eef5,Os4Se8,12,1.0988187368834987,0.09211715678571974,0
PbBr2-cbdc15b42a05,Pb2Br4,5,0.8344556771990775,0.07787381537532401,0
PbSe2-0bc5d11454a7,Pb2Se4,5,0.8799921708584832,0.1365193305306951,0
Pd2Te2-51a4897edf43,Pd4Te4,7,0.8880277124218368,0.04959900841888132,0
Ru2Se4-7bbcf668755a,Ru4Se8,15,1.064596709060701,0.059188949101534494,0
S2Zn2-fdc73006aad8,Zn4S4,9,1.2286434596317664,0.12563660377973607,0
STeZr-3f7c4bfed2d9,Zr2S2Te2,11,1.1772846980712361,0.19384760134972367,0
Se2Sn2-95443c1cf2fb,Sn4Se4,7,1.0908234721410173,0.07798326708567638,0
Se2V2-774adf863910,V4Se4,9,1.1955630641725583,0.49985767437111095,0
Ti2Cl4-66087709613c,Ti4Cl8,27,1.0933220476455159,0.48331531838540265,0
TiSe2-509ef368050d,Ti2Se4,5,1.1255582484846398,0.3257468033189901,0
