monolayer_uid,formula,R_best,R_worst,abs_diff,Y_bi_best,Y_bi_worst
BaBr2-74dc20d8f1ff,Ba2Br4,1.4152639003377538,2.061373706669802,0.6461098063320481,19.591470134687526,28.53555538370869
BaI2-080cc67ae6c9,Ba2I4,1.6983943173798166,2.1218816945827563,0.4234873772029397,18.22881630949084,22.774093886920504
Bi2S3-9e4974207024,Bi4S6,1.9241250075343213,2.009825899122416,0.08570089158809457,108.86085154297196,113.70953445065226
BiIS-40034665f9f1,Bi2I2S2,1.9435407467405363,1.9033271195069936,0.040213627233542715,50.81426363041792,49.762870260246714
BrSSb-4da5c6be60db,Br2S2Sb2,2.104110989733855,1.8785663729228943,0.2255446168109605,26.05714757506595,23.264020504450595
C2H2-1b265530a869,C4H4,2.0772337706001136,2.2973746412410367,0.22014087064092314,333.8117555796868,369.1884240815941
Ga2S2-ac002f4ce724,Ga4S4,2.0046048332861472,2.052073896306012,0.047469063019864866,170.31306537247363,174.34608050794012
Ga2Se2-8a6a5075fdf0,Ga4Se4,1.9446600938167375,1.9924255653833889,0.04776547156665134,125.52787210639754,128.6111348446956
Ga2Te2-55c23ca88a05,Ga4Te4,1.9296235396121186,2.0091342776782377,0.07951073806611908,102.5564888217358,106.78236083888845
Hf2Br4-69aac3df8db3,Hf4Br8,1.9354999765560394,1.948302538782063,0.012802562226023495,224.90606373515274,226.39372785856065
Hf2I2-e8512c33003a,Hf4I4,1.945707416261218,2.030891529936449,0.08518411367523093,165.88250415024072,173.14492910281592
HfTe2-59c0e014651d,Hf2Te4,2.1256543136551063,1.9517898910702927,0.1738644225848136,104.2721381555912,95.74336893114838
In2Se2-178396d52e5c,In4Se4,1.952639143168569,2.0075659717074243,0.05492682853885533,96.86023364967824,99.58486685419146
NCl2Sc2-db8061f698aa,Sc4Cl4N2,2.014429052461938,2.0264226697368213,0.011993617274883128,274.84208353269065,276.4784532806815
NSe2Zr2-d567fba5f5ba,Zr4N2Se4,2.0319056069841217,1.9482093670265865,0.08369623995753517,292.7302386557183,280.672385075738
NbSeTe-27b7ef56e482,Nb2Se2Te2,2.0287308967604827,1.9504209549975242,0.07830994176295847,142.43229564254824,136.934343797509
PbBr2-cbdc15b42a05,Pb2Br4,1.8174696139344368,2.0513978845656884,0.23392827063125154,12.812886983554302,14.462046051126286
Pd2Te2-51a4897edf43,Pd4Te4,2.278344994391427,1.7879230037850735,0.4904219906063536,16.947771282127665,13.299702289511226
S2Zn2-fdc73006aad8,Zn4S4,1.9006643396453302,2.0152042539116812,0.11453991426635102,92.1480863918595,97.70121520844025
STeZr-3f7c4bfed2d9,Zr2S2Te2,2.1116303932486042,2.0756643587480794,0.035966034500524824,104.36935647077351,102.59170073725734
Se2Sn2-95443c1cf2fb,Sn4Se4,3.4416369424674627,3.300650720380255,0.14098622208720757,49.61703694043561,47.58448129719621
Se2V2-774adf863910,V4Se4,2.0180917579948376,1.7832960755485978,0.23479568244623983,43.59512856402896,38.52303611730438
Ti2Cl4-66087709613c,Ti4Cl8,2.110711532184888,2.111301312603201,0.0005897804183132571,161.92206426596735,161.9673089435752
TiSe2-509ef368050d,Ti2Se4,2.166076363186324,1.919712956674954,0.24636340651137,106.28208041131357,94.19385682591349
