model,variant,subset,filter,quantity,n,mae,rmse,r2,spearman,slope_through_origin,bias,median_ratio
chgnet_0.3.0,relaxed_cell,all,all_computed,c11,334,32.19290294053475,49.85333042855567,0.4030674271446686,0.8265694000557197,0.5398258264601259,-30.255126401669717,0.5724852499937849
chgnet_0.3.0,relaxed_cell,all,all_computed,c12,334,8.605251881198848,12.837094764057149,0.5983345782956464,0.7898342191082428,0.7821541411170033,-4.338871177368221,
chgnet_0.3.0,relaxed_cell,all,all_computed,c22,334,31.32432925600547,44.39307303265799,0.5398063544937342,0.8297022475628338,0.5908959679055878,-29.44857566294824,0.5733673165638306
chgnet_0.3.0,relaxed_cell,all,all_computed,Y2D,334,33.83372904788599,55.44303063269378,0.1590855854546397,0.7872898287712524,0.4838186874147635,-30.14008898143307,0.5332008811848135
chgnet_0.3.0,relaxed_cell,all,all_computed,poisson,334,0.26790947802793297,0.9513819278233907,-19.766047880675625,0.5182743555167872,1.1938308469548369,0.15708193150812721,
chgnet_0.3.0,relaxed_cell,all,all_computed,c66,150,26.70647339131465,46.327990700579576,0.1166923995114102,0.8005351348948844,0.2422307310843698,-26.597665487370975,0.23837163959513308
chgnet_0.3.0,relaxed_cell,all,ml_stable_only,c11,306,32.47900570744694,50.209893637342866,0.4189617564165209,0.8466198276535007,0.5489507394713582,-30.447155023867886,0.5867313296970978
chgnet_0.3.0,relaxed_cell,all,ml_stable_only,c12,306,8.270360750976897,11.517073330573005,0.6891658591513456,0.8076933507391382,0.7673842497002548,-4.776037073875886,
chgnet_0.3.0,relaxed_cell,all,ml_stable_only,c22,306,31.27292081320759,44.13104224915891,0.5641524183079418,0.8510514435270092,0.6013677624013097,-29.266210508300972,0.5967529409173415
chgnet_0.3.0,relaxed_cell,all,ml_stable_only,Y2D,306,32.81223229462617,50.755959761360444,0.32337710662281105,0.8014611233078399,0.49042533898065843,-30.51827749815297,0.5434878131629879
chgnet_0.3.0,relaxed_cell,all,ml_stable_only,poisson,306,0.15407274302391147,0.20690286848126366,-0.05363485239535004,0.5850773354215181,1.0309894653626999,0.06797947113459409,
chgnet_0.3.0,relaxed_cell,all,ml_stable_only,c66,137,28.300406535167973,48.32366053495331,0.0971414837524065,0.7966985270782383,0.24295210343564755,-28.184264200883604,0.23914939599581223
chgnet_0.3.0,relaxed_cell,c2db,all_computed,c11,150,23.23696630685294,38.063736978742234,0.6553400005233542,0.853575714476199,0.5886535542668349,-20.854648309680112,0.5855249761491775
chgnet_0.3.0,relaxed_cell,c2db,all_computed,c12,150,6.88983584189367,9.572911166529346,0.7597810473365183,0.7296199831103606,0.7788204604525971,-3.7487635282870677,0.6757984277868128
chgnet_0.3.0,relaxed_cell,c2db,all_computed,c22,150,24.267550495500565,38.99618803878881,0.701960197927523,0.8255922485443798,0.6212209237122964,-22.501138844887183,0.5859437103988661
chgnet_0.3.0,relaxed_cell,c2db,all_computed,Y2D,150,23.37300745383854,38.78269349260324,0.5891689062088872,0.8301755633583714,0.5388343855855159,-21.22523487818238,0.5428939509127685
chgnet_0.3.0,relaxed_cell,c2db,all_computed,poisson,150,0.21911882728949622,0.5357714726017047,-4.9905201637235805,0.6164451753411263,1.2317470195932387,0.10847804628204938,1.1556913689713604
chgnet_0.3.0,relaxed_cell,c2db,all_computed,c66,150,26.70647339131465,46.327990700579576,0.1166923995114102,0.8005351348948844,0.2422307310843698,-26.597665487370975,0.23837163959513308
chgnet_0.3.0,relaxed_cell,c2db,ml_stable_only,c11,137,24.20652715076351,39.45199994059976,0.6528165429419394,0.85442996621054,0.5900357507355223,-21.670466409901135,0.5939894168149821
chgnet_0.3.0,relaxed_cell,c2db,ml_stable_only,c12,137,6.955760513610176,9.741580944882253,0.768318318195621,0.7551244236190191,0.783309975937061,-3.6691221287282505,0.6852660014398971
chgnet_0.3.0,relaxed_cell,c2db,ml_stable_only,c22,137,24.81742925485904,40.092142851450795,0.7052675990005752,0.8326254970410887,0.6246220492919582,-22.892505325123306,0.6005406398975628
chgnet_0.3.0,relaxed_cell,c2db,ml_stable_only,Y2D,137,23.878595296101267,39.58027678478857,0.5985553434121765,0.8350430302238319,0.5418455530165643,-21.597071891529456,0.5433095623182855
chgnet_0.3.0,relaxed_cell,c2db,ml_stable_only,poisson,137,0.14900368021910335,0.19865648461288582,0.1705603008137262,0.6733109937088132,1.0297467038055093,0.053615751597633966,1.1474940674493497
chgnet_0.3.0,relaxed_cell,c2db,ml_stable_only,c66,137,28.300406535167973,48.32366053495331,0.0971414837524065,0.7966985270782383,0.24295210343564755,-28.184264200883604,0.23914939599581223
chgnet_0.3.0,relaxed_cell,jarvis,all_computed,c11,184,39.49393823973187,57.709034519482614,0.0908557986557782,0.7711843022041653,0.5143027005810765,-37.91855962883515,0.5668476704540517
chgnet_0.3.0,relaxed_cell,jarvis,all_computed,c12,184,10.00368886976285,14.980803011405518,0.43719913918937003,0.7963349241268884,0.7838616387635334,-4.819937195640898,
chgnet_0.3.0,relaxed_cell,jarvis,all_computed,c22,184,37.0771380281562,48.34901450610941,0.29952841771801864,0.7975892858423127,0.5704067381967773,-35.11224698201975,0.5727248600438588
chgnet_0.3.0,relaxed_cell,jarvis,all_computed,Y2D,184,42.361491216946405,65.98245420989693,-0.33369014014505516,0.710027528468248,0.45486380443838476,-37.407633087343946,0.5117304752224773
chgnet_0.3.0,relaxed_cell,jarvis,all_computed,poisson,184,0.3076844650429628,1.1870106511569303,-34.22321948921561,0.4318995725951146,1.1595599113551742,0.19670466402938636,
chgnet_0.3.0,relaxed_cell,jarvis,ml_stable_only,c11,169,39.185097791858944,57.471431813874965,0.11537663541910781,0.7879634720220704,0.527188391623371,-37.56198543874034,0.5827349553201273
chgnet_0.3.0,relaxed_cell,jarvis,ml_stable_only,c12,169,9.336042600203173,12.776566612512234,0.5961276164638958,0.8153436207149348,0.7590428974704471,-5.673358656628703,
chgnet_0.3.0,relaxed_cell,jarvis,ml_stable_only,c22,169,36.50607077470909,47.151958270364375,0.34280503800837514,0.8171940354862496,0.5854261919582597,-34.43306027217872,0.5966919133300668
chgnet_0.3.0,relaxed_cell,jarvis,ml_stable_only,Y2D,169,40.054293056743994,58.26298629030433,-0.021645313895952478,0.7146323697560703,0.46304905251292194,-37.750260741392154,0.5436660640076901
chgnet_0.3.0,relaxed_cell,jarvis,ml_stable_only,poisson,169,0.15818198328579736,0.21335401631944,-0.30132076438203015,0.5049675420384995,1.0321220914137699,0.07962343312609431,
mace_mp0_medium,relaxed_cell,all,all_computed,c11,334,24.6166275609065,42.34194557466604,0.5693955199338945,0.8653650404821037,0.6500618872628408,-21.49200636237157,0.7379488559488512
mace_mp0_medium,relaxed_cell,all,all_computed,c12,334,8.095318154543568,16.351535859719558,0.3482995003566378,0.8292370873737501,0.8628436975476287,-3.0793897814898825,
mace_mp0_medium,relaxed_cell,all,all_computed,c22,334,23.862816422664256,35.870921555492565,0.6995340471415243,0.8712916615825473,0.6928258278186668,-21.215553527449742,0.7353188815219698
mace_mp0_medium,relaxed_cell,all,all_computed,Y2D,334,28.133359336226516,61.545793653183395,-0.03622633753950755,0.8196577806647994,0.6201544780512735,-16.98057773983559,0.7153452646311391
mace_mp0_medium,relaxed_cell,all,all_computed,poisson,334,0.21550012601317395,0.6322063544407818,-8.169840246151857,0.5361874317339922,0.8000987331888332,0.0017166046518973248,
mace_mp0_medium,relaxed_cell,all,all_computed,c66,150,25.173683464376413,42.567814356792965,0.25425947919974823,0.8477727899017735,0.31127937912662934,-24.65934828651991,0.32740297096664395
mace_mp0_medium,relaxed_cell,all,ml_stable_only,c11,315,24.453665826994282,42.344500433238316,0.5808306706645225,0.8802116547642652,0.6561473059587764,-21.16068502048332,0.7427520384730323
mace_mp0_medium,relaxed_cell,all,ml_stable_only,c12,315,6.998216402551582,10.125251606292418,0.7571201267923754,0.8488701038394286,0.8649743850495402,-2.44083360739009,
mace_mp0_medium,relaxed_cell,all,ml_stable_only,c22,315,23.14603130913089,34.858497555689695,0.7239541826106051,0.8884242869738865,0.7010221913399455,-20.344289448971914,0.7484927402465126
mace_mp0_medium,relaxed_cell,all,ml_stable_only,Y2D,315,24.71234788102832,43.47307618356461,0.49759402372809225,0.8621217827904349,0.6003578395508837,-21.6897035463507,0.7123579482585161
mace_mp0_medium,relaxed_cell,all,ml_stable_only,poisson,315,0.12990696043075695,0.19428762100993346,0.1250912738515132,0.5982561378447392,0.9693596786905453,0.03990969829746094,
mace_mp0_medium,relaxed_cell,all,ml_stable_only,c66,138,25.681164181796472,43.78382316286587,0.25621470805820024,0.8486263353645866,0.3124639153117691,-25.16709018026097,0.3328522202358891
mace_mp0_medium,relaxed_cell,c2db,all_computed,c11,150,19.29163672833072,32.07826893316441,0.7552121354672892,0.8765669585314902,0.7024060393445541,-14.825335641243452,0.7245900371706298
mace_mp0_medium,relaxed_cell,c2db,all_computed,c12,150,7.216353746908638,11.270852017528256,0.6670088380595243,0.6961607182541446,0.8856874955376597,-2.225230850676466,0.8488781343276286
mace_mp0_medium,relaxed_cell,c2db,all_computed,c22,150,19.235607732463116,31.66769813365894,0.8034545712491223,0.86661451620072,0.7080671212259777,-17.03742462167611,0.7315365988683489
mace_mp0_medium,relaxed_cell,c2db,all_computed,Y2D,150,19.27887465075203,33.34211447141156,0.6963497476736304,0.8266198497711009,0.6605626520853296,-13.71710135154722,0.6926898760890812
mace_mp0_medium,relaxed_cell,c2db,all_computed,poisson,150,0.2354175580440631,0.5941150922545765,-6.366251332790633,0.5384043735277123,0.8224948304122899,0.015745680228663232,1.1767115995482347
mace_mp0_medium,relaxed_cell,c2db,all_computed,c66,150,25.173683464376413,42.567814356792965,0.25425947919974823,0.8477727899017735,0.31127937912662934,-24.65934828651991,0.32740297096664395
mace_mp0_medium,relaxed_cell,c2db,ml_stable_only,c11,138,19.537714717359428,32.903658581728955,0.7579473680516814,0.8751795136407533,0.704150720194681,-14.728941986900185,0.7357799882780652
mace_mp0_medium,relaxed_cell,c2db,ml_stable_only,c12,138,6.5531847814286515,9.945820078854625,0.7564167968196762,0.737705741468393,0.891993819789698,-1.8545007388512356,0.8533015225796654
mace_mp0_medium,relaxed_cell,c2db,ml_stable_only,c22,138,18.71202488859916,31.662295082505526,0.8154921219928895,0.8829970615700393,0.7133815023644555,-16.334558616378285,0.7422360094525231
mace_mp0_medium,relaxed_cell,c2db,ml_stable_only,Y2D,138,18.905567817540355,32.92767455861749,0.7219980025586921,0.8890017785834803,0.658620804574746,-15.571547846244588,0.6793434011772281
mace_mp0_medium,relaxed_cell,c2db,ml_stable_only,poisson,138,0.15411260779961292,0.21848438912666557,0.026625045432244976,0.6324199922829111,0.984554324212362,0.03811711967109469,1.1638041721300456
mace_mp0_medium,relaxed_cell,c2db,ml_stable_only,c66,138,25.681164181796472,43.78382316286587,0.25621470805820024,0.8486263353645866,0.3124639153117691,-25.16709018026097,0.3328522202358891
mace_mp0_medium,relaxed_cell,jarvis,all_computed,c11,184,28.957652696158497,49.14797852469547,0.34058856262624504,0.8330462977140969,0.6227006635765295,-26.926792276334705,0.7422076968384346
mace_mp0_medium,relaxed_cell,jarvis,all_computed,c12,184,8.811865225985086,19.53921285300866,0.042588379770823304,0.8579611875101822,0.8511431973400794,-3.775714996826906,
mace_mp0_medium,relaxed_cell,jarvis,all_computed,c22,184,27.63499742011084,38.96340400184196,0.5450862629184547,0.8484803245129806,0.6825279608185542,-24.621636874547814,0.7430431168800335
mace_mp0_medium,relaxed_cell,jarvis,all_computed,Y2D,184,35.35168924286333,77.26292651324528,-0.8286909619885219,0.7631877034710847,0.5988875671631508,-19.641020447679367,0.7327152089022853
mace_mp0_medium,relaxed_cell,jarvis,all_computed,poisson,184,0.1992630890314708,0.6616384335748073,-9.94362660927409,0.5154189647876092,0.7798557826951567,-0.009720141742205311,
mace_mp0_medium,relaxed_cell,jarvis,ml_stable_only,c11,177,28.286441268404513,48.44514998513605,0.36479484058680955,0.8527312549892087,0.631004923661529,-26.175264334802375,0.7486648030399485
mace_mp0_medium,relaxed_cell,jarvis,ml_stable_only,c12,177,7.345190208850816,10.262971210216932,0.7391774728469521,0.8621221942960875,0.8510009983560038,-2.8979744879458065,
mace_mp0_medium,relaxed_cell,jarvis,ml_stable_only,c22,177,26.60305326412174,37.16021580190082,0.5880116892426137,0.8661192476113148,0.6926496400927415,-23.470520267604233,0.7490865819347843
mace_mp0_medium,relaxed_cell,jarvis,ml_stable_only,Y2D,177,29.23966793052742,50.180304811234,0.23546919449875137,0.798710826655193,0.5696831672070045,-26.459791041348684,0.7309029588792324
mace_mp0_medium,relaxed_cell,jarvis,ml_stable_only,poisson,177,0.11103476078724213,0.17309136730640506,0.22134481286927332,0.5554731984112798,0.955870629715559,0.041307301972254955,
mace_mpa0_medium,relaxed_cell,all,all_computed,c11,334,14.498269581009312,32.01460166996896,0.7538311311422619,0.899774761904964,0.8352648510766979,-8.479351186942917,0.9105864876390418
mace_mpa0_medium,relaxed_cell,all,all_computed,c12,334,6.2811051994383895,10.368622675475553,0.7379566804508148,0.8505570784690459,0.9174694699000929,-1.0555713805360687,
mace_mpa0_medium,relaxed_cell,all,all_computed,c22,334,13.396927521037867,21.61414332494104,0.8909096706835148,0.905780125800262,0.8839978988247443,-7.690755251170663,0.9094133519819967
mace_mpa0_medium,relaxed_cell,all,all_computed,Y2D,334,47.14291089181292,606.6007053911898,-99.66156904375403,0.8737203651574409,0.3745067738782166,-40.48334804293125,0.9160652385760555
mace_mpa0_medium,relaxed_cell,all,all_computed,poisson,334,0.4533627483949965,5.500010513141711,-693.0185769354015,0.6653632592106667,1.7943954767494252,0.32749583731547854,
mace_mpa0_medium,relaxed_cell,all,all_computed,c66,150,20.593003402586298,34.26516278545406,0.51679587105302,0.9264145073114363,0.4483143698180392,-20.232422834685835,0.4302831770994912
mace_mpa0_medium,relaxed_cell,all,ml_stable_only,c11,320,13.21210326329017,28.353391333946938,0.8059251336612075,0.9240482687397201,0.8572433154134753,-6.935468753050972,0.9179309776727589
mace_mpa0_medium,relaxed_cell,all,ml_stable_only,c12,320,5.894155974970843,9.381714562525195,0.7879905580364364,0.8691679432649468,0.9087404224048963,-1.2516023806521013,
mace_mpa0_medium,relaxed_cell,all,ml_stable_only,c22,320,12.512531686171737,19.215665073748024,0.9151386713994362,0.9250294597919414,0.8920244449424176,-6.556714379497843,0.9160616839779927
mace_mpa0_medium,relaxed_cell,all,ml_stable_only,Y2D,320,13.286917554648042,28.86659775651053,0.7708373035797436,0.8972048951371705,0.8358510479587518,-6.687222238079448,0.9160652385760555
mace_mpa0_medium,relaxed_cell,all,ml_stable_only,poisson,320,0.10685333180412937,0.2040024148810756,0.0336331555532241,0.7023231992936493,0.8867812109907819,0.0042109549983475585,
mace_mpa0_medium,relaxed_cell,all,ml_stable_only,c66,141,20.84053451461446,34.892217882436604,0.5201920341027908,0.9277665995975853,0.44948389250934573,-20.456938165784184,0.44124712631143004
mace_mpa0_medium,relaxed_cell,c2db,all_computed,c11,150,11.13272325663059,19.389257562686037,0.9105685247065878,0.9424969998666608,0.8851904084699223,-6.464836164122308,0.8886873939792083
mace_mpa0_medium,relaxed_cell,c2db,all_computed,c12,150,5.6744452003217205,9.744671190439105,0.7510835545777077,0.811163162807236,0.860527708740608,-0.9993850939961828,0.8515904467165714
mace_mpa0_medium,relaxed_cell,c2db,all_computed,c22,150,10.838185764571854,17.862511384037536,0.9374661753209037,0.9415689586203833,0.8915437127951853,-6.8977114880702235,0.9039638342456486
mace_mpa0_medium,relaxed_cell,c2db,all_computed,Y2D,150,9.914407108906955,17.673288671891644,0.9146856448871226,0.9393430819147519,0.8856313156219237,-5.622622082377907,0.9048852234955724
mace_mpa0_medium,relaxed_cell,c2db,all_computed,poisson,150,0.1777705360100399,0.6368766544444171,-7.4647867589661505,0.7207555891372951,1.0431951598301434,0.06402491932471016,0.9686213600549182
mace_mpa0_medium,relaxed_cell,c2db,all_computed,c66,150,20.593003402586298,34.26516278545406,0.51679587105302,0.9264145073114363,0.4483143698180392,-20.232422834685835,0.4302831770994912
mace_mpa0_medium,relaxed_cell,c2db,ml_stable_only,c11,141,10.310902082136868,17.319129405599657,0.9318429046742396,0.9492144355494669,0.8900316181544181,-5.357800213097088,0.9044776597397832
mace_mpa0_medium,relaxed_cell,c2db,ml_stable_only,c12,141,5.2950291065317945,8.789835712577794,0.805679673021634,0.8406695492101545,0.8630274181887957,-1.047022921888278,0.8677012253104456
mace_mpa0_medium,relaxed_cell,c2db,ml_stable_only,c22,141,10.18410125621542,15.965968527637814,0.9521698818299399,0.9413716340596772,0.8936770374982023,-5.992107345043473,0.9092592810281757
mace_mpa0_medium,relaxed_cell,c2db,ml_stable_only,Y2D,141,9.596116829678522,16.908743891406562,0.9255234651494418,0.9417141144740784,0.8875937480467323,-5.1931788282965,0.9043435154794799
mace_mpa0_medium,relaxed_cell,c2db,ml_stable_only,poisson,141,0.11504974230227079,0.2395311011656779,-0.19607485105558764,0.7478487948970417,0.9119566622351039,0.009804177687205914,0.979482032607743
mace_mpa0_medium,relaxed_cell,c2db,ml_stable_only,c66,141,20.84053451461446,34.892217882436604,0.5201920341027908,0.9277665995975853,0.44948389250934573,-20.456938165784184,0.44124712631143004
mace_mpa0_medium,relaxed_cell,jarvis,all_computed,c11,184,17.24192147588327,39.420854954562856,0.5757740470569066,0.8450343770619615,0.8091678700544952,-10.121618868590152,0.9281031452281814
mace_mpa0_medium,relaxed_cell,jarvis,all_computed,c12,184,6.7756649813269805,10.850764297561373,0.7047395849936804,0.8517454873958885,0.9466348078423883,-1.1013754184761932,
mace_mpa0_medium,relaxed_cell,jarvis,all_computed,c22,184,15.482858300765592,24.246781619290374,0.8238334415247319,0.8748336663891891,0.8788995264885804,-8.337258318915586,0.9183034030264479
mace_mpa0_medium,relaxed_cell,jarvis,all_computed,Y2D,184,77.49223462787756,817.117358598439,-203.5346460850202,0.8132049448246985,0.10550080313490523,-68.9024181194693,0.9207998288350466
mace_mpa0_medium,relaxed_cell,jarvis,all_computed,poisson,184,0.6780303128392547,7.387819309796479,-1363.4334162202492,0.6016353273196147,2.4733758667034653,0.5422819117644747,
mace_mpa0_medium,relaxed_cell,jarvis,ml_stable_only,c11,179,15.497406986991932,34.65387268890286,0.6591851214527062,0.8895367208933039,0.8395968067090052,-8.178213245416883,0.9363693064403834
mace_mpa0_medium,relaxed_cell,jarvis,ml_stable_only,c12,179,6.366093899271993,9.822864369377392,0.7575803881899201,0.8612643837997912,0.9324589182865404,-1.4127515632537722,
mace_mpa0_medium,relaxed_cell,jarvis,ml_stable_only,c22,179,14.34665844943342,21.43129305737285,0.8624027682664139,0.9035030501684856,0.8908990532418946,-7.001460702727265,0.9323570086078005
mace_mpa0_medium,relaxed_cell,jarvis,ml_stable_only,Y2D,179,16.194196338003923,35.55914552970317,0.5963755489015015,0.856086047845871,0.8077367323452641,-7.864094421204565,0.9210430233831528
mace_mpa0_medium,relaxed_cell,jarvis,ml_stable_only,poisson,179,0.1003969414117386,0.1708921604604403,0.2540854732915869,0.6505709103703974,0.864697720445991,-0.0001948796336581831,
