id,formula,nat,exf,Eb_ref
JVASP-75215,ZnSe,4,89.18,21.43414645971967
JVASP-75222,TePdI2,8,79.09,22.24205784696126
JVASP-75061,CdS,2,948.93,137.58839719038818
JVASP-75225,TaTe2,9,115.5,29.657064699330853
JVASP-75378,Na2Cl,3,199.88,45.879848029915856
JVASP-75385,AgBiO2,8,235.69,116.06656434613194
JVASP-6895,CS2,6,75.88,16.209279811492024
JVASP-60553,YIO,6,47.64,18.48439417734364
JVASP-14451,Si3H,8,25.96,15.986481984798532
JVASP-60597,Ta2PdSe6,9,88.3,24.468372624403045
JVASP-6052,CaI2,3,82.42,14.293498165374357
JVASP-19989,SnS,4,87.6,16.161542472216173
JVASP-28183,TiSnO3,10,35.87,15.830958329075461
JVASP-6430,HgCl2,6,196.31,22.099573288466907
JVASP-31356,NbO2,3,67.44,25.929233224463697
JVASP-8888,TeRhCl,6,93.95,23.02267292978239
JVASP-28262,GaHO2,8,38.11,26.22822715740303
JVASP-28280,AgBiO2,8,107.79,36.543179016600945
JVASP-6346,TmAgP2Se6,10,77.55,20.632008431279736
JVASP-5959,TaS2,6,78.46,24.322061891256507
JVASP-6721,PbIF,6,55.68,19.04716533906916
JVASP-6730,SbSI,6,200.96,27.99368702060016
JVASP-6208,SrHI,6,57.39,19.17039785998152
JVASP-27756,AuBr,4,84.63,19.494159361573505
JVASP-6349,ZrCl,4,52.19,20.416661025035385
JVASP-8948,InBrO,6,41.81,16.7115625529249
JVASP-6745,CBrN,3,108.49,14.339243668022704
JVASP-6523,Sb2S3,10,138.27,33.324366524346274
JVASP-6424,NdI2,3,98.6,19.78905620636175
JVASP-6166,DySI,6,55.68,15.06797539359002
JVASP-8984,RbBiO2,8,165.43,34.564261679385154
JVASP-13509,Sb2TeSe2,5,72.31,24.305962339753012
JVASP-729,HfSe2,3,92.05,22.545525209110878
JVASP-5935,NiO2,3,57.78,25.157280330870922
JVASP-27774,HfIN,6,40.34,20.43381448943301
JVASP-19583,AgNO2,4,136.51,35.289479441945936
JVASP-31367,ZrBr,4,55.34,20.56076415768267
JVASP-28071,ErTe3,8,52.12,22.64585282916732
JVASP-31377,NbBr2O,8,62.8,18.167792897064633
JVASP-19540,CNCl,3,110.72,15.469432936460867
