id,formula,nat,ref,exf,error,eb,d_int,gap,converged,op,scan_range,mono_conv,regime,failure,ratio
JVASP-75215,ZnSe,4,21.43414645971967,89.18,,7.235642853637936,5.57054232654307,2.764140542043405,True,id,5.67460704737514,True,vdW,False,0.33757550678472725
JVASP-75222,TePdI2,8,22.24205784696126,79.09,,2.1031648346760634,11.114732309827556,3.594646346397851,True,mirror_rot,1.7284175180386856,True,vdW,False,0.09455801478204504
JVASP-75061,CdS,2,137.58839719038818,948.93,,29.98680092941158,2.8710480814399446,2.361058796067765,True,rot180,14.430419179776091,True,bonded,False,0.21794571011621927
JVASP-75225,TaTe2,9,29.657064699330853,115.5,,8.71865724754355,7.011134755529538,2.940691354338095,True,rot180,4.153301112997498,True,vdW,False,0.2939824738535324
JVASP-75378,Na2Cl,3,45.879848029915856,199.88,,22.76499417582267,6.479139179824193,3.050401750961795,True,id,3.969692791688173,True,bonded,False,0.4961872184271144
JVASP-75385,AgBiO2,8,116.06656434613194,235.69,,8.014160770670662,8.226372062416784,2.3060941958689654,True,mirror,10.363205450771861,True,bonded,False,0.06904797101403772
JVASP-6895,CS2,6,16.209279811492024,75.88,,13.274632488046176,5.7610865463345755,2.871875462042397,True,mirror_rot,6.546553918270257,True,vdW,False,0.8189526396252813
JVASP-60553,YIO,6,18.48439417734364,47.64,,-0.12374597148469066,9.764290387627849,3.7312830632850194,True,id,1.5010447905003728,True,vdW,True,-0.006694618730667752
JVASP-14451,Si3H,8,15.986481984798532,25.96,,1.5535575503774328,13.244418301191347,3.09138349070499,True,mirror_rot,1.178377526153578,True,vdW,True,0.0971794514799881
JVASP-60597,Ta2PdSe6,9,24.468372624403045,88.3,ValueError: tilted cell with a slab that may straddle the boundary (extent 23.17 of height 23.74),,,,,,,,vdW,True,
JVASP-6052,CaI2,3,14.293498165374357,82.42,,0.5571382750879802,7.536347584348152,4.031375321814875,True,id,0.19807866266199625,True,vdW,True,0.038978441011566625
JVASP-19989,SnS,4,16.161542472216173,87.6,,9.56620741160101,4.894031437131467,2.6542781282576025,True,mirror,3.733915815068626,True,vdW,False,0.5919117824333033
JVASP-28183,TiSnO3,10,15.830958329075461,35.87,,12.568945025215095,6.983514480346912,2.5577825454187746,True,mirror_rot,7.992905941297305,True,vdW,False,0.7939471991490695
JVASP-6430,HgCl2,6,22.099573288466907,196.31,,-0.4234080854663826,4.401110200469063,4.353595342176982,True,mirror_rot,3.2530994090536502,True,vdW,True,-0.019159106827069207
JVASP-31356,NbO2,3,25.929233224463697,67.44,,1.2066615885371075,5.678667885418155,3.2835735498495504,True,rot180,1.2908915410201833,True,vdW,True,0.04653672471111283
JVASP-8888,TeRhCl,6,23.02267292978239,93.95,,7.616500411539384,6.041689966871368,3.266006451779264,True,id,4.457736455976071,True,vdW,False,0.33082607022951677
JVASP-28262,GaHO2,8,26.22822715740303,38.11,,37.037952770537345,6.205353432712284,0.429848685475517,True,id,3.49315267941329,True,vdW,True,1.4121409178082105
JVASP-28280,AgBiO2,8,36.543179016600945,107.79,,18.480328842683043,6.134697089416762,2.495572819276622,True,id,11.335192661460972,True,vdW,False,0.5057121285011286
JVASP-6346,TmAgP2Se6,10,20.632008431279736,77.55,,1.9054752623383369,7.401559844308013,3.7921784771902454,True,mirror_rot,1.2737751156901387,True,vdW,True,0.09235529680423586
JVASP-5959,TaS2,6,24.322061891256507,78.46,,5.1590768496651425,6.681227979233609,3.560824030270004,True,mirror_rot,2.8555427588170748,True,vdW,False,0.2121151106650119
JVASP-6721,PbIF,6,19.04716533906916,55.68,,-0.30767428063472996,10.827957199702672,4.403568784158107,True,rot180,0.8452784003926052,True,vdW,True,-0.01615328449969585
JVASP-6730,SbSI,6,27.99368702060016,200.96,,3.5947334935940667,5.490109669727813,2.7329367756036946,True,mirror,2.787024610696809,True,vdW,False,0.12841229134800117
JVASP-6208,SrHI,6,19.17039785998152,57.39,,1.0352269693487386,10.145615237425234,4.394858803265616,True,mirror,1.4626371803115776,True,vdW,True,0.05400132938867115
JVASP-27756,AuBr,4,19.494159361573505,84.63,,1.770522795155648,6.514892515569144,2.5826119772205662,True,mirror_rot,1.3160910549259224,True,vdW,True,0.09082324414797115
JVASP-6349,ZrCl,4,20.416661025035385,52.19,,6.771829449930212,9.646873303495193,3.8028703396788996,True,mirror_rot,3.606637961180096,True,vdW,False,0.33168153409739415
JVASP-8948,InBrO,6,16.7115625529249,41.81,,1.5489239931282723,10.35718949676968,4.402902498602303,True,id,0.6389313049801222,True,vdW,True,0.09268576700849411
JVASP-6745,CBrN,3,14.339243668022704,108.49,,2.3302069585242187,4.268662634002761,4.241302627904697,True,rot180,3.252726415028373,True,vdW,False,0.16250556950369058
JVASP-6523,Sb2S3,10,33.324366524346274,138.27,,7.590734351549524,6.186395539919251,1.3159747974147775,True,mirror,3.808182501889391,True,vdW,True,0.22778330522813836
JVASP-6424,NdI2,3,19.78905620636175,98.6,,2.9433589554143276,7.838802716518215,4.084188038819253,True,id,1.2672535320451983,True,vdW,False,0.1487367019791526
JVASP-6166,DySI,6,15.06797539359002,55.68,,-0.06460742424137184,11.19834239883889,4.404330816857122,True,mirror,1.25055792714064,True,vdW,True,-0.004287730936224923
JVASP-8984,RbBiO2,8,34.564261679385154,165.43,,5.132890296790953,5.0499481376997775,2.320733745606119,True,id,8.263792131608767,True,vdW,False,0.14850281902165774
JVASP-13509,Sb2TeSe2,5,24.305962339753012,72.31,,0.9253516345323463,10.216737762050807,3.1047325042268463,True,id,2.0451264038707637,True,vdW,True,0.03807097294061509
JVASP-729,HfSe2,3,22.545525209110878,92.05,,0.806030670749722,7.516964748839508,4.4045087491392465,True,mirror_rot,0.5582386613454963,True,vdW,True,0.0357512483419103
JVASP-5935,NiO2,3,25.157280330870922,57.78,,4.020457796603169,6.936182230868707,4.90095203140941,True,id,6.222214061458813,True,vdW,False,0.15981289486485536
JVASP-27774,HfIN,6,20.43381448943301,40.34,,1.9049027612925045,11.629351615746227,4.678854508965902,True,mirror_rot,1.199307685644796,True,vdW,True,0.09322306230574774
JVASP-19583,AgNO2,4,35.289479441945936,136.51,,33.65611634143097,3.9360923323852237,2.1732332547150848,True,id,7.65740373305463,True,vdW,False,0.9537152962768415
JVASP-31367,ZrBr,4,20.56076415768267,55.34,,3.7973468774509413,9.608895264045477,3.534966907909717,True,rot180,1.4610692733337651,True,vdW,False,0.18468899542491163
JVASP-28071,ErTe3,8,22.64585282916732,52.12,,9.040101776910673,14.369319486869163,3.6948962427982543,True,mirror,4.234574948307941,True,vdW,False,0.3991945830040561
JVASP-31377,NbBr2O,8,18.167792897064633,62.8,,2.5491374607110426,7.675240915105157,3.4301189338887523,True,id,1.310055489673271,True,vdW,False,0.14031079477589742
JVASP-19540,CNCl,3,15.469432936460867,110.72,,3.438631409078734,3.4084499285662426,3.2869969425291896,True,rot180,5.002999872544578,True,vdW,False,0.2222855500393948
