variant,basis,quantity,n,mae,median_abs_err,rmse,r2,spearman,slope,bias,median_ratio
relaxed_cell,all_computed,c11,150,11.13272325663059,5.599853785267939,19.389257562686037,0.9105685247065878,0.9424969998666608,0.8851904084699223,-6.464836164122308,0.8886873939792083
relaxed_cell,all_computed,c12,150,5.6744452003217205,2.934467654914529,9.744671190439105,0.7510835545777077,0.811163162807236,0.860527708740608,-0.9993850939961828,0.8515904467165714
relaxed_cell,all_computed,c22,150,10.838185764571854,5.7558189646281335,17.862511384037536,0.9374661753209037,0.9415689586203833,0.8915437127951853,-6.8977114880702235,0.9039638342456486
relaxed_cell,all_computed,Y2D,150,9.914407108906955,4.768393405203129,17.673288671891644,0.9146856448871226,0.9393430819147519,0.8856313156219237,-5.622622082377907,0.9048852234955724
relaxed_cell,all_computed,poisson,149,0.17089009139104666,0.06414909551983408,0.6313651764641948,-8.179311031450785,0.7531906403047344,1.1113848144737182,0.07252815223454064,0.970893502868317
relaxed_cell,ml_stable_only,c11,141,10.310902082136868,5.576495399284781,17.319129405599657,0.9318429046742396,0.9492144355494669,0.8900316181544181,-5.357800213097088,0.9044776597397832
relaxed_cell,ml_stable_only,c12,141,5.2950291065317945,2.698970646277651,8.789835712577794,0.805679673021634,0.8406695492101545,0.8630274181887957,-1.047022921888278,0.8677012253104456
relaxed_cell,ml_stable_only,c22,141,10.18410125621542,5.570870302770942,15.965968527637814,0.9521698818299399,0.9413716340596772,0.8936770374982023,-5.992107345043473,0.9092592810281757
relaxed_cell,ml_stable_only,Y2D,141,9.596116829678522,4.711308639433369,16.908743891406562,0.9255234651494418,0.9417141144740784,0.8875937480467323,-5.1931788282965,0.9043435154794799
relaxed_cell,ml_stable_only,poisson,140,0.10727897771700107,0.0628707108964369,0.21782678084180357,-0.09808382264780846,0.7832936082744747,0.9753330107023522,0.01846675598668618,0.981821144696682
dft_cell,all_computed,c11,150,10.14454812858578,5.368254588196894,17.80876706355436,0.9245540828357194,0.9528547935463798,0.8754000103340831,-7.288214896419259,0.8963105114312938
dft_cell,all_computed,c12,150,5.473120328401172,2.45345012288793,12.04819410369932,0.6194925863330978,0.8084252633450375,0.8408987374036051,-0.8097465136852681,0.9193622648740719
dft_cell,all_computed,c22,150,10.293372587154506,4.832452350177244,17.452565891597384,0.94030354700898,0.9400364460642696,0.8920828611986162,-7.682614206881438,0.9092663961374915
dft_cell,all_computed,Y2D,150,9.423346765162835,5.162757906941138,15.47198466662887,0.9346148051024546,0.9357802569003068,0.8775375016106033,-6.229274891032408,0.884553180552263
dft_cell,all_computed,poisson,149,0.1296848963817397,0.07510883920158812,0.25082508963970895,-0.4487411279743103,0.8042263740250318,1.075294444297043,0.016160597437926194,1.0327270724913211
dft_cell,ml_stable_only,c11,141,9.544148257569518,4.818983210449574,16.10670319216912,0.9409239673608328,0.9574853375572583,0.877732650153282,-6.522834539145189,0.9084115584589642
dft_cell,ml_stable_only,c12,141,4.920255844830881,2.4153780437842025,8.78319105265612,0.8053883585729801,0.8325698874095636,0.8369043996483949,-1.558469722286502,0.9211752577513491
dft_cell,ml_stable_only,c22,141,9.733005451743448,4.809460259041632,15.715717227813393,0.9539406326684555,0.9442056594888478,0.8934167448132171,-7.043220039755948,0.9120883380533892
dft_cell,ml_stable_only,Y2D,141,9.023240533259724,4.835456265472374,15.162884308886337,0.9399954765642569,0.9518130056937368,0.8787402300465583,-6.095802242347437,0.8866787999350718
dft_cell,ml_stable_only,poisson,140,0.10696304909682648,0.07564770726178235,0.17232812019657978,0.2952953222688184,0.8035861887997202,1.0465198441674315,0.029232958013625788,1.0271859559067869
