id,formula,Y2D_ref,Y2D_relaxed,Y2D_fixed,a_err_pct_relaxed,pre_stress_N_m,stable_relaxed,stable_fixed
1H2O2C3Ti4-1,Ti4H2C3O2,410.647034345349,410.9310168474625,397.9566505112261,-0.4284685215328543,2.1929813128135707,True,True
1Co2Ga2Te5-1,Ga2Co2Te5,130.9636391553455,120.6481442335241,120.93202707202272,0.05008232909797794,-0.0698813576549728,True,True
1O2N3Zr4-1,Zr4N3O2,394.2146025620067,360.17227565402965,367.5556010941067,0.5848317450244611,-2.9961319180672237,True,True
2S2Cu3-4,Cu3S2,46.018838863604785,24.78473702537826,38.606529060373994,-0.8104321826157834,0.27455316320508794,False,True
1In2Se3-3,In2Se3,40.98698867963964,40.92429921487115,39.90804402578661,-0.3741035290623307,0.16116599826605396,True,True
1Sb2O3-1,Sb2O3,22.280497972854597,19.601336031156077,17.099218409210106,-2.411163086882606,0.33507491146610857,True,True
2Bi2O3-1,Bi2O3,36.69212235700839,40.411293438857825,39.668056797347475,-1.856480070276223,0.4355793894657535,True,True
2S2Cu3-3,Cu3S2,9.422592906013108,10.178733781909612,12.430906660549534,3.7120334023873713,-0.6662828569474915,True,True
2Te2Cu3-2,Cu3Te2,59.338301701323715,61.36374828201255,49.74152889517398,1.7532840470759314,-0.6623992668552474,False,True
2Ga2Te3-2,Ga2Te3,57.30705289596876,45.716124283368686,47.4488049372769,0.9830795151894334,-0.08622285515720714,True,True
1Tl2Te3-1,Tl2Te3,17.833962063282975,19.20469523486808,20.676912265177148,0.3282772066252049,0.2030445184770183,True,True
2In2I3-1,In2I3,10.287985783563302,8.553368845928407,8.282548305089223,1.8364827138851458,-0.24801898109320514,True,True
2B2O3-2,B2O3,3.2027955434234614,3.6554963356606183,4.089383232707359,4.383153898032166,0.22139239183534914,True,True
1In2Se3-1,In2Se3,53.47835683880766,37.80004123602792,47.46842644492178,0.06827289667752368,-0.06156156414002813,True,True
1Cu2I3-1,Cu2I3,10.1224760406096,10.316193237895424,8.39340903811389,4.429908855316955,-0.3045831380161594,False,True
2P2S3-2,P2S3,24.061837630691343,23.75854911781258,23.418142420867746,-0.18601881990836233,-0.08552803885513144,True,True
1Ga2S5-1,Ga2S5,35.9586606678024,34.07845798346543,36.98853660713359,1.3203376743857076,-0.14624157966053442,True,True
1P2S5-1,P2S5,23.36748598880752,28.48860293047579,23.010181397461167,-1.8400675600203864,0.7713206495863112,True,True
1In2I5-1,In2I5,3.3251242914985646,2.678927283257729,0.3425999200787963,3.5942730653188537,-0.2772681416733222,True,True
1Se3Ir4S5-1,Ir4Se3S5,98.23485862865792,59.43724053907339,62.68999481276804,0.15399869633170304,-0.8937028493893301,True,True
1Cu3I4-1,Cu3I4,16.14205619085545,17.897739847544717,16.96392179593109,-0.6726182438044015,0.1825575005219995,True,True
1Ag3I5-1,Ag3I5,8.404633197078322,9.273908743455195,8.05723750956723,2.039886704800997,-0.21889230632042295,True,True
1Tl4Se5-1,Tl4Se5,7.565768860471305,6.9990430034923685,-2.474570821236764,-10.974838140177479,0.27070154068172686,True,False
1CuBa2I2O2-1,Ba2Cu(IO)2,54.089497508841845,72.49704729028522,75.34042818176302,0.450179563026043,-0.5156432378246778,True,True
1ClS2Se2Br3Hf4-1,Hf4Se2S2Br3Cl,77.7061150378805,73.60584849551724,71.72207678062583,-0.5148368361374778,0.47111153425276253,True,True
1GeBi2Se2I4-1,GeBi2(SeI2)2,22.812898302567472,13.395533070887458,13.893945396481161,0.312006719774538,-0.0946891445008898,True,True
1HfAs2F2O6-1,HfAs2(O3F)2,69.61641393800723,71.11589803710112,70.99719520526247,0.08229943872350987,-0.09481667035328692,True,True
1TeCd2I2-1,Cd2TeI2,17.42086620965808,18.229230361695922,18.614759242192836,0.532825950910687,-0.1883642307981127,True,True
2MoCl2O2-1,Mo(ClO)2,20.540294090644807,35.863878676277594,34.88525743965733,-0.1456485334614399,0.06234851897021177,True,True
2MoI2O2-1,Mo(IO)2,8.771217485089773,2.8845710094202106,10.581301929930007,8.946239509833799,-2.3521731915062443,True,True
1PdN2Zr3Br6-1,Zr3Pd(Br3N)2,37.70686663593632,28.20697471865604,27.581760558304406,0.2613730400718772,0.14272003109842976,True,True
1GaBr2Sn3S6-1,GaSn3(S3Br)2,45.16168156129006,51.69359441023278,51.71455135363846,0.0976553983613071,-0.023030477929611045,True,True
1IHf2Br3-1,Hf2IBr3,76.6823142160275,90.05731325271975,65.43652984503362,-2.0611452652770534,1.2579514237050653,True,True
2SNi2Se3-1,Ni2Se3S,65.56234136906117,39.31820381494993,37.597093225097204,0.6422281897548121,-0.45980180045299107,True,True
2TaPd2S3-1,TaPd2S3,53.901619507197346,44.927027080878275,34.795146862743174,-2.200212422153902,0.6299633082680925,True,True
2TlPd2S3-1,TlPd2S3,38.12980213583603,29.511636384290146,30.20899026935594,-0.22398358616795289,0.10725045086673096,True,True
1SnTe2Ni3-1,Ni3SnTe2,72.92047050669643,83.5216874922722,82.78338060700521,-0.1071754368927702,0.1821641367611761,True,True
1SeBr2Cl4Cu4-1,Cu4Se(BrCl2)2,8.645109833002671,6.833382409643055,2.72584680147268,-3.424893368963733,-0.05631859493396699,True,True
1BeP2H4S4-1,BeP2(HS)4,14.088633950196751,-61.2348519210848,46.38517721251451,-0.8072130185745818,0.23485273370546705,False,False
1SAu2O4-1,Au2SO4,7.44031303334357,8.980884147605416,6.461723602120913,-1.1299365588445798,-0.05608803034859852,True,True
1CoGa2Te4-1,Ga2CoTe4,111.41067569177784,97.16687476318113,94.88669073478485,-0.3672158403002612,0.47093841922205415,True,True
1InBr2Pd5-1,InPd5Br2,51.62053571146454,50.99562730969315,49.92210982386488,0.4498762055030303,-0.32585170934179175,True,True
1ZrHf2Se6-1,Hf2ZrSe6,64.62515711177123,62.20023622711742,65.32541894732937,0.8723024663956025,-0.679154387366125,True,True
1ZnRe2O8-1,Zn(ReO4)2,19.032239021032737,27.890562166142992,-15.651766300452712,4.180514605609775,-0.2635192098731928,True,False
4ZnF2-1,ZnF2,30.72696338814982,21.94752766949721,26.597861753869118,0.7479995437655207,-1.125536905568616,True,True
1HgI2-2,HgI2,8.944219787805661,4.829535867750189,5.641301633083428,0.0409090777230281,-0.014783162414343291,True,True
4IrS2-1,IrS2,109.54250754562558,30.826607484684462,73.63176707965272,5.566164374341853,-0.6982055756340064,True,True
2SnCl2-2,SnCl2,3.868070030146128,6.2918435908529355,5.4631725057097675,1.1262913237066297,-0.011695087404062767,True,True
2CdI2-1,CdI2,7.085115110585644,6.38801932948461,5.9855469399323935,1.2113028693290673,-0.14017830440247547,True,True
2PdF2-3,PdF2,6.942501962287967,11.46735646238053,2.481066066405161,-3.6706384206243725,-0.22492743337528345,True,True
2PdCl2-1,PdCl2,6.171467948683233,14.115354991317806,6.415905050438072,-0.5635695524472961,-0.4989101073549643,True,True
2SeCu2-1,Cu2Se,35.8607908905195,30.242005136488203,31.686574572453953,0.2753145972710147,-0.12897411390547975,True,True
1MgCl2-2,MgCl2,20.77712297806234,21.63784486003024,22.492594419371212,1.2783868920344998,-0.26681645326066994,True,True
2STa2-1,Ta2S,161.37475668392972,163.57532379857835,170.48383942801823,1.0185529094820511,-2.511477896829213,True,True
3CuI2-1,CuI2,9.706316283596948,8.558365354922714,8.606384874129988,0.559819787863125,-0.14984506868519093,True,True
1WTe2-1,Te2W,86.79694558552802,97.9539946727897,95.43743451493746,-0.3208904558758885,0.45914777701852727,True,True
1CuNi3Te3Se5-1,CuNi3Te3Se5,21.43949907125267,29.858901229308987,29.058125511675016,-0.8121550993639537,-0.14972012596818154,True,True
1SeS3I4Pt4-1,Pt4SeS3I4,30.28876177684817,16.035721446236735,23.033222229588976,-3.771445750599045,-0.4164961034696486,True,True
1FI3Pd4S4-1,Pd4S4I3F,58.800541731701145,21.09185201525285,25.23628240044516,0.7449472164276161,-0.48011490232899945,True,True
1PtPd3Cl4O4-1,Pd3Pt(ClO)4,43.17731905161323,36.32707586942756,34.317112163312785,-0.09700058689555702,-1.3581311806779959,True,True
1HfZr3S4Te4-1,HfZr3(TeS)4,54.67507326869055,48.13982851983451,49.00164912920997,0.5595798079949699,-0.3601572092812385,True,True
1SeTe3Rh4-1,Te3Rh4Se,27.871757580021757,29.589379015425667,45.191103183704435,0.34026008827643395,1.177486878487532,True,True
1TeSe3Ni4-1,Ni4TeSe3,22.382581746631832,36.4729829627334,-1.9697409986188381,-7.3001017016173675,2.409576815097246,True,False
1WMo3Se8-1,Mo3WSe8,106.08030545070989,108.01152420444107,104.71119945258877,-0.29624308087813356,-0.0840417652043729,True,True
1TaTi3Te8-1,TaTi3Te8,46.39796248226628,51.04626145419752,50.915829801182376,0.5200056188988444,-0.35692069876366245,True,True
2AuBr3-1,AuBr3,2.51760703071557,2.751034029530737,3.1419548779822777,3.7160892364711096,-0.0881591873164578,False,True
2TlI3-4,TlI3,6.479654375878284,6.096853659773389,6.669674392096172,1.4887794994224324,-0.06444937318687015,True,True
2PdF3-2,PdF3,25.175149847163464,20.729275842804885,22.325014487947463,1.560651330355678,-1.0461893329307608,True,True
2YCl3-4,YCl3,7.357363202760174,3.087992496749703,8.977104393968949,5.3088629951290045,-0.5252244288840433,True,True
2AgI3-1,AgI3,5.384178764003928,7.0740420447417796,5.0461222766767575,1.647922849071537,-0.07137973539248532,True,True
2IrF3-2,IrF3,83.49045566040316,61.847207066935184,37.243270134523435,3.083260436028201,-1.9483893340048724,True,True
2RhBr3-1,RhBr3,31.31929085130723,31.2595706210557,31.845380772542864,1.5416510362868507,-0.731143736403917,True,True
3BiBr3-1,BiBr3,14.582392566589713,11.789548815289189,11.842789060747425,-0.6809599055769278,0.10411468536905807,True,True
2SbBr3-3,SbBr3,11.514732354902641,19.522755448806,3.705719106316592,0.6697239212371198,-0.025401054959818675,False,True
2SnTe3-1,SnTe3,53.5994353022526,41.42897303880151,49.30258636590621,1.6777102808535727,-0.2893705507687421,True,True
1SSbBi2I2Se2-1,Bi2SbSe2SI2,21.44730013246967,26.15860877190304,26.08512601497362,0.6888754216220816,0.10516208315862262,True,True
1BrSIr2Pd2I3Se3-1,Ir2Pd2Se3SI3Br,64.33450796126147,39.96470821682044,35.04923463247191,-1.6015801962834808,0.07320765806879326,True,True
1GaInP2Se2S4-1,InGaP2(SeS2)2,30.901399935539473,20.64659094699662,16.85542759874666,-1.1189175030825282,0.6569046338450926,True,True
1BrClIr2Ni2S6-1,Ni2Ir2S6BrCl,68.61180088704752,47.20356998805724,49.03072393428606,-0.5615039670606503,0.17015682237211024,True,True
1GeTiI2S2-1,TiGe(SI)2,31.311317336355536,26.485839165382647,28.04715687132977,1.031977292990427,-0.3128711989749376,True,True
1BrClNi2Se2-1,Ni2Se2BrCl,28.528219225574784,13.867209162380167,14.42843174759869,1.5644081726204906,-0.0804110188886561,False,False
1BrINi2Se2-1,Ni2Se2IBr,76.96454454452758,56.64550849607858,56.91304055654447,-0.07983893608161097,0.015639513610782696,True,True
1BrClCd2S2-1,Cd2S2BrCl,30.487537565585647,13.440075445475225,16.722418409894818,0.3235849021383075,-0.17773329675134608,True,True
1SSeBr2Au3-1,Au3SeSBr2,33.52365173261752,39.324979997895234,29.210446704573375,-4.870295589927798,0.3721036787917833,True,True
1ITeN2Ti3-1,Ti3TeIN2,222.14603273886823,152.83345616400993,150.06841904064441,-0.1680617858563549,0.4217419653017458,True,True
1HfZrPd2I4S4-1,HfZrPd2(SI)4,20.424712812325517,18.470956587357232,14.526330096614636,-2.4492638986762127,-0.16318570313818961,True,True
1SSeHf2I4-1,Hf2SeSI4,22.645163067185553,22.001439022408697,22.401152806835892,0.34888206249976683,-0.06295449550925108,True,True
1IrRuO2Cl4-1,IrRu(Cl2O)2,87.15744707582743,46.30138957506766,49.44787954838238,0.2192282863788808,0.6004720303517075,True,True
1HSbSe2O6-1,SbH(SeO3)2,23.497934212346824,19.73591225925522,20.399556835415556,0.24323314478553737,-0.11503989484271411,True,True
1AgBiAs2Se6-1,AgBi(AsSe3)2,27.387649673245544,24.797515604963166,24.538061875084466,0.9041685599677995,-0.31854632432299773,True,True
1AgInP2Se6-1,InAg(PSe3)2,38.09504093298721,32.96600153985784,34.905760685091714,0.6305487644573615,-0.36527176862396715,True,True
1NiPdIr2Se8-1,NiIr2PdSe8,68.81790091627178,41.89947508541287,32.06642665116825,5.198460977667341,-1.0782934288814197,True,True
2PdSeCl2-1,PdSeCl2,13.850341909097569,11.16720145511769,11.938133065722468,3.199396504188834,-0.23168171325429415,True,True
2NbSeS2-1,NbSeS2,150.18295883184362,84.98037426294736,81.92218643178118,-0.7166872361796695,0.10923975615981354,True,True
2AgIS2-1,AgS2I,11.80831726809582,7.697731393456049,9.971139579226188,4.704966220770523,-0.5387949293078236,True,True
2NbOI2-1,NbI2O,65.57244031683562,136.66580183954736,78.76223088364459,-1.3672445165737068,0.3374665230117601,True,True
2BrTaO2-1,TaBrO2,202.9241705119088,163.19063621509244,163.50925584711916,0.5706390078343171,1.6522154885547071,True,True
1PdTiS2-1,TiPdS2,38.118464864386226,44.07726143923114,42.50398042740808,-2.360286384355137,1.4048441682925779,True,True
1OZrBr2-1,ZrBr2O,69.98777831238974,61.79391879617502,61.00129487265012,-0.4228042246561481,0.6475232762099321,True,True
2SeTeV2-1,V2TeSe,55.724302862541116,61.957121028743096,62.658337014112284,-0.14272711602449917,-0.18127711298879495,True,True
2AuITe2-1,Te2AuI,9.075484354463104,10.593674969389163,4.879009615578195,1.5672585830143193,0.09610553485203055,True,True
1SSeIn3Br5-1,In3SeSBr5,17.92600507869455,17.194117176485143,16.490162594074295,-0.5649885962094481,0.19811022966095637,True,True
2CuPbI3-1,CuPbI3,11.770466907422243,12.616304011710765,11.856310900405349,-0.7934322754473033,0.3418593676696149,True,True
1AgAuBr4-1,AgAuBr4,1.8264831940966952,2.2438227937169297,2.5801842798605827,8.65330986310826,0.06988387650992155,True,True
2InTlCl4-1,TlInCl4,19.645851177535185,18.585726078393886,19.078108208056264,0.47139476741442365,-0.1549956910028217,True,True
2BiPO4-1,BiPO4,19.202554958498304,21.002130475051224,23.56053398294903,0.6424556229818856,-0.2311471891423149,True,True
2CrWTe4-1,CrTe4W,76.63490442109811,49.56868023165713,56.18748649596662,1.4904836373023755,-1.1957676873421779,True,True
2AuCrO4-1,CrAuO4,45.68485283751136,34.27160515108847,40.45425360193973,-1.3076471001432832,0.48770222086526493,False,False
2MoZnO4-1,ZnMoO4,91.86255484487664,79.82991084481304,80.09372547775766,0.784245068984446,-1.692749149151103,True,True
1AgPtBr6-1,AgPtBr6,10.933318832454189,8.463417215268274,7.684185195887487,-1.074019165806006,-0.3286537179268447,True,True
1SnZnF6-1,ZnSnF6,36.29708229435087,36.501690064558225,38.031380454459836,1.6577841685736505,-1.4692633963497475,True,True
1FeZrI6-1,ZrFeI6,17.813112629030545,14.560923679159252,20.482010887401795,3.8322715628760884,-0.9212319890019526,True,True
1ClISBr2Se3In4-1,In4Se3SIBr2Cl,30.85892327365389,25.552174530112993,25.508808689602727,-0.3450480622763319,-0.14995933237449766,True,True
1GeSZnBr2-1,ZnGeSBr2,30.93599304027842,35.17897544906555,35.126737172412504,1.320422564212409,-0.31014127803994707,True,True
1BrISCu2-1,Cu2SIBr,25.68578566081052,32.345157325434464,28.75237938987399,2.088829535192538,-0.6703310418246737,True,True
1BrISTi2-1,Ti2SIBr,48.04840776355857,59.46136230926581,51.76098116191117,-1.1122540525866254,1.1305774920031262,True,True
1ClSZrBr3Hf3Se3-1,Hf3ZrSe3SBr3Cl,49.71068053620425,42.69204982199581,40.53742374489211,-0.1648105917825049,0.41636710649050274,True,True
1PdSSePt3Cl6-1,PdPt3SeSCl6,26.76017688263664,19.473449320076288,21.020716071178295,-0.5610369798140002,-0.2835777502760217,True,True
2CaFNO3-1,CaNO3F,95.8879877864474,92.83403239039755,89.84523098426128,-0.33071184876047877,-0.0419577204849438,True,True
1CdInTlSe4-1,TlCdInSe4,60.4960993049188,51.07977896572271,49.83948784160175,-0.4730351922828113,0.4383423462108271,True,True
1AgSeWBr5-1,AgWSeBr5,7.660294210430176,6.731820058176811,4.614769583551916,3.2607553420727964,0.10479665832573117,True,True
1AgGaHfZrBr4S4-1,HfZrGaAg(SBr)4,41.628501662354005,22.035258818415016,41.29298098792493,5.150246134168834,-0.4329126712538188,True,True
1CdClGeIS-1,CdGeSICl,28.547214707076414,21.602414803880762,21.281082146215812,0.727673191244449,-0.08478617934513376,True,True
1BrClOZr-1,ZrBrClO,83.85922678023806,60.83313988002132,60.396911627080314,-0.9995513453284866,0.48440755807867997,True,True
1AuClCuI-1,CuAuICl,4.695593683973302,8.448061923125026,9.708025577689948,1.8274263515095202,-0.1917433731157285,True,True
1CdHIS-1,CdHSI,16.763950148241218,9.153407876321799,11.445183093225122,1.4587528461734278,-0.5229971688436676,True,True
2BrSSb-2,SbSBr,12.377145611439254,22.223768249832847,23.032447539542456,-1.4902507861290104,-0.20525890664846785,True,True
4AsSeSi-1,SiAsSe,25.402766785125237,19.613367663530486,19.710248584806926,-0.09132203841419884,-0.5289973179266074,True,True
2AgCuSe-2,CuAgSe,38.705162460823296,37.87357020977036,31.99808335530076,0.17050933149589387,-0.5711944549103853,True,True
4LiORb-1,RbLiO,65.6037874528592,71.34349753858174,57.47316319950163,-1.6260074043121908,1.107678941173575,True,True
2ISZr-1,ZrSI,147.1545484668882,148.99807358247065,151.29134937133688,0.2660276128201078,-0.08043874641116003,True,True
2CaClI-1,CaICl,21.492191759451888,18.069399425266607,16.347955509214103,1.4547745832087733,-0.10805383680920459,True,True
2AsBeTl-1,BeTlAs,71.5634589494129,63.63393587501626,63.13093737336506,-0.10068415053768875,0.13514645305743272,True,True
6AgF-5,AgF,16.027706606878404,13.21124624792322,14.259696689746097,-1.339701766964041,-0.3719103425125391,True,False
4BrCd-1,CdBr,17.182972987975827,13.77863016415758,18.103141300754334,2.524851103890291,-0.5431456293034689,True,True
2AlSe-3,AlSe,41.87340526659998,33.559059821244944,33.318180828608774,0.5456887288076917,0.16107958468580114,True,True
2AsI-1,AsI,6.155944413682109,7.847772574613823,-11.723099741532168,6.304384794115592,0.45265624732951815,True,False
6NiTe-1,NiTe,72.75461620353221,63.72620651951283,57.620930798328416,-0.45367436859534704,1.2550308019141891,True,True
3PbSe-1,PbSe,30.46882729319862,32.446998242541135,25.633371027726245,-1.0469114727162387,0.2580908423662724,True,True
4FTl-4,TlF,9.970095813981043,10.986229835533958,10.844543602129246,-0.25606198132090974,-0.15324311262030765,False,False
6CuI-1,CuI,6.052872607375931,9.640731970271531,6.361477191346592,3.294125606664333,-0.08101879890468217,True,True
6AgF-1,AgF,2.40951041919339,3.13948312458267,9.146308908342542,5.321596339913626,-0.6180620842263818,True,True
2AuBr-1,AuBr,7.374626940648099,4.598321529114003,4.492723062436128,0.9726704098930838,-0.10429267698324908,True,True
6ClTl-1,TlCl,8.743374845930804,5.337782197644755,5.665711330900911,0.855656040868702,-0.11425942830711992,True,True
3ILi-1,LiI,42.21554511749737,41.58336756314032,41.74061982038106,0.035858736610339115,-0.040918209264413245,True,True
2PbTe-1,TePb,28.934594643276817,24.269946788197075,24.69638268378176,0.5369616338782635,-0.28550031732880965,True,True
6ClLi-2,LiCl,19.777912798143085,20.330383255895672,20.01786998655542,-0.4660853231025608,0.0772016611438575,True,True
1AgCl-1,AgCl,6.893563201891137,13.797122870497391,13.167258309179072,1.2955753924796198,-0.4703731506448822,True,True
4Bi-1,Bi,31.094209458390203,15.089746556903874,15.835169391503221,-2.0646744183997368,-0.3116494354228888,True,True
2C-1,C,331.22763641730836,284.04448133711463,282.18701408673945,-0.6478938685439029,2.128871321979534,True,True
