variant,id,formula,family,Y2D_ref,Y2D_ml,err,ml_stable
relaxed_cell,4IrS2-1,IrS2,AB2|lg2,109.54250754562558,30.826607484684462,-78.71590006094112,True
relaxed_cell,1BeP2H4S4-1,BeP2(HS)4,AB2C4D4|lg10,14.088633950196751,-61.2348519210848,-75.32348587128155,False
relaxed_cell,2NbOI2-1,NbI2O,ABC2|lg27,65.57244031683562,136.66580183954736,71.09336152271173,True
relaxed_cell,1ITeN2Ti3-1,Ti3TeIN2,ABC2D3|lg69,222.14603273886823,152.83345616400993,-69.3125765748583,True
relaxed_cell,2NbSeS2-1,NbSeS2,ABC2|lg15,150.18295883184362,84.98037426294736,-65.20258456889626,True
relaxed_cell,2C-1,C,A|lg80,331.22763641730836,284.04448133711463,-47.18315508019373,True
relaxed_cell,1IrRuO2Cl4-1,IrRu(Cl2O)2,ABC2D4|lg47,87.15744707582743,46.30138957506766,-40.856057500759775,True
relaxed_cell,2BrTaO2-1,TaBrO2,ABC2|lg41,202.9241705119088,163.19063621509244,-39.73353429681637,True
dft_cell,1ITeN2Ti3-1,Ti3TeIN2,ABC2D3|lg69,222.14603273886823,150.06841904064441,-72.07761369822381,True
dft_cell,2NbSeS2-1,NbSeS2,ABC2|lg15,150.18295883184362,81.92218643178118,-68.26077240006244,True
dft_cell,2C-1,C,A|lg80,331.22763641730836,282.18701408673945,-49.04062233056891,True
dft_cell,2IrF3-2,IrF3,AB3|lg40,83.49045566040316,37.243270134523435,-46.24718552587972,True
dft_cell,2BrTaO2-1,TaBrO2,ABC2|lg41,202.9241705119088,163.50925584711916,-39.41491466478965,True
dft_cell,1IrRuO2Cl4-1,IrRu(Cl2O)2,ABC2D4|lg47,87.15744707582743,49.44787954838238,-37.70956752744505,True
dft_cell,1NiPdIr2Se8-1,NiIr2PdSe8,ABC2D8|lg1,68.81790091627178,32.06642665116825,-36.75147426510353,True
dft_cell,4IrS2-1,IrS2,AB2|lg2,109.54250754562558,73.63176707965272,-35.910740465972864,True
