scheme,group,perm_dMAE,perm_sd,shap_abs,n_cols,perm_share,shap_share
chemsys,a,4.048979640171101,0.5932553319044318,0.11966565172944958,1,0.07384493390558473,0.07333632845593435
chemsys,area_per_atom,17.649359438919415,1.0235903935896458,0.3214949394780216,1,0.3218874622910766,0.19702611516115273
chemsys,b,1.9290294010250686,0.3158000962080361,0.04813609942451549,1,0.03518146824136817,0.02949990032198204
chemsys,gamma,0.6935433703537659,0.11872500686965515,0.025288140949100393,1,0.01264878287762052,0.01549767526337543
chemsys,magpie:AtomicWeight,0.5997912871554767,0.30345664645499104,0.03220000485118819,6,0.010938940645122658,0.01973356679983945
chemsys,magpie:Column,1.3696390290566864,0.24526198284919146,0.050243808128616875,6,0.024979355927540862,0.030791596105855596
chemsys,magpie:CovalentRadius,1.548656584699832,0.3767119445723597,0.053834903951595604,6,0.02824426233340483,0.03299237618756295
chemsys,magpie:Electronegativity,0.9193111847824861,0.14436583109919998,0.05244606469696454,6,0.01676631638386276,0.03214123494295255
chemsys,magpie:GSbandgap,0.7028100771297279,0.126530767532464,0.0306011628129302,6,0.012817788259273767,0.018753726693908807
chemsys,magpie:GSmagmom,0.1383101822358038,0.058716525152411374,0.008685060352183123,6,0.002522488916551013,0.005322583627316396
chemsys,magpie:GSvolume_pa,0.8769713958776273,0.14295482658234934,0.05453904176204181,6,0.015994127044544774,0.03342390253617529
chemsys,magpie:MeltingT,4.121894414734164,0.4245990303761942,0.1176125327235857,6,0.07517474713925228,0.07207808761909361
chemsys,magpie:MendeleevNumber,1.2252704428002361,0.15563055816335947,0.05733279497687369,6,0.022346374372291606,0.03513603630577989
chemsys,magpie:NUnfilled,3.927423484086954,0.7952880311100926,0.10699160320194943,6,0.07162800344172311,0.06556911896644255
chemsys,magpie:NValence,0.4799946290102189,0.09953246618983158,0.03739483734431066,6,0.00875409974963407,0.022917186631288822
chemsys,magpie:NdUnfilled,4.334783922624888,0.5191501805397104,0.13250232609365717,6,0.07905740722561386,0.08120320214817635
chemsys,magpie:NdValence,0.37029259252879165,0.09447819425264302,0.016969222054860084,6,0.00675336367457277,0.010399479084194417
chemsys,magpie:NfUnfilled,0.0,0.0,0.0,6,0.0,0.0
chemsys,magpie:NfValence,0.05773753695809442,0.029708823652614322,0.005556104202158705,6,0.0010530121115554848,0.003405022885147847
chemsys,magpie:NpUnfilled,1.3046924504382713,0.202614010359319,0.04561681630072374,6,0.02379486594940206,0.027955973790268547
chemsys,magpie:NpValence,1.2397107755205832,0.22765118012337213,0.04420378447914694,6,0.02260973588804959,0.027090006285907887
chemsys,magpie:NsUnfilled,0.1523027242767066,0.052591107508017224,0.01576635454861842,6,0.0027776836653539286,0.009662309434827106
chemsys,magpie:NsValence,0.13516192381839698,0.04205651433476564,0.01236536481219571,6,0.0024650712569400392,0.007578034651036523
chemsys,magpie:Number,1.0848545369240838,0.33392328450337483,0.04562715866190947,6,0.01978548145353168,0.027962312040100183
chemsys,magpie:Row,0.2800395607109258,0.1089808219336787,0.016815939648878057,6,0.0051073368328356,0.010305540943139298
chemsys,magpie:SpaceGroupNumber,0.5313154381969456,0.1382486365401245,0.029961350726648715,6,0.009690084145499002,0.018361621953480036
chemsys,n_elements,0.06068257426780159,0.03977512900613147,0.006523194512246247,1,0.0011067234425108602,0.003997697989508452
chemsys,nat,1.530104533034214,0.3213809483320154,0.04930030329625543,1,0.027905911649823065,0.030213375210504118
chemsys,spg_number,1.8250571881494477,0.18379270520736363,0.0527966832823751,1,0.033285232184351796,0.032356109298047844
chemsys,z_extent,1.6931181148450853,0.16866131134716464,0.04126644838327056,1,0.03087893899110842,0.025289878667001105
family,a,2.773618209047799,0.6955550369743028,0.12585599373112907,1,0.07320313246985735,0.0766793597477394
family,area_per_atom,14.71569055080056,4.07865357320963,0.31975254730396674,1,0.38838605878114096,0.19481329317820617
family,b,1.2537536424231333,0.8380811665109957,0.04695880952395911,1,0.033089880096502176,0.02861025003311083
family,gamma,0.14401873376915744,0.2493159940788636,0.024278357346030895,1,0.0038010359219065337,0.014791897007285849
family,magpie:AtomicWeight,0.4088674716258368,0.39131555055001427,0.03213842326189017,6,0.010791095757305785,0.019580741814237985
family,magpie:Column,0.7755788633389183,0.44477561426951534,0.0506559045129606,6,0.020469580884858476,0.030862752025895075
family,magpie:CovalentRadius,1.2691653028974088,0.6353560826561067,0.05534672209354662,6,0.03349663464534334,0.03372069210573898
family,magpie:Electronegativity,0.4642802610995432,0.17662081656900658,0.05335467422489473,6,0.01225358607235193,0.0325070116871377
family,magpie:GSbandgap,0.36885011618260305,0.33731519532164594,0.03143461628356865,6,0.009734931732261368,0.019151938490027796
family,magpie:GSmagmom,0.027371991897650313,0.08329227390145627,0.008808497942006738,6,0.0007224193806888246,0.005366689042838146
family,magpie:GSvolume_pa,0.49974230906009715,0.2600418385089217,0.05600752572197718,6,0.013189523464903182,0.03412329509384367
family,magpie:MeltingT,2.840642046306456,0.6816146476403941,0.11958168653914937,6,0.07497206909620291,0.07285665854711598
family,magpie:MendeleevNumber,0.5269360424414875,0.23660127607992956,0.06435067999892555,6,0.013907238131101349,0.03920646760924831
family,magpie:NUnfilled,2.762609172245182,1.5402715002900313,0.11157438962521662,6,0.07291257482324304,0.06797811138803422
family,magpie:NValence,0.2927261420007314,0.12943437063380114,0.0353730219723243,6,0.0077258183842203515,0.021551462085906747
family,magpie:NdUnfilled,3.2891293892300655,0.9757561885009743,0.1333099388754858,6,0.08680883821893026,0.0812207703259682
family,magpie:NdValence,0.2286282882624843,0.14222795975064137,0.017128690541961637,6,0.006034106214561179,0.010435871865432808
family,magpie:NfUnfilled,0.0,0.0,0.0,6,0.0,0.0
family,magpie:NfValence,0.038323100054229446,0.036372253604183,0.005480086651180236,6,0.0010114481368682885,0.0033388122672357054
family,magpie:NpUnfilled,0.7749468985712639,0.24753696503983516,0.04719014962898672,6,0.020452901660424492,0.028751196924963977
family,magpie:NpValence,0.7349062389660765,0.23979619880167152,0.04469137216437182,6,0.0193961225768082,0.027228785075846307
family,magpie:NsUnfilled,0.08957184872334811,0.07631192785034067,0.015746456496304812,6,0.0023640383836087933,0.009593728249540181
family,magpie:NsValence,0.10562525573764603,0.07512727474634982,0.013751275910678902,6,0.0027877303237708196,0.008378139183406777
family,magpie:Number,0.6744640040133767,0.41166148200850106,0.04068532753292432,6,0.017800891871448895,0.02478805159662477
family,magpie:Row,0.2517032007247595,0.17935027734625172,0.01711834227214083,6,0.006643114285028884,0.010429567050852014
family,magpie:SpaceGroupNumber,0.21258542891543747,0.1852149287730469,0.030034950507873817,6,0.00561069265528103,0.018299174371614917
family,n_elements,-0.004406199446002385,0.06322002379035487,0.0056886621631347545,1,0.0,0.003465889542155936
family,nat,0.7431326835363542,0.42845775203379594,0.04556573321056134,1,0.01961324024270379,0.027761500628141797
family,spg_number,0.7430098233708559,0.30296193420338796,0.04735771715257382,1,0.019609997637452317,0.028853289563083563
family,z_extent,0.8794607148045983,0.43507399159565924,0.04210762358654798,1,0.023211298151225458,0.02565460349876611
random,a,3.874798208053741,0.43769776947655037,0.11871984232163442,1,0.07093212188360842,0.0723845362870091
random,area_per_atom,17.541478202991176,1.0339980561288977,0.320762565119043,1,0.3211145982588349,0.19557176863047773
random,b,1.966539394236117,0.36372365801230694,0.048382357915018354,1,0.03599950358987548,0.029499150888886504
random,gamma,0.7430375132820146,0.17735024953713188,0.02523426568381178,1,0.013602057352732776,0.015385554633044224
random,magpie:AtomicWeight,0.6192752434282001,0.24093538721045316,0.035597387583097426,6,0.01133646313633815,0.021704041572517218
random,magpie:Column,1.3467840144062913,0.32604435085768735,0.04883491737060766,6,0.02465425106840494,0.029775080385544567
random,magpie:CovalentRadius,1.5799365068519065,0.45178368383020395,0.05310380114089462,6,0.02892234455963381,0.032377856519109655
random,magpie:Electronegativity,0.91505432387515,0.1697778643551319,0.054044072746019176,6,0.01675100001242047,0.03295114842036061
random,magpie:GSbandgap,0.7307198076360624,0.23356750807313198,0.030501130545815713,6,0.013376569223728,0.018596808651472306
random,magpie:GSmagmom,0.12381545601299751,0.04865791332530828,0.008313307172551708,6,0.002266567843129004,0.005068696798521301
random,magpie:GSvolume_pa,0.8841277563417095,0.18358302513709765,0.0566937417328928,6,0.016184857741278688,0.0345666750010758
random,magpie:MeltingT,4.094407299836324,0.3558716697715516,0.11819678439283723,6,0.07495228965200816,0.07206562324865907
random,magpie:MendeleevNumber,1.1955598559543212,0.21411030939494125,0.05701855313242878,6,0.02188593905237118,0.034764715379805834
random,magpie:NUnfilled,3.789881491974387,0.34464679761264244,0.10574301841342612,6,0.06937763503513794,0.0644724521509046
random,magpie:NValence,0.42668352794589176,0.09058233843901332,0.03847736123577705,6,0.007810875917894063,0.023459986941811478
random,magpie:NdUnfilled,4.549642020134752,0.7197611037119668,0.1379414397710708,6,0.08328582418259155,0.08410411399924686
random,magpie:NdValence,0.30507591223593555,0.10121266790326552,0.01659803604477428,6,0.005584724836894597,0.010119969154954894
random,magpie:NfUnfilled,0.0,0.0,0.0,6,0.0,0.0
random,magpie:NfValence,0.05711441280018363,0.032643227100346776,0.004999820553323921,6,0.0010455374118922794,0.003048434745138287
random,magpie:NpUnfilled,1.3930649912414041,0.30007186704586103,0.046805832214429216,6,0.025501471417309147,0.028537929246824894
random,magpie:NpValence,1.220092771334158,0.21383249537660748,0.04280879822762286,6,0.022335039018471583,0.026100902326973017
random,magpie:NsUnfilled,0.143531277718027,0.05878726284547576,0.015930570497255585,6,0.0026274860105086374,0.00971300951619625
random,magpie:NsValence,0.11433781957575374,0.05384866543733313,0.01240753624708051,6,0.0020930700693513144,0.007564984421694399
random,magpie:Number,1.0814414277828346,0.35398275581964067,0.046473650891064935,6,0.019796885165796904,0.028335395360452417
random,magpie:Row,0.30404626448041244,0.156570773837704,0.01812483581612743,6,0.005565876087573886,0.011050872458828045
random,magpie:SpaceGroupNumber,0.5467874392238542,0.14461236178322903,0.029989042926635397,6,0.010009500159992496,0.018284584307775287
random,n_elements,0.06937540763935687,0.030201166415325227,0.006365843856373767,1,0.0012699873919038496,0.0038813112164583037
random,nat,1.5330107741296735,0.3939644212980853,0.049656809841242225,1,0.02806332129849657,0.030276195483082278
random,spg_number,1.8233564381806129,0.27013440439969233,0.05221290929024243,1,0.03337839396164384,0.03183467189023669
random,z_extent,1.653871983927535,0.20340732316795954,0.04018890512024342,1,0.030275808660177365,0.024503530362938376
