model,features,subset,n,mae,mae_sd,r2,r2_log,r2_log_sd,spearman,mae_lo,r2_log_lo,mae_hi,r2_log_hi
gradient_boosting,all,all,186,18.98426134764245,0.3994454045706869,0.4888278240929559,0.5458058503512611,0.005192175204703648,0.818965742598585,14.43547016205548,0.33533882017811056,24.492938111054492,0.7283925911566829
gradient_boosting,all,matched,106,10.200115524232222,0.38670406052695055,0.8963949323641973,0.8093244097562465,0.0061376459356365974,0.9306048057401988,7.889874517711192,0.6684026551775468,12.486745619589627,0.9264627122220079
gradient_boosting,all,unseen_chemsys,55,29.125917679731764,1.0839471293778296,0.3248641251052503,0.44967046883880835,0.01799029847807432,0.7297500392417736,20.457827707596365,-0.13491022012767712,39.627960340477436,0.7473917472476798
gradient_boosting,composition,all,186,25.560952892666943,0.455415198834445,0.33950585942224487,0.34409534268946973,0.009453670022318401,0.7087959987885177,20.619994861546004,0.11227262477725683,31.423448352779555,0.5317001997673284
gradient_boosting,composition,matched,106,14.238930066348322,0.4083788518494471,0.8308549035659112,0.7524410175098778,0.0031832942963407667,0.9058344269585417,11.672513027068597,0.6120375928581916,17.086755588388097,0.8632916152165834
gradient_boosting,composition,unseen_chemsys,55,37.472802278499024,1.3130256610583662,0.09368526162769712,0.059407081698417775,0.045254033030471014,0.5551582957550693,27.50505189323173,-0.6506231211850917,48.95782156142107,0.42652397307782525
gradient_boosting,structure,all,186,27.16150997983231,0.3183406528090693,0.25297307338428715,0.3770295934427084,0.007688577298098258,0.7198941081523531,21.62814798717098,0.1260885506045759,33.28219497131649,0.5764932107711387
gradient_boosting,structure,matched,106,22.37279811115179,0.5744582184317363,0.5643155459669942,0.5928745951441946,0.014028851619807062,0.7800761847682569,17.941058877998028,0.3647328691558837,26.927808932292557,0.7735720869521038
gradient_boosting,structure,unseen_chemsys,55,32.5542491812936,0.26114862460815536,0.05617894371321175,0.4118601860119627,0.012892163413108212,0.6443145743145744,21.780979858154556,-0.06090062209136563,45.36260906172939,0.6740763910837629
random_forest,all,all,186,20.680420243572144,0.09202879208617387,0.4303234727651155,0.48127163304029885,0.004223908998305785,0.7851839665813595,15.947519989370065,0.22532489999235383,26.6016546406054,0.6698604233275427
random_forest,all,matched,106,9.760984156093937,0.11609425140955312,0.8999843142411648,0.8081791754482811,0.002544527360030785,0.9272751917148832,7.58074606208738,0.6675666608042524,12.201024356977488,0.9231078269039188
random_forest,all,unseen_chemsys,55,35.18271616745979,0.3472998887102635,0.14029419592843076,0.2739129118975864,0.011629448298530402,0.691890331890332,25.952801759638266,-0.47762047204207747,47.13256233072723,0.6186151139237982
