model,features,seed,subset,n,mae,r2,r2_log,mae_log,spearman
gradient_boosting,all,42,all,186,18.97371032784167,0.47956490726395673,0.548289826057232,0.325734809858969,0.8219272479745463
gradient_boosting,all,42,unseen_chemsys,55,28.836747709231666,0.2954564741797089,0.4586055268894572,0.43152699232678093,0.7362914862914863
gradient_boosting,all,42,matched,106,10.316371578701894,0.8971851461768626,0.8112125334732453,0.17437764045619683,0.9322475881924571
gradient_boosting,all,43,all,186,19.254024916903003,0.48636474213121983,0.546422459325526,0.3312912130569074,0.8193392813186604
gradient_boosting,all,43,unseen_chemsys,55,30.286729458655206,0.30298662533640064,0.4530526942077038,0.4534283359799886,0.7340548340548342
gradient_boosting,all,43,matched,106,10.010996149486616,0.9091675600519032,0.818431783910225,0.17539523464770895,0.9339853917026067
gradient_boosting,all,44,all,186,19.087870334495776,0.5092388305010707,0.5367097322026472,0.33289622045612355,0.8100523027099784
gradient_boosting,all,44,unseen_chemsys,55,29.063923603034223,0.38811459886341493,0.43415564042678456,0.4499335653998778,0.7162337662337663
gradient_boosting,all,44,matched,106,10.52321249056366,0.890450681815419,0.8027138825577567,0.17650580043080524,0.9284333955916846
gradient_boosting,all,45,all,186,19.297212927287834,0.47691877376534253,0.548268913741718,0.32584834297409615,0.815871519470257
gradient_boosting,all,45,unseen_chemsys,55,29.93292182743544,0.28378994099294974,0.42938880945102975,0.44648724976887993,0.7108714083300798
gradient_boosting,all,45,matched,106,10.529519561641814,0.8864920693343512,0.8094622099853829,0.17153489196878693,0.9278189995823193
gradient_boosting,all,46,all,186,18.308488231683985,0.4920518668031898,0.549338320429182,0.3146040812422367,0.8276383615194831
gradient_boosting,all,46,unseen_chemsys,55,27.509265800302305,0.35397298615377726,0.47314967321906665,0.4144448440778898,0.7512987012987015
gradient_boosting,all,46,matched,106,9.620477840767126,0.8986792044424502,0.8048016388546229,0.16460745929949996,0.9305386536319257
gradient_boosting,composition,42,all,186,25.800244246308164,0.3470040886147743,0.35271104213743776,0.4626068386664901,0.7052856563128468
gradient_boosting,composition,42,unseen_chemsys,55,37.95388387113521,0.1349160295630928,0.09502486293442114,0.6338430007388428,0.5602236876760973
gradient_boosting,composition,42,matched,106,14.440126976560972,0.8187719724480443,0.753671256297562,0.25126880556852066,0.9077576444424784
gradient_boosting,composition,43,all,186,26.182861623565984,0.3077299212289393,0.33441242634438606,0.467485345503433,0.7060633700586522
gradient_boosting,composition,43,unseen_chemsys,55,38.76190932498868,0.0017843920645815858,-0.00191385930143384,0.6515285435631099,0.5161360172523344
gradient_boosting,composition,43,matched,106,14.83268006200394,0.8121911585357987,0.753903468814632,0.25384771500911,0.9021734595048426
gradient_boosting,composition,44,all,186,25.394972905885844,0.3553126924572362,0.33543726142394137,0.4602768318355668,0.7079507712834843
gradient_boosting,composition,44,unseen_chemsys,55,37.307846893069524,0.14254472623679426,0.04320929845458288,0.629342938053919,0.5674393456832598
gradient_boosting,composition,44,matched,106,13.82256904507204,0.8397082852799131,0.7561538227367739,0.2448833664433287,0.9081003561534525
gradient_boosting,composition,45,all,186,24.97213096219176,0.35671061453668307,0.3547564949510644,0.45047620920935083,0.7158640552725773
gradient_boosting,composition,45,unseen_chemsys,55,35.31237272423045,0.13887610070363332,0.11215860021590307,0.5887240072034559,0.5867051525623838
gradient_boosting,composition,45,matched,106,14.17016462399934,0.8437590409985711,0.7503742916851865,0.2505159873818427,0.9003288641193059
gradient_boosting,composition,46,all,186,25.454554725382977,0.33077198027359145,0.34315948859051904,0.45841448558255843,0.7088161410150278
gradient_boosting,composition,46,unseen_chemsys,55,38.027998579071266,0.05030505957038367,0.04855650618861562,0.6281891123109807,0.5452872756012709
gradient_boosting,composition,46,matched,106,13.929109624105322,0.8398440605672286,0.7481022480152342,0.2505613008086874,0.9108118105726294
gradient_boosting,structure,42,all,186,27.158525024683406,0.2584877821378688,0.37960192002086923,0.44206197966446376,0.7244855521973271
gradient_boosting,structure,42,unseen_chemsys,55,32.651134748532165,0.04749777477808992,0.41076303592535934,0.46239812819987575,0.6455988455988457
gradient_boosting,structure,42,matched,106,22.14661821829438,0.5838244081598354,0.5989072342409152,0.3291999064295987,0.7853950306511323
gradient_boosting,structure,43,all,186,27.183312577725186,0.2525930849686707,0.38378666868597966,0.440290704103631,0.7195888910874383
gradient_boosting,structure,43,unseen_chemsys,55,32.84358165603851,0.06887044983427315,0.4242709634629471,0.4622852266057155,0.6507215007215009
gradient_boosting,structure,43,matched,106,22.24539598503007,0.5545398494800318,0.5938646983186533,0.32816940508602577,0.774852991306215
gradient_boosting,structure,44,all,186,27.49992372471118,0.24233725751698842,0.37697832098347817,0.4480562794468026,0.7137754524283515
gradient_boosting,structure,44,unseen_chemsys,55,32.71640626182291,0.04613461578340339,0.39047992482114635,0.4664497477224881,0.6340548340548342
gradient_boosting,structure,44,matched,106,22.998629304934127,0.5369475819960752,0.5776169644614454,0.3414051330037477,0.7675691208594201
gradient_boosting,structure,45,all,186,27.319456187323674,0.24301594808869442,0.36399000846488083,0.4466045819576398,0.721492895694633
gradient_boosting,structure,45,unseen_chemsys,55,32.319060121268215,0.05069319408400774,0.4178464582613458,0.4562606828385,0.6367965367965369
gradient_boosting,structure,45,matched,106,22.878505216454833,0.5506123144270756,0.5814492004090359,0.3436975465811719,0.7868412169019463
gradient_boosting,structure,46,all,186,26.64633238471811,0.2684312942092133,0.3807910490583343,0.43164143604914706,0.7201277493540154
gradient_boosting,structure,46,unseen_chemsys,55,32.2410631188062,0.06769868408628454,0.415940547589015,0.45635170462067626,0.6544011544011545
gradient_boosting,structure,46,matched,106,21.594841831045557,0.5956535757719532,0.612534878290923,0.31418845059045075,0.785722564122571
random_forest,all,42,all,186,20.66507129895337,0.4308265935842863,0.48186136855645734,0.36763205266254484,0.7884810135478045
random_forest,all,42,unseen_chemsys,55,34.952224404659994,0.1482668414577789,0.283919153675559,0.5489038133365963,0.700865800865801
random_forest,all,42,matched,106,9.818975636793281,0.8964379355592488,0.8073696565487745,0.174161393298494,0.927149353993525
random_forest,all,43,all,186,20.692055783332012,0.42597283728035085,0.4798866215775298,0.36666905859032195,0.7876743594107667
random_forest,all,43,unseen_chemsys,55,34.85176960353685,0.12940812247214817,0.2820910510380673,0.5462345595165545,0.6967532467532468
random_forest,all,43,matched,106,9.906511708542503,0.8980462198920245,0.8110903342725501,0.17201813757896567,0.9275037713043371
random_forest,all,44,all,186,20.532313370092584,0.44184605036206903,0.4806865258051958,0.36552835807554307,0.7829294106952329
random_forest,all,44,unseen_chemsys,55,35.00671595428019,0.16899636857403944,0.2674886841453554,0.5494184178631445,0.6850649350649352
random_forest,all,44,matched,106,9.595103171159323,0.9054235865037771,0.8067984554853533,0.1725993181225832,0.9263204850352804
random_forest,all,45,all,186,20.751541125196585,0.4280573018775615,0.4877843887068919,0.3673521532079082,0.7854002714566647
random_forest,all,45,unseen_chemsys,55,35.45942213729688,0.13336164537022943,0.2795121239059646,0.5554037341497808,0.6963203463203465
random_forest,all,45,matched,106,9.71823389730889,0.900896117170764,0.8105207573788904,0.1723824646153662,0.9285793477466057
random_forest,all,46,all,186,20.761119640286207,0.42491458072130917,0.47613926055541955,0.3665771075838354,0.7814347777963286
random_forest,all,46,unseen_chemsys,55,35.643448737525034,0.12143800176795838,0.25655354672298536,0.5576103561859573,0.6804473304473307
random_forest,all,46,matched,106,9.766096366665703,0.8991177120800085,0.8051166735558377,0.1727199344544268,0.9268230004946674
