model,features,subset,n,mae,mae_sd,r2,r2_log,r2_log_sd,spearman,mae_lo,r2_log_lo,spearman_lo,mae_hi,r2_log_hi,spearman_hi
gradient_boosting,all,all,186,18.98426134764245,0.3994454045706869,0.4888278240929559,0.5458058503512611,0.005192175204703648,0.818965742598585,14.43547016205548,0.33533882017811056,0.7224345241612151,24.492938111054492,0.7283925911566829,0.9008267950947513
gradient_boosting,all,matched,106,10.200115524232222,0.38670406052695055,0.8963949323641973,0.8093244097562465,0.0061376459356365974,0.9306048057401988,7.889874517711192,0.6684026551775468,0.8523955017937085,12.486745619589627,0.9264627122220079,0.9777641627136134
gradient_boosting,all,unseen_chemsys,55,29.125917679731764,1.0839471293778296,0.3248641251052503,0.44967046883880835,0.01799029847807432,0.7297500392417736,20.457827707596365,-0.13491022012767712,0.5117819988110405,39.627960340477436,0.7473917472476798,0.8881380131179836
gradient_boosting,composition,all,186,25.560952892666943,0.455415198834445,0.33950585942224487,0.34409534268946973,0.009453670022318401,0.7087959987885177,20.619994861546004,0.11227262477725683,0.5919960198783828,31.423448352779555,0.5317001997673284,0.8046055673668813
gradient_boosting,composition,matched,106,14.238930066348322,0.4083788518494471,0.8308549035659112,0.7524410175098778,0.0031832942963407667,0.9058344269585417,11.672513027068597,0.6120375928581916,0.8246864365196044,17.086755588388097,0.8632916152165834,0.9544028284330487
gradient_boosting,composition,unseen_chemsys,55,37.472802278499024,1.3130256610583662,0.09368526162769712,0.059407081698417775,0.045254033030471014,0.5551582957550693,27.50505189323173,-0.6506231211850917,0.29448291918406533,48.95782156142107,0.42652397307782525,0.7497708678932685
gradient_boosting,structure,all,186,27.16150997983231,0.3183406528090693,0.25297307338428715,0.3770295934427084,0.007688577298098258,0.7198941081523531,21.62814798717098,0.1260885506045759,0.6069269507357158,33.28219497131649,0.5764932107711387,0.8171502626544487
gradient_boosting,structure,matched,106,22.37279811115179,0.5744582184317363,0.5643155459669942,0.5928745951441946,0.014028851619807062,0.7800761847682569,17.941058877998028,0.3647328691558837,0.6437273609450135,26.927808932292557,0.7735720869521038,0.8914106778986501
gradient_boosting,structure,unseen_chemsys,55,32.5542491812936,0.26114862460815536,0.05617894371321175,0.4118601860119627,0.012892163413108212,0.6443145743145744,21.780979858154556,-0.06090062209136563,0.4162834892050592,45.36260906172939,0.6740763910837629,0.8255182229888777
random_forest,all,all,186,20.68042024357215,0.09202879208616703,0.43032347276511534,0.48127163304029885,0.004223908998305842,0.7851839665813595,15.947519989370068,0.22532489999235383,0.672658160499245,26.601654640605407,0.6698604233275425,0.8716649116361842
random_forest,all,matched,106,9.76098415609394,0.11609425140954352,0.8999843142411645,0.8081791754482811,0.002544527360030742,0.9272751917148832,7.580746062087378,0.6675666608042523,0.8408527559933323,12.201024356977497,0.9231078269039187,0.9771935439565569
random_forest,all,unseen_chemsys,55,35.18271616745979,0.34729988871025974,0.14029419592843087,0.2739129118975863,0.011629448298530371,0.691890331890332,25.95280175963827,-0.4776204720420779,0.45239459531953685,47.132562330727254,0.6186151139237981,0.8585499374059348
