jid,chemsys,reduced_formula,y_ref,unseen_chemsys,matched,pred_gradient_boosting_all,pred_gradient_boosting_composition,pred_gradient_boosting_structure,pred_random_forest_all
JVASP-27901,Cl-H-Sc,ScHCl,86.60559585492229,False,True,89.18586476683674,94.64542507282458,120.1781823518866,88.11103473099044
JVASP-14431,Mn-Se,MnSe,57.241731266149884,False,True,28.794658741517924,35.8542985390131,44.27867963629821,27.883297999566633
JVASP-27912,Fe-O,FeO2,102.69387096774194,False,True,120.69796465838806,114.2107651221088,130.9392509358885,116.21366158067057
JVASP-76334,Nb-S,NbS2,87.27908113391983,False,True,85.66003509124678,76.0153633308709,67.99013245893477,84.70739543727468
JVASP-76344,Ca-Cl-F,CaClF,79.40873308733087,False,True,75.52427931139381,63.19677874412328,80.13283632487973,70.58312453074863
JVASP-76619,Br-O-Pr,PrBrO,86.42810590631365,True,False,73.95735209358033,46.20289285598534,85.63042460826345,71.86652942424577
JVASP-76621,Mo-Se,MoSe2,105.26991942703671,False,True,91.31268605725398,95.44894165003605,75.88278068859515,100.29593198553204
JVASP-76622,Nb-Se,NbSe2,76.26224256292907,False,True,73.63162383167425,79.72178451738706,59.96679173309682,72.28310694117208
JVASP-655,Nb-Se,NbSe2,76.22084765177547,False,True,73.63162383167425,79.72178451738706,60.22279429470952,72.28310694117208
JVASP-670,Mo-Te,Te2Mo,79.34893867924528,False,True,63.882329408134105,78.54230363121123,55.373789869513566,73.69738122525335
JVASP-5944,Ga-S,GaS,81.11337209302326,False,True,73.80639337698112,65.65339106650767,37.29953342417291,72.97247454804203
JVASP-76387,Ce-I-Si,CeSiI,70.2909518213866,True,False,87.70085213543912,84.41671061337064,75.35291221158172,75.94150576977218
JVASP-13576,Br-Fe,FeBr2,41.568627450980394,False,True,39.002241623540904,30.029352315527223,40.25806141084576,36.03357760367557
JVASP-76640,Cl-O-Tm,TmClO,111.21374106433679,True,False,72.95349898520018,58.9273037820338,106.32725996038309,68.77047044370383
JVASP-19517,Mn-Na-P,NaMnP,70.90710723192021,False,True,68.01938910245745,56.92410165495827,86.65920708910019,51.83348765050768
JVASP-60402,Cl-O-Y,YClO,103.33298880275625,False,True,100.12141843347501,99.72598793437196,102.86980303368459,101.70768439079869
JVASP-5899,Nb-Se,NbSe2,71.30161943319838,False,True,71.2589828523423,79.72178451738706,54.42195923823831,69.87717491785946
JVASP-76416,N-Te-U,UTeN,152.00050219711238,True,False,108.24788090696659,122.45375780142645,66.59422400192871,90.76544916136835
JVASP-76440,I-Pb,PbI2,14.034640522875817,False,True,12.810156906475987,10.403526235995571,15.666507634378329,12.752575525766932
JVASP-75319,F-Li-V,LiVF3,39.26926174496644,True,False,50.966527820241225,46.723420798587846,56.806673118524635,51.103098900566536
JVASP-75120,C-I,CI2,30.88838268792711,True,False,20.42542597519148,16.74658529806647,36.742433707936065,22.626248471303192
JVASP-75209,Br-Ca-Si,Ca3SiBr2,30.7,True,False,36.25670336929551,46.561898713313084,32.214219902984624,18.46484130573446
JVASP-75331,F-O-V,VOF,153.06952764976958,False,False,117.6475829456444,83.24677301422169,95.91863623799667,132.47495427879758
JVASP-60413,I-Np-O,NpIO,82.41643192488264,True,False,79.31267883669884,71.31060222393718,60.536640183258555,71.3255717057765
JVASP-76457,Cl-O-Y,YClO,103.33298880275625,False,True,100.12141843347501,99.72598793437196,102.86980303368459,101.70768439079869
JVASP-75134,Br-Nb-Rb,Rb3Nb2Br9,11.435664335664335,True,False,11.0675632825788,14.53547757894439,10.088871393301885,9.055167789913417
JVASP-75378,Cl-Na,Na2Cl,13.340689655172413,False,False,20.90921730018473,19.183588263382013,21.811523651566272,20.9081414084115
JVASP-75065,Cl-Yb,YbCl3,240.31014957264958,True,False,14.536229952798399,15.230775210834953,22.020823321303,12.158927050775317
JVASP-75141,O-Te-U,UTeO,119.00056726094004,True,False,96.14059394109672,80.6415597658547,72.42259875088635,81.51274912634616
JVASP-75380,Br-Cl-Pb,PbBrCl,25.221153846153847,False,False,15.983281634924344,13.162373561948266,13.573120429345039,12.145335939802209
JVASP-75265,Ag-I-S,Ag3SI,26.73935483870968,False,False,21.995399120892728,13.309625757294569,10.70746152979827,28.245602480394506
JVASP-75076,Hf-Se-Si,HfSiSe,196.39761208576996,False,True,176.03847802449212,169.20531567299054,134.5619358177904,184.99243308129732
JVASP-75382,Au-H-O,HAuO2,89.47774193548386,True,False,53.82157652353119,38.03761694064762,97.07336911077388,27.826414826061637
JVASP-6097,Cl-V,VCl3,2.6380165289256214,False,False,30.057298710059182,32.481869095596366,28.762887466936082,27.467929811493946
JVASP-60243,Nb-S,NbS2,87.27908113391983,False,True,85.62045823679713,76.0153633308709,68.22704961822896,84.7279421436688
JVASP-75385,Ag-Bi-O,AgBiO2,99.7575845410628,True,False,57.19312329991975,32.81066542173173,43.36537652054439,56.54722063925804
JVASP-75164,Bi-Cd-Cl-O,CdBiClO2,42.369354838709675,False,True,41.00228474197503,43.225797166344364,38.24681866576384,39.48083487825825
JVASP-75387,Cu-Li-O,LiCuO2,96.54045112781955,False,False,56.19121123155497,37.79601166546181,107.23029110931073,48.24958640862347
JVASP-75165,O-P-Sm-Zn,SmZnPO,164.59152927799886,True,False,99.7596391257688,51.74543384064202,102.80788920943978,87.85704883487331
JVASP-75287,I-O-Y,Y3I7O,29.730555555555558,False,False,26.493352235700268,44.06993933935538,10.659061817258976,22.894629453446335
JVASP-14443,Br-O-Y,YBrO,102.75169417897479,False,True,95.36468573289437,98.19040204272753,91.08728494530287,99.14190518600417
JVASP-75188,Br-Lu-S,LuSBr,55.99342465753425,True,False,68.20159896679108,52.33994645997971,53.362533591558915,65.2283505349553
JVASP-738,O-Pt,PtO2,133.76234221598878,False,True,112.0118138225433,112.95783709976422,97.91517019739311,106.80011203592592
JVASP-646,Nb-S,NbS2,87.43180487804878,False,True,86.19100127293173,76.0153633308709,63.537999194214,84.74221925001595
JVASP-27913,H-Mn-O,Mn(HO)2,23.228469750889683,False,True,49.562778132809726,50.970797396585894,78.39328538793055,52.3044605251452
JVASP-9020,Nd-Rb-Se,Rb(NdSe)2,13.873796791443851,True,False,45.80506889436234,27.65353846452038,60.18811123346437,39.85984747244171
JVASP-658,S-W,WS2,138.97617747440273,False,True,109.16783409814327,110.98483957953371,89.41044471986456,121.64641609358323
JVASP-60491,I-Pb,PbI2,13.817880794701985,False,True,13.204090131959784,10.403526235995571,16.749228025389154,12.764561930548618
JVASP-60554,Cl-O-Tm,TmClO,103.57554347826085,True,False,62.01620198533872,58.9273037820338,76.01262627421195,56.2008446920414
JVASP-762,Se-Sn,SnSe2,57.112131147540985,False,True,53.20139498141039,54.10507433638177,28.0319896912951,49.997345435072745
JVASP-60493,I-Pb,PbI2,14.034640522875817,False,True,13.204090131959784,10.403526235995571,16.749228025389154,12.764561930548618
JVASP-14445,Bi-F-O,BiOF,81.03263274336283,False,False,41.22813330172131,39.86469552344389,71.84796296267066,37.72429868515023
JVASP-8861,Ba-O,BaO2,55.764326647564474,True,False,46.800572167853936,50.87185676539153,47.45583239621145,32.477089431397495
JVASP-13528,Br-Ho-O,HoBrO,105.92325000000001,True,False,81.03802141573104,65.25657828284557,100.96166669143012,78.04310051721873
JVASP-6037,Cl-Zr,ZrCl2,82.42216981132076,False,True,76.08338990775658,70.11191671481407,62.975465465725236,75.80524068351448
JVASP-60320,Bi-O-Sr,Sr(BiO2)2,105.07721088435375,False,False,96.50284792737193,94.30160949669813,52.500628374372596,88.24530052219232
JVASP-60279,Nb-S,NbS2,87.27908113391983,False,True,85.66003509124678,76.0153633308709,67.99013245893477,84.70739543727468
JVASP-14456,Co-O,CoO2,19.844074074074072,False,True,110.98084104183867,111.9187400742508,112.89086259023983,110.01911846583494
JVASP-60566,Mo-Se,MoSe2,105.26991942703671,False,True,91.31268605725398,95.44894165003605,75.88278068859515,100.29593198553204
JVASP-60567,Nb-Se,NbSe2,76.26224256292907,False,True,73.63162383167425,79.72178451738706,59.96679173309682,72.28310694117208
JVASP-14457,O-V,VO2,110.45619909502263,False,True,120.34268229846232,106.16211114130616,115.96357522492156,125.3556551900183
JVASP-60289,Ca-Cl-F,CaClF,79.40873308733087,False,True,75.52427931139381,63.19677874412328,80.13283632487973,70.58312453074863
JVASP-60495,I-N-Zr,ZrIN,139.38665003119152,False,True,123.30985420519558,115.98849311746794,108.8189707347595,130.98207429258417
JVASP-60585,Cl-O-Tm,TmClO,110.99609250398724,True,False,72.86943429311751,58.9273037820338,95.91280864298415,68.6350645980586
JVASP-60433,O-W-Zn,ZnWO4,18.466428571428576,False,False,37.83291107671508,71.10336439146589,6.617694849966102,49.86317715134199
JVASP-14459,Bi-O,BiO2,13.41101694915254,False,True,32.11754249903022,34.89780290873587,28.95128202258133,30.27698490945731
JVASP-13529,Cl-Er-O,ErClO,100.01977528089888,True,False,63.897512406873204,59.357790228346836,82.2073572733013,56.11071324543699
JVASP-8867,Ag-K-Se,KAgSe,41.86384976525822,True,False,36.39470274531243,26.006372504121124,40.1607726455925,34.43997022601167
JVASP-14460,Cr-O,Cr3O8,59.049375,False,False,70.74805165970204,79.40369791570478,65.76580164441125,61.96155659996409
JVASP-60609,I-Lu-O,LuIO,129.3165424739195,True,False,109.22900055432149,102.149266653462,77.66481580224924,103.31887065828451
JVASP-649,Mo-Se,MoSe2,105.37567084078712,False,True,89.60390669615724,95.44894165003605,75.95226738547191,100.29593198553204
JVASP-6025,Se-Sn,SnSe,33.59494736842105,False,True,25.539574369249355,27.480342179792473,21.484417244499294,22.408595733812255
JVASP-60346,I-La-O,LaIO,89.94212218649517,True,False,88.68624454853777,76.75591949638377,58.71002498538293,69.94768604986038
JVASP-60357,Br-O-V,VBrO,89.93141831238779,False,True,110.38217800891013,58.833818984019146,124.44072154829982,94.91093865654172
JVASP-60452,Ga-Se,GaSe,69.05294117647057,False,True,61.9247577730672,55.23147553414003,44.051938419547504,61.97359327219905
JVASP-13536,Sb-Te,SbTe,117.71089030206677,False,False,96.78583361308077,26.2132881749642,129.61906529861196,69.91073989286565
JVASP-60385,I-Pb,PbI2,14.034640522875817,False,True,12.810156906475987,10.403526235995571,15.666507634378329,12.752575525766932
JVASP-28152,Ge-Se,GeSe,20.799404761904764,False,True,16.126222773955018,23.095519651253888,19.637362329003285,19.28109091626403
JVASP-13541,Se-Ta,Ta2Se,180.03032375740997,False,True,160.0897895278428,153.28021032309243,160.33126711503047,163.58928755567783
JVASP-28153,F-Hg,HgF,2.4615384615384617,False,False,18.05971595809289,21.765386174470276,45.8098918501331,18.914975707226763
JVASP-28173,Ho-I-O,HoIO,119.0757698541329,True,False,79.25748573257422,71.2748821020376,74.4848311753378,63.96895227524694
JVASP-5950,C-Sc,Sc2C,88.12222222222222,False,True,88.61228892147544,112.92089277690093,64.3298601994051,95.70348102400676
JVASP-6304,O-Sb-Tl,TlSbO3,75.74189044038667,False,True,63.392798107163834,64.6209372710381,66.96303518671637,62.85166622468004
JVASP-13546,Br-V,VBr2,21.326839826839823,False,True,35.41805281606113,28.730455748560395,47.42827538865449,35.04585068144528
JVASP-19990,Hf-Si-Te,HfSiTe,168.27649769585253,False,True,155.16645743769868,136.44014014894304,98.21981790442756,155.86128940749003
JVASP-28183,O-Sn-Ti,TiSnO3,102.51876675603216,True,False,97.0512484499493,92.022353387792,40.87047698125839,87.22783039035914
JVASP-27846,Ce-Se,CeSe2,40.118032786885244,True,False,22.131878676498864,43.2411322788557,20.681293465205602,16.63887012912424
JVASP-8879,Cl-V,VCl2,23.065116279069763,False,True,32.71209188498085,34.81636853758742,46.971469482201506,38.18910420135947
JVASP-6232,Cd-Cl,CdCl2,26.74622950819672,False,True,23.304938436678373,12.138862561668512,31.737608429768102,24.284825916910744
JVASP-31348,Hf-Si-Te,HfSiTe,168.447583429229,False,True,155.16645743769868,136.44014014894304,98.21981790442756,155.86128940749003
JVASP-652,Se-W,WSe2,116.43794238683127,False,True,93.61818290601359,103.70268736019584,76.17065791880081,107.44931993323053
JVASP-5995,I-Pb,PbI2,14.183974358974359,False,True,12.850407207758607,10.403526235995571,15.53943643877572,12.764561930548618
JVASP-28223,C-Fe-O,Fe(CO3)2,89.91288888888889,True,False,48.908619138586495,21.735248318645098,39.32951155679068,67.2401886473151
JVASP-6220,Bi-Cl-O,BiClO,77.16620469083155,False,False,46.190593011333995,39.9471539162144,64.48271084358734,44.72634717088954
JVASP-8888,Cl-Rh-Te,TeRhCl,44.27983870967741,False,True,51.454001219422516,67.21858567032628,33.09627807771152,46.06872904503085
JVASP-8891,Ba-F-I,BaIF,40.66461916461917,False,True,40.11971809980725,40.76748971787258,39.45162764909128,37.93111458865981
JVASP-27889,Ag-Cl-O,AgClO4,3.6508264462809903,False,False,14.962756329275113,14.334674515704435,17.97914745123297,16.3298356810796
JVASP-768,O-Ti,Ti2O,106.71107410491257,False,False,156.6737411899042,150.16339923828454,124.61751381364802,125.50295359847867
JVASP-28280,Ag-Bi-O,AgBiO2,58.23307493540052,True,False,32.21740104114504,32.81066542173173,39.89177746681285,32.50950679470797
JVASP-6013,Se-Ta,TaSe2,87.68346774193549,False,True,76.8687369668728,61.58018828273579,60.29741398622507,81.21352465935031
JVASP-5959,S-Ta,TaS2,102.91310638297873,False,False,102.93374495462349,78.45715362932945,61.86082681279315,97.22725576895208
JVASP-28291,Co-S,CoS2,57.82805429864253,False,True,59.03321347251987,62.86496639851091,89.03201672270977,54.426919714216055
JVASP-687,Ga-Se,GaSe,69.22765667574932,False,True,61.90473036261451,55.23147553414003,43.93330695248712,62.03494846590227
JVASP-6070,S-Ta,TaS2,102.91310638297873,False,True,91.99158319976213,78.45715362932945,70.51207986827025,97.44014747476953
JVASP-6241,K-Mn-P,KMnP,64.27104519774011,False,True,65.10740468717036,59.781332194840445,91.72678914031053,55.93962972433665
JVASP-6670,Pb-Pt,Pt2Pb,136.016086671044,True,False,64.98629608810297,39.35688908689356,75.22311841840781,34.302232954721646
JVASP-771,S-Ti,TiS2,76.06270543615676,False,True,66.79777889990983,60.94892447163488,59.995404954920375,70.63244504177635
JVASP-777,Se-Ti,TiSe2,62.482774390243904,False,True,57.06839929825132,49.92938981698995,50.11237372453779,57.245719816639806
JVASP-28295,Ni-S,NiS2,78.93052631578948,False,True,62.586205224533366,60.83475607780351,66.63456825396425,64.92092015469096
JVASP-9035,Cl-N-Sr,Sr2N2Cl,31.329113924050624,True,False,58.01498599040269,84.32179779313186,39.13472913753871,53.503521425809865
JVASP-9038,Br-N-Sr,Sr2BrN2,32.90366598778004,True,False,54.43972056063469,85.72394819712872,39.963576292563076,52.377259946074425
JVASP-6742,Cl-Fe,FeCl3,37.33402597402597,False,True,37.558249147936664,19.55690760169568,34.68079820330654,35.52489386244566
JVASP-5965,I-Mg,MgI2,30.545454545454547,False,True,31.18824898073367,25.61168681917505,20.517026899762225,26.29440515965241
JVASP-6055,Cl-Fe,FeCl2,47.251238095238094,False,True,39.51284702428691,30.980954972931197,53.17125093750572,39.14336336743157
JVASP-6139,Cl-P,PCl3,4.176923076923076,True,False,8.343139081837098,21.370886451094293,10.104760698177023,9.384050881145438
JVASP-28296,O-Sn,SnO2,119.01545031055902,False,True,113.83014304888509,105.00716496297096,77.43220331647692,107.90358591305403
JVASP-6118,I-Ti,TiI3,30.058139534883715,False,False,13.302654902317817,15.584965732108255,10.925885455659293,15.717054947332858
JVASP-6208,H-I-Sr,SrHI,48.750920245398774,False,True,45.82894608346834,41.67310168613159,48.35979247415482,45.110698474770764
JVASP-27754,H-Ni-O,Ni(HO)2,12.305544147843941,False,True,58.256175039309596,54.19202690698279,136.44354695644202,57.777164679729616
JVASP-5977,Ni-Te,NiTe2,40.07201946472019,False,True,44.97709022408512,39.458018721097034,36.1532914305465,43.68472355170617
JVASP-8936,O-Sr,SrO2,71.82533172496984,True,False,62.003854780608584,62.089610969870705,52.21231923004579,42.24513140037768
JVASP-27755,F-Pb,PbF4,51.0917568814999,False,True,60.74367666528333,61.70721518560598,41.10971775728267,45.10518472882816
JVASP-27756,Au-Br,AuBr,20.262672811059907,False,True,13.757918313205966,14.966290916530653,10.947287472625122,14.957281664914518
JVASP-6196,Cl-Er-S,ErSCl,64.66897654584221,True,False,53.053827290509844,37.98151397417343,56.44735234932705,39.43261560011289
JVASP-27758,Cl-Hf-N,HfNCl,130.00427710843374,False,True,130.27863315898733,144.9535720184788,113.44888356481272,125.56393580538813
JVASP-8948,Br-In-O,InBrO,84.96099537037036,False,True,73.91239708646722,66.4030922128719,73.39591797736826,73.90636336250161
JVASP-5887,Br-Cd,CdBr2,25.187500000000004,False,True,25.448832981969144,21.10049915669523,32.27569820821924,24.026309772571118
JVASP-6277,F-O-U,U(OF)2,64.25071982281284,True,False,44.23638123419231,53.0532746410118,37.39494655946542,44.273966037262696
JVASP-8966,Cl-N-Th,ThNCl,122.12865995352439,True,False,107.19534024544699,143.4837681685279,60.34115696037153,94.28915637827531
JVASP-6178,I-N-Th,ThIN,119.5485623003195,True,False,105.31069543540482,122.91917105392831,61.657097362163164,88.91458744653566
JVASP-664,Mo-S,MoS2,125.27554064131243,False,True,103.75117626095974,99.60526487254046,102.38380040706866,106.66902011179302
JVASP-6064,Cl-Mn,MnCl2,27.250836120401335,False,True,30.647639410497796,13.96406013588429,37.67691390892592,32.59203516556111
JVASP-6067,Br-Mn,MnBr2,27.77352941176471,False,True,29.558181671170054,20.56756990891541,34.78736761090271,29.83314497046532
JVASP-6556,Br-La,LaBr2,13.334934497816592,True,False,24.35226070776702,27.59005562255997,21.425925645832145,24.33135741386799
JVASP-6169,Br-Dy-S,DySBr,57.58493317132442,True,False,55.20478713659395,41.36857743318221,51.29717741808416,40.359470093216316
JVASP-6223,Cl-O-Os,OsCl2O,68.42297768479776,False,True,72.05687926591403,71.006110836505,51.29873571997623,70.97995930430109
JVASP-6157,I-O-Pr,PrIO,94.99664634146343,True,False,73.0403076862158,46.69568125176334,57.60011939240617,52.05612450436776
JVASP-8981,As-Hg-K,K4HgAs2,26.558419243986254,True,False,27.78279660206271,19.643539282766493,30.086413502521072,25.20512241392414
JVASP-19999,I-Pb,PbI2,14.034640522875817,False,True,13.20589690697924,10.403526235995571,17.12066438245431,12.764561930548618
JVASP-27782,Fe-I,FeI2,36.80199501246883,False,True,38.374197738087595,28.487238337797958,24.46382693058029,32.69675249672296
JVASP-7057,Ba-Li-Si,Ba(LiSi)2,6.889179104477612,True,False,27.411080071592398,40.43897742132396,21.714328153061576,23.32924329380756
JVASP-13579,F-I-Sr,SrIF,55.22653429602888,False,True,57.9231021826577,50.30547222113914,53.43963389744776,51.21389831987218
JVASP-28095,O-Pb,Pb2O3,69.60918114143921,False,False,49.222912954356396,49.483479629774955,32.673868875485994,39.177556622206794
JVASP-20004,Hg-I,HgI2,386.2763293310463,False,False,13.226452716428701,12.266244163279685,8.677500672716036,10.906675089523889
JVASP-765,O-Ti,TiO2,6.874725274725273,False,False,79.34181859671693,123.54121750649901,64.62446334516962,76.22609942788347
JVASP-6121,Nd-Te,NdTe3,76.45922249793219,True,False,60.33605216871094,33.90548530832411,55.120434763130675,60.32153168784246
JVASP-20035,Cl-Mo-Rb,Rb3Mo2Cl9,25.575163398692812,True,False,17.965645245561163,15.291251925372222,31.36812414570918,14.756515673003241
JVASP-20007,Cl-Mg,MgCl2,39.912441314553995,False,True,39.476432546630704,35.594938585065485,43.10092859654646,36.75063328945752
JVASP-76298,Nb-S,NbS2,87.27908113391983,False,True,85.62045823679713,76.0153633308709,68.22704961822896,84.7279421436688
JVASP-19551,Cl-Dy,DyCl3,48.71556886227545,True,False,37.214145826860815,12.665673148727805,48.82585969043114,25.139801344983795
JVASP-27999,Cl-Y,YCl,43.58219178082192,False,True,50.980370130477965,47.508373510911426,49.77607511575176,49.80009899993187
JVASP-6517,Ga-N,GaN,110.53084179970975,False,True,93.8053472836222,100.3085757940589,97.86959951458961,76.83496112509349
JVASP-13567,Ce-S,CeS,64.42380478087651,True,False,31.09551621975159,37.005728422605145,41.632936670078,27.156149387229636
JVASP-27774,Hf-I-N,HfIN,150.72375283446712,False,True,136.05730695942364,129.57973315871288,107.33939893704132,139.71122754678836
JVASP-13634,Ni-Se,NiSe,53.08012422360249,False,True,31.74957718249963,32.50436128506804,29.98160280818261,27.570721576807934
JVASP-13588,Cl-H-Sc,ScHCl,86.55933609958507,False,True,89.18586476683674,94.64542507282458,120.1781823518866,88.12614823435437
JVASP-27777,Cl-N-Zr,ZrNCl,124.20394736842105,False,True,124.0839962945084,132.28916722141216,116.8585679807139,120.44029084275044
JVASP-31363,Ge-Sb-Te,Ge(SbTe2)2,83.03625000000001,False,False,89.92421251854536,57.142366519890615,77.17975357395905,78.75387129153272
JVASP-76548,I-Pb,PbI2,14.034640522875817,False,True,13.204090131959784,10.403526235995571,16.749228025389154,12.764561930548618
JVASP-8990,Bi-Se-Tl,Tl2BiSe2,31.090710382513663,True,False,56.812458106217605,25.429283721728222,71.27294355371403,50.597952750806016
JVASP-27773,Cl-Zn,ZnCl2,29.872277227722773,False,True,26.29794902925416,24.788105308832833,32.29658674647542,26.87545262389234
JVASP-735,Pd-Te,Te2Pd,36.377750611246945,False,True,32.47477050766557,32.685412108345986,28.21661008057789,33.42806435898865
JVASP-786,S-Zr,ZrS,43.17324973876697,False,True,58.06466872086753,44.416610403501046,23.53527252511345,53.8427109695363
JVASP-31367,Br-Zr,ZrBr,60.68571428571428,False,True,64.94625047361868,61.31632277437296,66.90181920417656,59.33273749923224
JVASP-5874,O-Pt,PtO2,134.3224930362117,False,True,112.58802106150874,112.95783709976422,94.13081457418332,106.88166498024782
JVASP-20017,I-Mn,MnI2,26.02173913043479,False,True,25.482121261063803,11.290104727570952,23.53374361968922,24.798586013793578
JVASP-27926,Cl-Tb,TbCl,38.96907216494845,True,False,36.125781380754376,16.429147424549143,49.38475257015781,33.102032275055336
JVASP-5980,Se-Ta,TaSe2,87.68346774193549,False,True,76.8687369668728,61.58018828273579,60.29741398622507,81.23266183895677
JVASP-9047,Na-Nb-S,Na2NbS2,104.35294635004398,True,False,62.12745816041347,55.00090368635595,112.40704898266827,73.05620273699283
JVASP-5920,Se-Ta,TaSe2,87.35365111561866,False,True,76.8687369668728,61.58018828273579,60.29741398622507,81.21352465935031
JVASP-31374,Br-N-Zr,ZrBrN,130.17581573896354,False,True,114.27302290798892,118.31786802573026,105.25453387889804,123.38424119624418
JVASP-28080,Bi-Pb-Se,Bi2Pb2Se5,98.86682242990655,False,False,88.67299127426568,40.633846595985595,85.54958198219741,80.38971569312817
JVASP-19516,S-Sm,SmS,80.19698078682524,True,False,32.26699449303938,23.247760579101644,40.02098581513857,25.46181394142305
JVASP-13632,Cl-Ti,TiCl3,31.367889908256885,False,False,23.8323705890384,20.391947251194534,31.0851076572458,22.66191289820503
JVASP-28089,C-Cl-Lu,Lu2CCl2,136.63698534542917,True,False,129.40100608235986,130.7721132358693,110.93501880119803,127.60977767804533
JVASP-14417,Ag-I,AgI,18.155494505494502,False,False,15.84623778884477,10.15648584150398,15.776195729740532,13.480342606318237
JVASP-27958,H-Mg-O,Mg(HO)2,70.19986824769434,False,True,58.68300872547326,53.30077050711806,135.60518277075317,55.789345394204325
JVASP-6427,Pd-Se-Tl,TlPd2Se3,33.847567567567566,False,True,32.25016888001691,32.57559137324403,31.493019770879364,31.078686978182542
JVASP-8996,Sb-Se-Te,Sb2Te2Se,62.05395136778115,False,True,66.35897964738082,62.196486722271786,47.45738119719293,61.8834333819742
JVASP-27920,I-Ni,NiI2,11.289473684210527,False,True,38.423343135833406,27.240654140057,30.748580664682425,37.536035866879345
JVASP-14432,Al-H-O,AlHO2,151.0967213114754,True,False,110.79020663447787,74.84637532545977,154.92483743189862,71.33468766953963
JVASP-28011,Cl-O-Yb,YbClO,35.3754752851711,True,False,83.18045560378911,71.54412407260536,108.16199942632105,74.67052617990777
JVASP-28028,I-Nb-O,NbIO2,176.66096654275097,False,True,130.39451160260703,112.27985146077052,63.62015545034969,148.05160381206633
JVASP-153102,C-Ca,CaC6,339.6286618705036,True,False,163.78367384778466,157.45962643702146,77.03734167306051,135.31154183385564
JVASP-153121,S-Si-Zr,ZrSiS,143.70535714285714,False,True,170.11575945443943,165.0847941886976,152.26455074986615,186.431255712612
JVASP-153122,N-W,W2N3,338.19210393541874,False,True,304.0141926928785,427.9347167462718,207.48298024261962,289.8506793025238
