axis,bin,rows,clusters,Q,lo,hi
family,1,264,264,0.990255637523027,0.9263705041353446,1.0641113229204815
family,2-3,306,127,1.2198566625501768,1.0532329490446009,1.3750508068907228
family,4-9,741,131,1.2425015399988286,1.1355404788482701,1.366838272448439
family,10-49,2769,133,1.465366127558792,1.363988475016551,1.6032302380477979
family,>=50,3178,21,1.5302396977666437,1.245023910537863,1.8291280927303766
chemsys,1,2572,2572,0.9847316957400873,0.9625473731588822,1.0088256889033855
chemsys,2-3,1998,857,1.0360601035363373,1.0048782574915975,1.0710557775419987
chemsys,4-9,1693,299,1.031603013117481,0.9790888674488923,1.0943363307639227
chemsys,>=10,995,78,0.9893224468645597,0.9472709648726774,1.0366600193032889
