target,n,transform,n_families,n_seeds,MAE_random,MAE_chemsys,MAE_family,MAE_mean_random,skill_random,skill_chemsys,skill_family,R_family,R_family_lo,R_family_hi,R_chemsys,R_chemsys_lo,R_chemsys_hi,ratio_family,ratio_family_lo,ratio_family_hi,ratio_chemsys,ratio_chemsys_lo,ratio_chemsys_hi,D_family,D_chem,ICC_family,ICC_chemsys,kurtosis,axis
formation_energy_peratom,1103,none,302,3,0.1623896919361805,0.20364617260339576,0.23111406034690343,0.6977039437507173,0.7672512913382632,0.7080480290125952,0.6688572195598264,0.8717576980459494,0.8311121301332847,0.9086783938485571,0.9228371942881923,0.8860008905102933,0.9468235894117094,1.4232064707514303,1.2953294278430347,1.544944478259243,1.2540584945713744,1.1707249005103617,1.3736190722437445,0.19382726057588928,0.3237535815872944,0.4358228068452141,0.9169342491021027,2.113618279010862,structure-family loss
optb88vdw_bandgap,1103,none,302,3,0.48970353763861757,0.5889785065932599,0.6614610506692657,1.0445369107063127,0.5311764164394329,0.435595998333265,0.3661433532488412,0.689306493882321,0.6279429970750314,0.7487741348447958,0.8200589951887173,0.7630592080629887,0.871035555250503,1.3507377419793087,1.2460750185484282,1.4519123557054952,1.2027246309743906,1.1286981813608392,1.268210297783546,0.1525443685050989,0.2457454992079856,0.2657122169381104,0.7277158282400841,1.0886407842570387,structure-family loss
epsx,887,log,261,3,3.601918350209024,4.372978331972356,5.045695074175806,8.195048261808688,0.5604762491765897,0.4655069954241329,0.3833700514896812,0.6840076667885573,0.5845301085816541,0.8009776988394905,0.8305561495389348,0.776867352495387,0.896589788169122,1.4008354947532329,1.2281406598982343,1.614832547628097,1.2140692561003186,1.1149731989028813,1.327666463732774,0.15608155271233348,0.20598144214441494,0.3339559600432129,0.7422579568794284,-0.8312968420340665,structure-family loss
avg_elec_mass,678,none,212,3,517642.93970850116,580874.9106332851,635000.1695355682,324112.36763847445,-0.5971094947104798,-0.7919909551801776,-0.9566133788267224,1.6020736352393041,1.2876406060792174,2.024355923092095,1.3263747473387437,1.158302219768796,1.5938436346753877,1.2267146344025364,1.108622610044561,1.3853026440399088,1.1221536431278123,1.0560399285912183,1.2203596493539963,0.23240396683869935,0.15302984308251422,0.929093085268688,0.9988370726169729,549.054948010147,chemistry loss
n-Seebeck,806,none,252,3,63.422794592223205,69.3123642791519,77.23357070992148,83.65257268488433,0.2418309137827217,0.1694698781850592,0.07493245215761124,0.30985472860155483,0.12073404940446511,0.4444883124993611,0.7007783890579148,0.5271759093866447,0.8227693471198666,1.2177572938325194,1.1435768567248614,1.2816627044898832,1.0928620336709487,1.0517028008709757,1.12954446803033,0.051772085229657705,0.0594350310341526,0.16530960940617317,0.557686933362589,2.6122670108250743,structure-family loss
n-powerfact,802,log,250,3,1976.4537679989414,2019.4525526631694,2050.0738780225606,3436.143885608222,0.42480471313293244,0.4105043002811479,0.40072474325949525,0.9433152007757929,0.8436015580649907,0.9923302132027526,0.9663365014330489,0.9413639856063947,0.9859999800834707,1.03724858694679,1.0109779228949678,1.2913252587383737,1.021755522623614,1.0054271376712531,1.1763935744811032,-0.04951384359930788,-0.3387027958762181,0.07971170860988436,0.31497010607266923,3.945598064562145,similar
ncond,802,log,250,3,851859.9842412729,867182.9253527923,879529.4960944505,1578588.7066461437,0.46036609748011725,0.45140857084855146,0.44339658762589107,0.9631390974550226,0.8937698053237716,1.001836592450646,0.9805426014630614,0.9628196730809783,0.9996883398391645,1.0324812907813976,1.0065294132266351,1.3864651026973431,1.0179876287124427,1.003168470814381,1.2169984715668327,-0.029879950235753405,-0.3163400897316795,0.3395621521576958,0.6899739669878361,3.214415251810616,similar
nkappa,802,log,250,3,1466037230349486.2,1477383983453230.8,1515597789870957.2,2750892249766296.0,0.46706846461396867,0.463423714487014,0.45006612806409707,0.9635977638440566,0.8748799427468225,1.0173220440491206,0.9921965399013462,0.978554646736175,1.009548378607984,1.033805798717442,1.0071016678382907,1.4976328648888384,1.007739744168052,1.0006135224280404,1.131487832327542,-0.025037082238807296,-0.32123994248314514,0.3794703616097988,0.6558167110907578,3.6702990379364278,similar
exfoliation_energy,748,log,245,3,38.66419687800181,41.71193473233969,43.82624656254794,71.10091433285022,0.4562067556965568,0.41250544237871833,0.3827854607931781,0.8390613598185854,0.7477902638555612,0.9238538747459558,0.9042072201427326,0.8477156633913889,0.9580989455453134,1.1335098127302135,1.0607290924320296,1.2074964677728561,1.0788258414872678,1.035521663987641,1.1217243060588826,0.18348582965695903,0.06978833014788721,0.4903181523449393,0.14442296131094742,20.445619643018063,structure-family loss
spillage,603,none,202,3,0.20531677825641836,0.21197531324643495,0.24173059728816837,0.24948952920974063,0.1770525243814427,0.1495896279611495,0.030156741629974282,0.17032652731346812,-1.6706376024201286,0.7977691083308988,0.8448884221434368,0.6256480980850531,1.0973082371253913,1.177354327011079,1.048826147317587,1.3899622307686517,1.032430544871013,0.9845158710342503,1.0739447638827306,0.021149025461144833,0.03885555914059735,0.09988691275285395,-0.05474425516977992,18.02906836041975,structure-family loss
