analysis,scheme,MAE,MAE_lo,MAE_hi,R2,R2_lo,R2_hi
TaskA|Y2D,random,13.735807020581099,12.080733171837307,15.373684313981107,0.8742687174995676,0.8280619726852274,0.9052977595174426
TaskA|Y2D,chemsys,13.914165453982045,12.230209957253388,15.69936174616706,0.8645739764079029,0.8149389326241359,0.8946968662718545
TaskA|Y2D,family,19.817141559225423,16.331241930292702,24.242803207932457,0.7399542679787726,0.601730014077883,0.8279121516262369
TaskA|poisson,random,0.11085833739377732,0.10192460483125718,0.12010631890563535,0.3947843787835006,0.33875040136163925,0.4449496645410329
TaskA|poisson,chemsys,0.1092240989899902,0.10040532159127401,0.11825392944251706,0.41669288896264456,0.361976996406985,0.46247857169421175
TaskA|poisson,family,0.14048931957299465,0.12928766442256365,0.15207338242590812,0.13633327715570642,0.06673880035765932,0.1959982095743597
TaskB|binding_energy_zscan,random,2.428297150944644,2.3015671692370545,2.577758150213661,0.9854487751831905,0.9743320617201834,0.9917585374852581
TaskB|binding_energy_zscan,monolayer,9.366592332893326,7.273559767179328,11.760873436652842,0.4479872971623151,0.302052648602937,0.5701898680132806
TaskB|binding_energy_zscan,family,13.798027279744838,9.861660350283007,18.956136382012524,0.14740086080237214,-0.09261954858706145,0.32774131115768973
TaskB|distance,random,0.2481403327684352,0.23914372514558752,0.25862439724261144,0.6591055013544154,0.6122649738389209,0.6993797963277385
TaskB|distance,monolayer,0.2710314920494956,0.25655054217618894,0.2870323856057348,0.5719029988694513,0.4993233880190764,0.6312851452497842
TaskB|distance,family,0.32002641743574073,0.2850919908416134,0.37018651026556154,0.37917717220166125,0.18779178073702607,0.5124965713502988
