seed,scheme,model,features,fold,n_test,mae,rmse,r2,mae_t,r2_t
42,random,gradient_boosting,all_plus_layergroup,0,1452,13.811374217353402,22.777200158411105,0.8956018406306575,0.2690737572250377,0.8335259730589453
42,random,gradient_boosting,all_plus_layergroup,1,1452,13.473966964705381,23.26489523171103,0.8727911468246473,0.2924254333867406,0.787606638701004
42,random,gradient_boosting,all_plus_layergroup,2,1452,13.761585924477913,24.152334952756036,0.8702832480339572,0.27393338129663447,0.8041975416703819
42,random,gradient_boosting,all_plus_layergroup,3,1451,13.955559860244893,24.672342263785012,0.8811284932695957,0.27581794940404103,0.8114164665037529
42,random,gradient_boosting,all_plus_layergroup,4,1451,13.465824681049662,22.968791792645263,0.873922622278092,0.2761928762905112,0.7904810582349687
42,random,gradient_boosting,all_plus_anon,0,1452,13.76434719203136,23.010465258701117,0.8934525733213735,0.27147538408309846,0.8284046511642505
42,random,gradient_boosting,all_plus_anon,1,1452,13.547257074922186,23.97380561602518,0.8649206088560485,0.2928761082594705,0.7859158268877142
42,random,gradient_boosting,all_plus_anon,2,1452,14.062700049015945,24.61478453696342,0.8652682667451137,0.2820916129711304,0.7956011914116596
42,random,gradient_boosting,all_plus_anon,3,1451,13.806174873313926,24.3316794071554,0.8843884625864293,0.27455181971436327,0.8124336714009787
42,random,gradient_boosting,all_plus_anon,4,1451,13.645411564271374,23.40499263058543,0.8690884747535419,0.2808193042356155,0.7836894121592195
42,random,gradient_boosting,all_plus_prototype,0,1452,13.579640550099173,22.203313985992164,0.9007963237734867,0.2683302905022941,0.8348338154489787
42,random,gradient_boosting,all_plus_prototype,1,1452,13.232948462048011,23.266598247705716,0.8727725224862557,0.28632294772982375,0.7908503067202339
42,random,gradient_boosting,all_plus_prototype,2,1452,13.861343521646296,24.322820628051232,0.8684455044066264,0.27816975365805424,0.8015737653584687
42,random,gradient_boosting,all_plus_prototype,3,1451,13.742599053856436,24.204050844079255,0.885598131313723,0.27213959486859,0.8144338503193513
42,random,gradient_boosting,all_plus_prototype,4,1451,13.42225319963308,23.203545068377167,0.8713322965330029,0.27745329947771546,0.7879855421734924
42,random,gradient_boosting,composition_plus_prototype,0,1452,16.44791589593817,26.598002020945703,0.8576392738382668,0.3225895482053046,0.7720238140934769
42,random,gradient_boosting,composition_plus_prototype,1,1452,16.04037126862526,26.935003328608307,0.8294902560623427,0.34778727893983735,0.714143122432531
42,random,gradient_boosting,composition_plus_prototype,2,1452,16.260698080383566,27.34315324114591,0.8337448862215019,0.3308948277376232,0.7375433669809579
42,random,gradient_boosting,composition_plus_prototype,3,1451,16.72010934149765,29.40394187053636,0.8311628096549915,0.3284828916128414,0.7420853672407698
42,random,gradient_boosting,composition_plus_prototype,4,1451,15.81946406170415,26.19181026429554,0.8360573701563465,0.3275114645589937,0.7053562863648369
42,random,gradient_boosting,prototype_only,0,1452,29.07726343480621,47.69784740677116,0.5421853088156557,0.5251190625258673,0.48996171177767445
42,random,gradient_boosting,prototype_only,1,1452,27.387948191821824,46.445999180271095,0.4929955683577921,0.5492342876089159,0.42852330720759435
42,random,gradient_boosting,prototype_only,2,1452,27.916683453001628,47.51290916957996,0.4980030656212586,0.5162313000034277,0.4612479299958948
42,random,gradient_boosting,prototype_only,3,1451,29.793712748888503,49.1148638814811,0.5289327684057623,0.5442132399453757,0.46034623345844383
42,random,gradient_boosting,prototype_only,4,1451,27.278653881569685,42.092918845968356,0.5765726081090734,0.5264286438658106,0.436798956674054
42,family,gradient_boosting,all_plus_layergroup,0,1452,23.242845379523054,39.704480321593834,0.5156397872637889,0.42420131401872435,0.6593646852989574
42,family,gradient_boosting,all_plus_layergroup,1,1452,20.72741773299228,41.148759830554354,0.5255981669059,0.4111961544103314,0.6135820741078739
42,family,gradient_boosting,all_plus_layergroup,2,1452,18.893581353862984,32.30355097671855,0.8395962060609224,0.3486748541287723,0.7527224178151626
42,family,gradient_boosting,all_plus_layergroup,3,1451,17.329708239419556,28.24695430371234,0.8310139263621674,0.3733597992525184,0.691682247786112
42,family,gradient_boosting,all_plus_layergroup,4,1451,17.78770017314621,27.768038305325803,0.8444607689401353,0.356369935139998,0.7362755551145832
42,family,gradient_boosting,all_plus_anon,0,1452,24.89407873198381,42.33421036209608,0.44935416811837425,0.45830021633371815,0.5992239238102887
42,family,gradient_boosting,all_plus_anon,1,1452,20.05688577326944,40.43110317554798,0.5420015166697782,0.39756424260794493,0.6324821997963657
42,family,gradient_boosting,all_plus_anon,2,1452,18.89733225858124,32.02457424347243,0.8423547695599225,0.3533536679267273,0.7492917851108829
42,family,gradient_boosting,all_plus_anon,3,1451,17.830763391137346,28.144476983814776,0.832237833695582,0.3807830775465768,0.6860854069657022
42,family,gradient_boosting,all_plus_anon,4,1451,17.326970754595525,27.00205832972554,0.8529234986776153,0.34977452391226876,0.734747145185313
42,family,gradient_boosting,all_plus_prototype,0,1452,24.127678095506145,41.83910198997681,0.46215871212335,0.43639893389303347,0.6373333535676733
42,family,gradient_boosting,all_plus_prototype,1,1452,20.896998250616075,41.339282638842555,0.5211949424036371,0.41259325299729466,0.6115133603368861
42,family,gradient_boosting,all_plus_prototype,2,1452,19.122744757515,32.74643259034552,0.8351677845837077,0.3526308833067425,0.749280411294315
42,family,gradient_boosting,all_plus_prototype,3,1451,17.111678179884187,28.382037014780558,0.8293938098259718,0.3687515381509727,0.6962313750115413
42,family,gradient_boosting,all_plus_prototype,4,1451,17.2819112579031,27.46411388648143,0.8478469260881731,0.33927762841875264,0.754591804362783
42,family,gradient_boosting,composition_plus_prototype,0,1452,24.62209567487352,38.69154341213454,0.540038440862,0.4724727088931603,0.5593056029018699
42,family,gradient_boosting,composition_plus_prototype,1,1452,26.17290726001428,45.881879089823194,0.41018576581752497,0.5121118765208252,0.45861527403875
42,family,gradient_boosting,composition_plus_prototype,2,1452,24.052803723329074,40.77242788422677,0.7444668474837,0.42780307214279056,0.6511197953639324
42,family,gradient_boosting,composition_plus_prototype,3,1451,23.48205536196194,35.4227348237108,0.7342508790812227,0.48433789818402734,0.5314490773645908
42,family,gradient_boosting,composition_plus_prototype,4,1451,21.744210517667128,34.069888768770134,0.7658517159298621,0.4250973512280127,0.6328163012756591
42,family,gradient_boosting,prototype_only,0,1452,38.92278125120062,61.90705260639141,-0.17752377517253626,0.7382202503926583,-0.02634129062561552
42,family,gradient_boosting,prototype_only,1,1452,42.01076241515056,65.83608611919914,-0.21439750539279534,0.8245984950623105,-0.11460457987692796
42,family,gradient_boosting,prototype_only,2,1452,44.3263612780549,82.16250781842623,-0.03767530088847537,0.7662717486030877,0.06979753033587532
42,family,gradient_boosting,prototype_only,3,1451,40.81291562495721,68.06451615843216,0.018818877691736402,0.7773452775735814,-0.03831865330131756
42,family,gradient_boosting,prototype_only,4,1451,39.979014499265865,68.32301209188151,0.05836290911380304,0.6788001975070097,0.16975852148734627
43,random,gradient_boosting,all_plus_layergroup,0,1452,13.736269960673757,23.312204663297987,0.8718359769303665,0.2712322292660034,0.827919063565446
43,random,gradient_boosting,all_plus_layergroup,1,1452,13.02402803739836,21.32787987212149,0.9011228291245422,0.26547037901089443,0.8184228896505381
43,random,gradient_boosting,all_plus_layergroup,2,1452,14.110881110709464,24.977250751805073,0.8804022306751601,0.2872452038451209,0.8038276823880205
43,random,gradient_boosting,all_plus_layergroup,3,1451,13.09589722607358,22.00543428146939,0.8882259928457779,0.2882632328832554,0.787387961706788
43,random,gradient_boosting,all_plus_layergroup,4,1451,13.913719313003268,24.908464074258664,0.8665242117792794,0.2746678299212764,0.792591165664509
43,random,gradient_boosting,all_plus_anon,0,1452,13.591554904828161,22.740231159613092,0.8780479269653285,0.2712136310084372,0.8287346379724839
43,random,gradient_boosting,all_plus_anon,1,1452,13.148873797087976,21.6982656680118,0.8976587530174602,0.26766125615342734,0.8150989855607073
43,random,gradient_boosting,all_plus_anon,2,1452,14.30766506096091,25.696959488573455,0.8734106145473635,0.2894037670869445,0.7987477591156905
43,random,gradient_boosting,all_plus_anon,3,1451,13.35394158522231,22.69962209267195,0.8810626693569312,0.2917080720796513,0.7784661471370438
43,random,gradient_boosting,all_plus_anon,4,1451,13.97968205787365,25.27583797620864,0.8625579188421169,0.27642193124427894,0.7893906089643099
43,random,gradient_boosting,all_plus_prototype,0,1452,13.814351291766098,23.260324016971577,0.8724057929224731,0.2735838230874092,0.8266776486591169
43,random,gradient_boosting,all_plus_prototype,1,1452,13.311394301940167,22.05539773077172,0.8942621567859989,0.2705245605066574,0.814502631193211
43,random,gradient_boosting,all_plus_prototype,2,1452,14.149626596223088,25.99639544221946,0.8704432392546313,0.2853966811931793,0.8044236749683509
43,random,gradient_boosting,all_plus_prototype,3,1451,13.048983272196583,22.28129415375292,0.8854060320990768,0.28787090813155514,0.781506022097152
43,random,gradient_boosting,all_plus_prototype,4,1451,13.955317064922435,24.92341999239613,0.8663638765401203,0.2743190137976845,0.7971275633686625
43,random,gradient_boosting,composition_plus_prototype,0,1452,16.395488461556283,27.022471937910378,0.8277934817538454,0.33450776916589925,0.7320876458287119
43,random,gradient_boosting,composition_plus_prototype,1,1452,15.733448396820963,26.309572191290926,0.849537514281119,0.3207574845324106,0.7361156587044504
43,random,gradient_boosting,composition_plus_prototype,2,1452,17.389034906334967,30.455026847454906,0.8221918001254549,0.3493229916546383,0.7246449981719617
43,random,gradient_boosting,composition_plus_prototype,3,1451,15.68931610230362,25.737207257726578,0.8471013070480019,0.33718318827038446,0.723261301149133
43,random,gradient_boosting,composition_plus_prototype,4,1451,16.46341935121901,28.24489238373957,0.8283718797844324,0.32898156555027663,0.729915800203752
43,random,gradient_boosting,prototype_only,0,1452,28.16671915768198,44.99486798155963,0.5225527449484781,0.5447316787333297,0.4350122067657243
43,random,gradient_boosting,prototype_only,1,1452,26.74003355738931,43.879235945746196,0.5814775362282113,0.5001379695155633,0.4999287626064677
43,random,gradient_boosting,prototype_only,2,1452,29.059363684910547,49.839527689599706,0.5238084902704785,0.5402849088186482,0.4556867922056086
43,random,gradient_boosting,prototype_only,3,1451,28.406450887593998,45.67655590200539,0.5184208976747429,0.5413890229790861,0.44304940577590624
43,random,gradient_boosting,prototype_only,4,1451,29.031957344585297,48.63446350233693,0.49114170787253864,0.532961832729717,0.4445032427359622
43,family,gradient_boosting,all_plus_layergroup,0,1452,25.441683938079688,46.896389902004046,0.41177804094743975,0.4556471939101815,0.598447328370832
43,family,gradient_boosting,all_plus_layergroup,1,1452,19.418049725523044,31.65057675438196,0.6881630555539693,0.3965219714552699,0.6515164820145214
43,family,gradient_boosting,all_plus_layergroup,2,1451,19.09244987869937,31.9730448371172,0.8460216843524846,0.3487836754574131,0.7555258634588083
43,family,gradient_boosting,all_plus_layergroup,3,1451,17.84257177848725,27.222805635938606,0.8278267709651644,0.3805286402699201,0.6968085641684095
43,family,gradient_boosting,all_plus_layergroup,4,1452,16.49927007795165,26.199841519460023,0.8657091794018238,0.3487693987237345,0.7324471838955711
43,family,gradient_boosting,all_plus_anon,0,1452,26.355262613810375,48.40136799515033,0.37341833488205023,0.46767985890032027,0.5848830777232046
43,family,gradient_boosting,all_plus_anon,1,1452,19.10206577935138,32.1355590930415,0.6785332719834933,0.388985421162054,0.6488817890049752
43,family,gradient_boosting,all_plus_anon,2,1451,19.065258288130874,31.97622659115185,0.845991036942676,0.3576332494249933,0.744962597608178
43,family,gradient_boosting,all_plus_anon,3,1451,18.284956344661214,28.078237300640126,0.8168362443159072,0.3812879229212447,0.6903939256371333
43,family,gradient_boosting,all_plus_anon,4,1452,16.180340042925824,25.88061487019319,0.8689617214502748,0.3416533358737997,0.7374648239214501
43,family,gradient_boosting,all_plus_prototype,0,1452,24.984263005468986,46.3436810173823,0.42556160251349384,0.44775540791168195,0.6158545891010629
43,family,gradient_boosting,all_plus_prototype,1,1452,19.10406043993836,31.4942946668213,0.6912349875440961,0.392019464456083,0.6514604028592031
43,family,gradient_boosting,all_plus_prototype,2,1451,19.38843682142694,32.67139471080606,0.839221889588736,0.3517132939617779,0.7517555343381344
43,family,gradient_boosting,all_plus_prototype,3,1451,17.206189846156132,26.68119835875572,0.8346095141949073,0.37203009579613183,0.7048185042458106
43,family,gradient_boosting,all_plus_prototype,4,1452,16.753746501042826,26.419613545499907,0.8634467879195435,0.35438030740845466,0.7254243061344603
43,family,gradient_boosting,composition_plus_prototype,0,1452,26.87015305644462,46.50378045589646,0.42158582335713346,0.5103303786522888,0.49030754908649377
43,family,gradient_boosting,composition_plus_prototype,1,1452,23.963872243061612,37.48369640091509,0.5626298567913259,0.4752822474753539,0.5128311999110083
43,family,gradient_boosting,composition_plus_prototype,2,1451,23.92383967411704,39.50173524305358,0.7649696653715814,0.420659455622405,0.6710678149712315
43,family,gradient_boosting,composition_plus_prototype,3,1451,22.705953670565304,33.779377963394694,0.7349040117382466,0.47019532238946443,0.5633026606892936
43,family,gradient_boosting,composition_plus_prototype,4,1452,21.16552815567058,33.68654775317714,0.7779953805751804,0.42771173357286546,0.6072367256640094
43,family,gradient_boosting,prototype_only,0,1452,37.852656018593656,64.06595458537873,-0.09778429271014022,0.6830267472152778,0.07059512906827314
43,family,gradient_boosting,prototype_only,1,1452,39.38989827563172,58.749706273063985,-0.07442401979235758,0.7659793373796794,-0.015183798425419504
43,family,gradient_boosting,prototype_only,2,1451,45.91047225424523,83.6042896518025,-0.052806829823157875,0.761631706621568,0.04568988049137701
43,family,gradient_boosting,prototype_only,3,1451,39.77156422881797,64.8413628724935,0.02320342363807648,0.748194115438566,0.10100238793421812
43,family,gradient_boosting,prototype_only,4,1452,39.0642325172832,68.49333133999498,0.08220523037460914,0.6606139415007205,0.21823021020173927
44,random,gradient_boosting,all_plus_layergroup,0,1452,14.090808811700532,30.752366062019767,0.8213048433587845,0.28704310690671364,0.7862336381078893
44,random,gradient_boosting,all_plus_layergroup,1,1452,14.573135630794654,26.934631746454368,0.8444115869056559,0.2754262094779916,0.8030344093771782
44,random,gradient_boosting,all_plus_layergroup,2,1452,13.770006888154978,22.908780757438027,0.8885145886685284,0.2757553139840765,0.8084038676479016
44,random,gradient_boosting,all_plus_layergroup,3,1451,13.191564504443367,22.470997791969545,0.8914935672727203,0.28255282017423217,0.8020256940955001
44,random,gradient_boosting,all_plus_layergroup,4,1451,12.665448885017573,20.734749322143912,0.884266186470461,0.26455482317497986,0.823562531612454
44,random,gradient_boosting,all_plus_anon,0,1452,14.396887646553948,31.22415244127333,0.8157798942127524,0.2900164152251169,0.7796729045176829
44,random,gradient_boosting,all_plus_anon,1,1452,14.926158234291636,29.141714495743575,0.817868373925479,0.279096316960979,0.7976462542616352
44,random,gradient_boosting,all_plus_anon,2,1452,13.987195731637042,23.33197692332973,0.8843575816795247,0.2825883715133879,0.7992502925929477
44,random,gradient_boosting,all_plus_anon,3,1451,13.268576262120751,22.686015865605714,0.8894071030045323,0.28483878797587037,0.7994920759009644
44,random,gradient_boosting,all_plus_anon,4,1451,12.845012247086597,21.18971310622195,0.8791315817546689,0.26942724430213566,0.8200097928218812
44,random,gradient_boosting,all_plus_prototype,0,1452,14.232085147423588,31.12986664841776,0.8168907723488865,0.2875242132612463,0.7871931771791164
44,random,gradient_boosting,all_plus_prototype,1,1452,14.790756653163479,28.39973210368954,0.8270248748161836,0.27624496586505465,0.8018814707957936
44,random,gradient_boosting,all_plus_prototype,2,1452,14.09073271622014,23.4119547734388,0.8835634197702004,0.2816877990693593,0.8050915390380553
44,random,gradient_boosting,all_plus_prototype,3,1451,13.164942580023823,22.359083566027795,0.8925716835274552,0.2824976559610985,0.8038712646190763
44,random,gradient_boosting,all_plus_prototype,4,1451,12.634062358126863,20.548732723940812,0.8863334255378542,0.2644027861123107,0.8237631460982995
44,random,gradient_boosting,composition_plus_prototype,0,1452,16.96622286122318,34.726164657456074,0.7721393402315729,0.34227724733291165,0.7158403378265419
44,random,gradient_boosting,composition_plus_prototype,1,1452,17.454949634981073,30.546269527740073,0.7998887403062299,0.33550328114610034,0.7253910594385551
44,random,gradient_boosting,composition_plus_prototype,2,1452,15.978158487506086,25.890974617642645,0.8575997058008855,0.32451850076854494,0.7488995871355042
44,random,gradient_boosting,composition_plus_prototype,3,1451,15.951714531468049,26.636228405351904,0.84753988877089,0.34318049115461957,0.7205949917062578
44,random,gradient_boosting,composition_plus_prototype,4,1451,15.2803652914574,24.30037750776586,0.8410396808038929,0.32347074940956244,0.7409154905964801
44,random,gradient_boosting,prototype_only,0,1452,28.16794589834854,50.51941836719532,0.5177498249873138,0.5252477322628177,0.459507092706146
44,random,gradient_boosting,prototype_only,1,1452,30.337997059169435,51.26294268492315,0.4364113578790625,0.5453245286714024,0.4429746818406224
44,random,gradient_boosting,prototype_only,2,1452,27.67254209815797,43.50362903562435,0.5979638897029125,0.5210347504932047,0.46973547889024714
44,random,gradient_boosting,prototype_only,3,1451,28.67747344382322,46.955352246591524,0.526215359451951,0.5561676523741196,0.4245197408599456
44,random,gradient_boosting,prototype_only,4,1451,26.813962479042093,41.47737096316355,0.5368889675401061,0.5149039915560085,0.47867832655673526
44,family,gradient_boosting,all_plus_layergroup,0,1452,24.892059397245994,46.989412669449884,0.4016128281496104,0.4468096584963823,0.5969605890285146
44,family,gradient_boosting,all_plus_layergroup,1,1452,19.018337361671083,30.843407472492753,0.6746561577019095,0.3951332388987344,0.6580747536344271
44,family,gradient_boosting,all_plus_layergroup,2,1451,19.69447298546547,33.00130672598005,0.8387554755404085,0.36947738122485835,0.726307162835653
44,family,gradient_boosting,all_plus_layergroup,3,1451,17.606213382513076,28.12822850757789,0.8297185463045318,0.3743557313315715,0.7109497697238473
44,family,gradient_boosting,all_plus_layergroup,4,1452,17.72406510856896,28.05011321785503,0.8422131393326289,0.36389850125555206,0.7116674790006312
44,family,gradient_boosting,all_plus_anon,0,1452,26.404163426546177,49.13872982361034,0.3456198849191229,0.4702253405784896,0.5621260010540892
44,family,gradient_boosting,all_plus_anon,1,1452,18.595559950706612,30.244929758862057,0.6871594439918436,0.3839435412503008,0.6654898871405805
44,family,gradient_boosting,all_plus_anon,2,1451,19.68901548484187,32.723068772377346,0.8414629573112153,0.3720486798156053,0.7300368981378369
44,family,gradient_boosting,all_plus_anon,3,1451,17.802094789177996,28.47355300563484,0.8255118605008114,0.38518604545959384,0.6950630182402487
44,family,gradient_boosting,all_plus_anon,4,1452,17.216585053013706,27.980740002083884,0.8429926474836804,0.3532021924476137,0.7116008309420242
44,family,gradient_boosting,all_plus_prototype,0,1452,26.045533105305456,49.4181369811579,0.33815700150868255,0.4611691438884805,0.5710645812849386
44,family,gradient_boosting,all_plus_prototype,1,1452,18.658160040558254,30.13570285443913,0.6894149561529928,0.3904387595849567,0.6539868895368652
44,family,gradient_boosting,all_plus_prototype,2,1451,19.463075822205685,32.832622649515734,0.8403996449643873,0.36863467412336864,0.7232890552495168
44,family,gradient_boosting,all_plus_prototype,3,1451,17.401569687195966,27.477867818719226,0.8375017657628814,0.373431471494161,0.7103981519011244
44,family,gradient_boosting,all_plus_prototype,4,1452,17.156298320022778,27.663542807450607,0.8465322254693926,0.3488659075711757,0.7208705362826258
44,family,gradient_boosting,composition_plus_prototype,0,1452,27.03422339080298,48.10910059462048,0.3727557096196993,0.5024550214497402,0.4989634290745907
44,family,gradient_boosting,composition_plus_prototype,1,1452,23.76944448413065,36.44645464162149,0.545714928639328,0.47398598706683454,0.5253892182989137
44,family,gradient_boosting,composition_plus_prototype,2,1451,24.165359644339013,39.74225004003377,0.7661552600927044,0.4363868406018322,0.6414858674922291
44,family,gradient_boosting,composition_plus_prototype,3,1451,22.126471503057402,33.125459769161175,0.7638399589002426,0.46612144720311877,0.5715035899839083
44,family,gradient_boosting,composition_plus_prototype,4,1452,21.725173262232868,34.16462695513303,0.7659250364220375,0.4305192556296717,0.6098431636856033
44,family,gradient_boosting,prototype_only,0,1452,40.03194696663774,68.05270815509519,-0.25508478964887815,0.7058670464154885,-0.020169938671074528
44,family,gradient_boosting,prototype_only,1,1452,36.684368165220064,53.284217707140265,0.02900928565901817,0.7373248827822269,0.04338893720356807
44,family,gradient_boosting,prototype_only,2,1451,44.97928972684917,82.78398096788334,-0.014647797362652648,0.7544380230503626,0.08863406608369384
44,family,gradient_boosting,prototype_only,3,1451,40.337915145049514,67.520490599508,0.01880852905153596,0.7553464529451124,0.08461174915094916
44,family,gradient_boosting,prototype_only,4,1452,43.6331311272615,71.42212147372216,-0.022979876364595198,0.7256640602393196,0.07648013545493837
45,random,gradient_boosting,all_plus_layergroup,0,1452,13.299565643630212,22.58738075979345,0.8836321299431011,0.26981066835036566,0.8305894566037683
45,random,gradient_boosting,all_plus_layergroup,1,1452,13.346042301823871,23.582580490368326,0.8715017810313981,0.2737626641609771,0.8138065539563227
45,random,gradient_boosting,all_plus_layergroup,2,1452,13.551920996577158,21.586093932509232,0.9039119722233959,0.2814284535079586,0.7932817996936153
45,random,gradient_boosting,all_plus_layergroup,3,1451,13.143401643654526,23.78244548778878,0.872299622129524,0.26961988621018207,0.8209240444040695
45,random,gradient_boosting,all_plus_layergroup,4,1451,14.463305515034042,25.194820206717164,0.8739600911368457,0.2886231357661138,0.7811612154773625
45,random,gradient_boosting,all_plus_anon,0,1452,13.831026895279003,23.754550019545736,0.8712951373366591,0.2754680330142341,0.8243385809005559
45,random,gradient_boosting,all_plus_anon,1,1452,13.501550708675275,23.509584918479906,0.8722960354390917,0.27599144394387654,0.8089461726879296
45,random,gradient_boosting,all_plus_anon,2,1452,13.508343331255132,21.739143014544737,0.9025445808678291,0.2824330574158942,0.7857320916589629
45,random,gradient_boosting,all_plus_anon,3,1451,13.41505011891262,24.060348364232688,0.8692977738554187,0.2752234908003062,0.8145110101682222
45,random,gradient_boosting,all_plus_anon,4,1451,14.55898084564677,25.54651048703317,0.8704167923811921,0.28971000061743873,0.7797835748595252
45,random,gradient_boosting,all_plus_prototype,0,1452,13.562701295099046,23.04428871564042,0.8788766274051846,0.27068886979588047,0.8301006446743737
45,random,gradient_boosting,all_plus_prototype,1,1452,13.595456615963831,24.73573203259515,0.8586278078506591,0.2773840097593209,0.8072888611887554
45,random,gradient_boosting,all_plus_prototype,2,1452,13.247966591015174,21.352786303933474,0.9059778318507684,0.27618038950824,0.793200420285682
45,random,gradient_boosting,all_plus_prototype,3,1451,13.054917752586869,23.425574552052556,0.8761033210037767,0.2677163010866972,0.8226575001280454
45,random,gradient_boosting,all_plus_prototype,4,1451,14.411088485354046,25.357568870771193,0.8723264951018755,0.2836979381660734,0.7850025465982053
45,random,gradient_boosting,composition_plus_prototype,0,1452,16.189251636521714,27.361530789566142,0.8292415823697254,0.3236915099152546,0.768206856028877
45,random,gradient_boosting,composition_plus_prototype,1,1452,16.28987891673432,28.161084327023918,0.8167629870328178,0.3429739159626297,0.7012438290661958
45,random,gradient_boosting,composition_plus_prototype,2,1452,15.998098398158577,24.930216901231315,0.8718338707372942,0.34024204598263896,0.7218247409543797
45,random,gradient_boosting,composition_plus_prototype,3,1451,15.891082556772252,27.635297938685383,0.8275721295011489,0.325148849705276,0.7490727384551041
45,random,gradient_boosting,composition_plus_prototype,4,1451,17.05391045010882,28.563579865271972,0.8380015622262813,0.33614393389486086,0.716876202841219
45,random,gradient_boosting,prototype_only,0,1452,29.04978261234502,47.19847019615271,0.4918906527274157,0.5394304899710448,0.4523029958676138
45,random,gradient_boosting,prototype_only,1,1452,28.320797726556982,47.14947792805452,0.48634888643451246,0.5494772578240975,0.4169044432074075
45,random,gradient_boosting,prototype_only,2,1452,28.328738453145018,45.95242144693213,0.5645503387831421,0.5354390296906787,0.4530321929061144
45,random,gradient_boosting,prototype_only,3,1451,27.955854706739544,46.21007052932913,0.5178830225365285,0.5282717224040094,0.47127592477223657
45,random,gradient_boosting,prototype_only,4,1451,28.126511183742725,47.25432492042667,0.5566275744234479,0.5143379132862502,0.47280337668307126
45,family,gradient_boosting,all_plus_layergroup,0,1452,24.655797716336526,44.199433044262605,0.46937921908067226,0.4455168909505116,0.6204362258064035
45,family,gradient_boosting,all_plus_layergroup,1,1451,18.72746838179967,29.89349100013921,0.693271399938107,0.38997099368864147,0.6592439442675475
45,family,gradient_boosting,all_plus_layergroup,2,1452,19.27252301384766,32.62038601271867,0.8388152756892178,0.35502874788324335,0.7462882348719101
45,family,gradient_boosting,all_plus_layergroup,3,1452,18.79877136720661,35.86552671654768,0.7362597196674875,0.3862946408783038,0.6855423648069554
45,family,gradient_boosting,all_plus_layergroup,4,1451,16.952096171004257,26.36608912014319,0.8588994247238287,0.35143878946578383,0.729296440255831
45,family,gradient_boosting,all_plus_anon,0,1452,26.645265764853068,47.363428079896515,0.39069167231751967,0.4826657946464333,0.5601878663519654
45,family,gradient_boosting,all_plus_anon,1,1451,19.066425444725805,30.840508469107792,0.673529412416958,0.3894239512411643,0.6542780485727561
45,family,gradient_boosting,all_plus_anon,2,1452,19.49264953431232,33.277672852768816,0.8322542271929385,0.36416211543199584,0.7356005290001852
45,family,gradient_boosting,all_plus_anon,3,1452,19.493703833092532,36.296210625807674,0.7298875451123427,0.39426802508844544,0.6802270709102574
45,family,gradient_boosting,all_plus_anon,4,1451,16.896263931419792,26.125623330852598,0.8614614380995497,0.35729138445436953,0.7192641200912435
45,family,gradient_boosting,all_plus_prototype,0,1452,25.953099544951918,46.146506845582614,0.42159968496422395,0.46586257788256114,0.5924658816136232
45,family,gradient_boosting,all_plus_prototype,1,1451,18.955499469203552,30.23535437859326,0.6862157594105567,0.38960203071236477,0.6607069831908008
45,family,gradient_boosting,all_plus_prototype,2,1452,19.202142468767764,32.79528493193068,0.8370822116342189,0.3577282455242968,0.7418143443194589
45,family,gradient_boosting,all_plus_prototype,3,1452,18.844365521102926,36.03686563185229,0.7337337892033536,0.38108023984987166,0.6898024415621868
45,family,gradient_boosting,all_plus_prototype,4,1451,16.4027537440031,26.16341728931295,0.861060321709561,0.3394916211799415,0.740501878874247
45,family,gradient_boosting,composition_plus_prototype,0,1452,27.341393700763184,45.81700227025126,0.4298302157024291,0.5146973475173328,0.4941615026075966
45,family,gradient_boosting,composition_plus_prototype,1,1451,23.69831179331102,36.02870513681649,0.5544480903056813,0.4782494547852749,0.5040493533728245
45,family,gradient_boosting,composition_plus_prototype,2,1452,23.929806670955095,40.22558592347293,0.7548959732019824,0.4166309197478832,0.6704908847970346
45,family,gradient_boosting,composition_plus_prototype,3,1452,23.886672140513888,40.54363656410607,0.6629708714791616,0.4820676860704878,0.5469363958951965
45,family,gradient_boosting,composition_plus_prototype,4,1451,21.3478989071526,34.126203374028535,0.7636185990572738,0.4318965932159119,0.6087241914009316
45,family,gradient_boosting,prototype_only,0,1452,39.865661469970256,66.2199474485258,-0.1910459612049007,0.7311117118166792,-0.017551098433579604
45,family,gradient_boosting,prototype_only,1,1451,40.09732944969183,58.08793834743971,-0.15817164245838633,0.7886681051687657,-0.04258544853232915
45,family,gradient_boosting,prototype_only,2,1452,43.644626197038285,80.45479366334501,0.019495616478775957,0.7403058063969459,0.12560174377681987
45,family,gradient_boosting,prototype_only,3,1452,40.753148274280896,69.20320115490989,0.01808384463268664,0.7419583838924024,0.0984219590237454
45,family,gradient_boosting,prototype_only,4,1451,40.83271474225222,68.70723314624307,0.041830654334577,0.6883382405548094,0.14892651150411818
46,random,gradient_boosting,all_plus_layergroup,0,1452,14.060024522307684,25.754811832375292,0.8635859953753278,0.2820292325277417,0.8053418835111987
46,random,gradient_boosting,all_plus_layergroup,1,1452,13.848805255135714,24.694085834513885,0.8694139430578995,0.28435126534331107,0.7912182778695204
46,random,gradient_boosting,all_plus_layergroup,2,1452,14.070893662912189,23.40280947395201,0.890509184504296,0.2814464376506723,0.8018125448069819
46,random,gradient_boosting,all_plus_layergroup,3,1451,13.010797311731787,21.532732661418173,0.8942012344223467,0.2686116242185847,0.8269066150178941
46,random,gradient_boosting,all_plus_layergroup,4,1451,13.413325693224847,23.295198206826036,0.8683368032471426,0.26991931653686885,0.8060178259652544
46,random,gradient_boosting,all_plus_anon,0,1452,14.05720262486307,25.812726049009708,0.8629718039081459,0.28549397864622533,0.8004082456804353
46,random,gradient_boosting,all_plus_anon,1,1452,13.694171489041764,24.609267168071984,0.8703094702910364,0.28725979766729387,0.7888044022568226
46,random,gradient_boosting,all_plus_anon,2,1452,14.083486765264881,23.699631905575465,0.8877141843717331,0.2825371984835072,0.7994530584505024
46,random,gradient_boosting,all_plus_anon,3,1451,13.179015939406934,21.779219907060575,0.8917651938440861,0.2706932986115322,0.8213643619961152
46,random,gradient_boosting,all_plus_anon,4,1451,13.54711156751802,23.404313219309397,0.8671004902949675,0.2718654412446002,0.804239648575072
46,random,gradient_boosting,all_plus_prototype,0,1452,13.983695760110738,25.02342317534109,0.871223790731385,0.2826229961482264,0.8100450282096344
46,random,gradient_boosting,all_plus_prototype,1,1452,13.563846044818447,24.14678794201148,0.8751381865957528,0.2796811095336807,0.8006277746143097
46,random,gradient_boosting,all_plus_prototype,2,1452,14.111699449561199,23.525988671022702,0.8893535553297055,0.283047805465956,0.8025610510164768
46,random,gradient_boosting,all_plus_prototype,3,1451,12.827626370024426,21.35714895762671,0.8959196229199919,0.2646739824754546,0.8289279187013899
46,random,gradient_boosting,all_plus_prototype,4,1451,13.325176061980367,23.088932318871894,0.870658087933416,0.26798169850946074,0.80867508306968
46,random,gradient_boosting,composition_plus_prototype,0,1452,16.667340315364957,28.92913594107131,0.8278872195702802,0.3307418495092204,0.7503509338437268
46,random,gradient_boosting,composition_plus_prototype,1,1452,16.025153125982424,28.112468387584588,0.8307577221512921,0.3360332643797946,0.7246415884939772
46,random,gradient_boosting,composition_plus_prototype,2,1452,16.54071781849956,27.11636770307377,0.853004267992521,0.3345240273812681,0.7276886158154074
46,random,gradient_boosting,composition_plus_prototype,3,1451,15.218900287959382,25.00671077035725,0.8573093732004319,0.31694303023036186,0.7705684966732287
46,random,gradient_boosting,composition_plus_prototype,4,1451,16.1466742630469,26.69452350649613,0.8271075925041407,0.3327460244301928,0.7091575266933912
46,random,gradient_boosting,prototype_only,0,1452,29.668978469660566,51.40953476489601,0.456462461353344,0.547973283633965,0.44075397721027687
46,random,gradient_boosting,prototype_only,1,1452,27.711928546039772,45.40318160086673,0.5585480135010799,0.5414711878183172,0.4489811886408257
46,random,gradient_boosting,prototype_only,2,1452,28.65175588647117,46.829688883798205,0.5615861742412828,0.5297219364042014,0.4580893390922546
46,random,gradient_boosting,prototype_only,3,1451,27.741998698417706,43.34131563934316,0.5713661310852702,0.5331219936270714,0.4693197823992733
46,random,gradient_boosting,prototype_only,4,1451,27.859046723240876,46.329935800801806,0.4792191905510982,0.513281768828073,0.45906581071691366
46,family,gradient_boosting,all_plus_layergroup,0,1452,25.862811081866045,48.85428255341433,0.3905477020424527,0.4501917135581871,0.6202860039877671
46,family,gradient_boosting,all_plus_layergroup,1,1453,19.551538251136336,31.52266726781835,0.6613581170407912,0.3929879902923933,0.6618442824064867
46,family,gradient_boosting,all_plus_layergroup,2,1451,19.839576451596425,33.099553811162124,0.8340264848557941,0.3682069940750543,0.7180274796092272
46,family,gradient_boosting,all_plus_layergroup,3,1451,17.979922857105226,28.182723248219013,0.8287068252114465,0.38014243226984623,0.6902798490361579
46,family,gradient_boosting,all_plus_layergroup,4,1451,16.909408358728392,26.300456481841405,0.8594256335507098,0.36103791331413826,0.7094168210802925
46,family,gradient_boosting,all_plus_anon,0,1452,27.335350931373704,50.05817281873902,0.36014078951809025,0.48696642967485787,0.5656409729849616
46,family,gradient_boosting,all_plus_anon,1,1453,18.92289657702973,30.945349713893517,0.6736485515529044,0.3855993531929675,0.6596624401153353
46,family,gradient_boosting,all_plus_anon,2,1451,19.830915758880707,33.333648623693485,0.8316705054419016,0.3710024889427108,0.7128535054374912
46,family,gradient_boosting,all_plus_anon,3,1451,18.295059189634426,29.271349265018515,0.8152180140645291,0.3825885290650964,0.685112505828373
46,family,gradient_boosting,all_plus_anon,4,1451,17.02967806010731,25.98963413970657,0.8627286534132518,0.3618820411512793,0.7052793907721726
46,family,gradient_boosting,all_plus_prototype,0,1452,24.962032332263163,46.523257356007726,0.4473188300755844,0.43969532685570734,0.6393651282063515
46,family,gradient_boosting,all_plus_prototype,1,1453,18.969421019205928,30.701074169122027,0.6787805041142818,0.3875669859755085,0.664454643179575
46,family,gradient_boosting,all_plus_prototype,2,1451,19.27902871598809,31.70362339517824,0.8477307130797299,0.36527197188101257,0.7239085990477552
46,family,gradient_boosting,all_plus_prototype,3,1451,17.691830243105954,27.739539324158283,0.8340517657697513,0.36957876768281084,0.7067055501640208
46,family,gradient_boosting,all_plus_prototype,4,1451,17.34597105757859,26.984164195045036,0.8520218805779829,0.354696009628208,0.7209341090984414
46,family,gradient_boosting,composition_plus_prototype,0,1452,27.465574209857095,48.48083988647853,0.39982941117678883,0.5135043886951212,0.49328319578365953
46,family,gradient_boosting,composition_plus_prototype,1,1453,24.42394069884298,37.720802958585566,0.5150950556892394,0.47896031131084166,0.5059521690922608
46,family,gradient_boosting,composition_plus_prototype,2,1451,23.69898818212143,38.72924351553035,0.7727664039350448,0.4266736178192551,0.6540776707654173
46,family,gradient_boosting,composition_plus_prototype,3,1451,23.68081656705365,35.600914217151455,0.7266642432685011,0.4841972953863162,0.540152818100734
46,family,gradient_boosting,composition_plus_prototype,4,1451,21.487992444798596,33.710204520613,0.7690583113941227,0.4276436371107537,0.6096864125710804
46,family,gradient_boosting,prototype_only,0,1452,38.8395030770883,65.73172722118211,-0.10327690666726563,0.7039902580609921,0.049653719185112744
46,family,gradient_boosting,prototype_only,1,1453,37.11895943388101,55.50906303300048,-0.050080389320357854,0.7320388957371757,0.06917791779513838
46,family,gradient_boosting,prototype_only,2,1451,44.76901767447179,81.72143181108927,-0.011734238557716159,0.7653761980432408,0.060689362932964896
46,family,gradient_boosting,prototype_only,3,1451,40.61081311435539,68.20596977374636,-0.003272534893465018,0.7564641177521311,0.04468515100188408
46,family,gradient_boosting,prototype_only,4,1451,40.374186417009845,68.24829950829596,0.05340712353534638,0.6788701647169738,0.16706803758936872
