seed,scheme,model,features,mae,r2,r2_log,mae_log
42,chemsys,chemsys_mean,none,42.39373026230442,-0.11728091308737945,-5.092084755853321e-05,0.7709841846691479
42,chemsys,family_mean,none,27.0112472035826,0.5597542381869898,0.4605140238353922,0.5129255849178579
42,chemsys,global_mean,none,42.39373026230442,-0.11728091308737945,-5.092084755853321e-05,0.7709841846691479
42,chemsys,gradient_boosting,all,13.914177308874795,0.8643489170250698,0.8074225370781862,0.27676102440883443
42,chemsys,gradient_boosting,composition,18.663377717887336,0.7847523310157858,0.6959062406960045,0.3678694611630347
42,chemsys,gradient_boosting,structure,19.96326902977914,0.7437001694690708,0.6953947487387275,0.3782070455899661
42,chemsys,random_forest,all,14.821882637663261,0.8337413518514513,0.787464908565428,0.29225208299086225
42,family,chemsys_mean,none,34.57619683321293,0.27757045810069314,0.276850625076396,0.6362931292948524
42,family,family_mean,none,42.39398758395565,-0.11956070617397838,-0.0002134754392104643,0.7709840892822569
42,family,global_mean,none,42.39398758395565,-0.11956070617397838,-0.0002134754392104643,0.7709840892822569
42,family,gradient_boosting,all,19.816588320548085,0.7033384025398243,0.681075466825298,0.3874562529538732
42,family,gradient_boosting,composition,25.49015006507356,0.5931572440186625,0.505002172629764,0.49860931088788324
42,family,gradient_boosting,structure,26.98307315083751,0.5195034969549981,0.5192869087380414,0.5073164224480152
42,family,random_forest,all,20.876110732023463,0.6699815575775594,0.6687643237650158,0.3987118438648843
42,random,chemsys_mean,none,34.5050093895271,0.3054809356127527,0.2776670083146525,0.6336978292606255
42,random,family_mean,none,26.949013047013587,0.5666874652979013,0.46217988924757314,0.5134603199545955
42,random,global_mean,none,42.394897988887465,-0.1175292025098316,-0.0005227273728867666,0.7710078055725589
42,random,gradient_boosting,all,13.735838320450796,0.8734049818998365,0.8019568283021214,0.279250707548028
42,random,gradient_boosting,composition,19.260701300561486,0.7883045239813791,0.6581537804679388,0.3881120737840293
42,random,gradient_boosting,structure,19.856193167998192,0.7538211950308376,0.6974038209903611,0.3782924209775687
42,random,random_forest,all,14.67056673646222,0.8494294334873624,0.7843730352876642,0.2945741991629801
43,chemsys,chemsys_mean,none,42.39395688576747,-0.1172528071487775,-5.7524747800830055e-05,0.7709882647298193
43,chemsys,family_mean,none,26.892741881363936,0.5701774148996329,0.46541233025511025,0.5117305003104399
43,chemsys,global_mean,none,42.39395688576747,-0.1172528071487775,-5.7524747800830055e-05,0.7709882647298193
43,chemsys,gradient_boosting,all,13.782775983685884,0.8662424649026598,0.8070553221421006,0.27637792883157786
43,chemsys,gradient_boosting,composition,18.581732494672956,0.7919648174871255,0.696434347792904,0.3685568230676432
43,chemsys,gradient_boosting,structure,19.926789242982885,0.7492526329444236,0.6991192654264989,0.37753033414256204
43,chemsys,random_forest,all,14.774120920164137,0.8406048648381825,0.7884156637292923,0.29257291136877533
43,family,chemsys_mean,none,34.255472906663066,0.2874827372296416,0.28377234530289297,0.6310320489776917
43,family,family_mean,none,42.39445421411711,-0.11958115330046697,-0.00020638790490985494,0.7709898344060979
43,family,global_mean,none,42.39445421411711,-0.11958115330046697,-0.00020638790490985494,0.7709898344060979
43,family,gradient_boosting,all,19.690862026011526,0.7270381783763671,0.6847987964695011,0.38734481422744943
43,family,gradient_boosting,composition,25.518781759779564,0.6092630987230233,0.5101777741089686,0.49813065596501904
43,family,gradient_boosting,structure,26.403788587037003,0.5518496891430992,0.5338076930502005,0.49900760473930583
43,family,random_forest,all,20.745648069904313,0.6850355860412967,0.6639010182103775,0.40103150128637194
43,random,chemsys_mean,none,34.486466264633634,0.30117893695003395,0.28416136835475647,0.6309257773160968
43,random,family_mean,none,26.983104397911745,0.5674873690671218,0.46335655977533996,0.5139487888484218
43,random,global_mean,none,42.39583933534087,-0.11760959604933285,-0.0004450830962348107,0.7710336485989164
43,random,gradient_boosting,all,13.733407200581158,0.8782787338056567,0.8030024118280327,0.28025308948194344
43,random,gradient_boosting,composition,19.268975888451983,0.7880709535843495,0.6524559912667616,0.38951197066566823
43,random,gradient_boosting,structure,19.752289099261198,0.7568548367220609,0.6995508597722003,0.3762329078449692
43,random,random_forest,all,14.600095531115462,0.8485344498260877,0.7859511923103514,0.2930377302901469
44,chemsys,chemsys_mean,none,42.393603383210845,-0.11758003666061163,-6.71550747380234e-05,0.7709849955703036
44,chemsys,family_mean,none,27.048553714793137,0.5410665428531509,0.46786963538497667,0.5111892992258731
44,chemsys,global_mean,none,42.393603383210845,-0.11758003666061163,-6.71550747380234e-05,0.7709849955703036
44,chemsys,gradient_boosting,all,13.899998791366258,0.8517250690512863,0.8066821000907224,0.2764214699367476
44,chemsys,gradient_boosting,composition,18.555548502157343,0.7836222223443137,0.7003568602044131,0.3661752181572029
44,chemsys,gradient_boosting,structure,20.07772022877065,0.7417426786037538,0.6959696986483823,0.37867846875906525
44,chemsys,random_forest,all,14.797736333332333,0.8313767125899492,0.7878078900454768,0.29208573675961513
44,family,chemsys_mean,none,34.01520685872457,0.28474765620777365,0.28450374747374435,0.6292868513945958
44,family,family_mean,none,42.39431289287016,-0.12019529237858628,-0.00031931401374367673,0.7709854845626719
44,family,global_mean,none,42.39431289287016,-0.12019529237858628,-0.00031931401374367673,0.7709854845626719
44,family,gradient_boosting,all,19.840463789956985,0.7139123501657096,0.6744520283524369,0.39188739559043
44,family,gradient_boosting,composition,25.44114514646062,0.609511764212672,0.5035696395611663,0.49979565900239126
44,family,gradient_boosting,structure,26.424401956119972,0.5479446779231896,0.5161388155024249,0.5062375647864081
44,family,random_forest,all,20.855623951213765,0.678065613398007,0.6615790711980916,0.402072989126711
44,random,chemsys_mean,none,34.54601187381405,0.30861863780022425,0.2715298947502888,0.6362024957203747
44,random,family_mean,none,27.18542701042809,0.5365257488970474,0.4586821397997459,0.5145676716207247
44,random,global_mean,none,42.396836830722876,-0.1179945785072618,-0.000818266342878271,0.7710640939233183
44,random,gradient_boosting,all,13.982636108051688,0.858659967061255,0.7998246688738506,0.2821271018704808
44,random,gradient_boosting,composition,19.296387495266156,0.7755178280802462,0.6486442778581762,0.39072951597556005
44,random,gradient_boosting,structure,19.86676887997976,0.7504910596220925,0.6975745493190127,0.3783749754994131
44,random,random_forest,all,14.691199658033984,0.835661533886747,0.7815209302355477,0.2956997119121993
45,chemsys,chemsys_mean,none,42.39406123777305,-0.11720309953832109,-3.262177711023106e-05,0.7709902049579789
45,chemsys,family_mean,none,27.097929075960405,0.5568493329426595,0.4599802252022255,0.5148301073080197
45,chemsys,global_mean,none,42.39406123777305,-0.11720309953832109,-3.262177711023106e-05,0.7709902049579789
45,chemsys,gradient_boosting,all,13.90425078640681,0.8660736679115063,0.8056654246176418,0.2776294718247197
45,chemsys,gradient_boosting,composition,18.705799273256243,0.7899233465540338,0.6971962272265962,0.36849554891160213
45,chemsys,gradient_boosting,structure,19.904095031090073,0.7511985030884658,0.6968022582242354,0.378441628219152
45,chemsys,random_forest,all,14.694268637785674,0.8428058615088702,0.7874038366973719,0.2916074526192952
45,family,chemsys_mean,none,34.351310164072125,0.27423473975477564,0.2762255872800503,0.6334900227173614
45,family,family_mean,none,42.39338098333659,-0.12009852765641064,-0.0002513906544481692,0.7709846932983632
45,family,global_mean,none,42.39338098333659,-0.12009852765641064,-0.0002513906544481692,0.7709846932983632
45,family,gradient_boosting,all,20.26195892282926,0.702584747872367,0.6745067826211528,0.3945972705617541
45,family,gradient_boosting,composition,25.520071125137925,0.5975754125898589,0.49233904208995655,0.5007883629484086
45,family,gradient_boosting,structure,26.7923517314729,0.5341004051599332,0.5285283769217002,0.5026671464287614
45,family,random_forest,all,20.904150519993358,0.670484969640851,0.6641775161303185,0.40252613394851655
45,random,chemsys_mean,none,34.50383154598937,0.3157105126662708,0.27592849042044976,0.6345935137472629
45,random,family_mean,none,27.04609736317277,0.5568363508579655,0.45777373090469375,0.5142361818186625
45,random,global_mean,none,42.399049430491445,-0.11734010506770623,-0.0009519899912301177,0.77110362916889
45,random,gradient_boosting,all,13.802458383079136,0.8745046387748561,0.8032677661009687,0.27907984252651274
45,random,gradient_boosting,composition,19.277758211738764,0.7885333456769523,0.6494518892100315,0.39122506864033946
45,random,gradient_boosting,structure,19.850845195846574,0.7514023103608262,0.6974187198905939,0.3772664105720356
45,random,random_forest,all,14.578902350551022,0.8492361541739515,0.7842175067696805,0.29248672256502595
46,chemsys,chemsys_mean,none,42.39378482281704,-0.11729835691876289,-7.278697432022696e-06,0.7709857276721452
46,chemsys,family_mean,none,26.985575716228727,0.5580292553050459,0.46101009533590326,0.5126524113656913
46,chemsys,global_mean,none,42.39378482281704,-0.11729835691876289,-7.278697432022696e-06,0.7709857276721452
46,chemsys,gradient_boosting,all,13.792684740262052,0.8668963408228197,0.8051239873505871,0.276367270400413
46,chemsys,gradient_boosting,composition,18.459861869126566,0.7951179923360977,0.6960528329505429,0.3666914351787773
46,chemsys,gradient_boosting,structure,20.03672246448633,0.7445610731147678,0.6910439250751367,0.3811233249364864
46,chemsys,random_forest,all,14.601250647143697,0.8427634409332401,0.7874697108013566,0.2910249771664426
46,family,chemsys_mean,none,34.20769335526421,0.2853466819509771,0.2843566476340357,0.6301245637135926
46,family,family_mean,none,42.39477569857201,-0.11998569433851988,-0.0001844891642520441,0.7709824420839908
46,family,global_mean,none,42.39477569857201,-0.11998569433851988,-0.0001844891642520441,0.7709824420839908
46,family,gradient_boosting,all,19.894941393418947,0.7144584905604479,0.6782360570509807,0.3893798061193848
46,family,gradient_boosting,composition,25.601187800895776,0.6002875889596873,0.49784296843521486,0.5000730469805921
46,family,gradient_boosting,structure,26.631222742364685,0.5513940338610929,0.5273579320980797,0.5020897368261734
46,family,random_forest,all,20.7258153254061,0.6840300013051153,0.6653880925165552,0.398950223976849
46,random,chemsys_mean,none,34.34591153752483,0.31822050209628844,0.28080541053591945,0.6316629270561943
46,random,family_mean,none,26.97303499834272,0.5597613668946834,0.4708257900429274,0.5112436403600276
46,random,global_mean,none,42.39608779470175,-0.11757107996835958,-0.0004883404561871529,0.7710416952618142
46,random,gradient_boosting,all,13.734117325851965,0.8757192965766472,0.8029965304649842,0.27907913370285253
46,random,gradient_boosting,composition,19.08219194651291,0.7920345453301765,0.6585023622803078,0.38569168361004935
46,random,gradient_boosting,structure,19.761127887590167,0.7549163994091496,0.699085344816449,0.37672767991320144
46,random,random_forest,all,14.489880364994741,0.8533531686629512,0.7872641944887163,0.2918466754431462
