model,features,scheme,mae_mean,mae_sd,r2_mean,r2_sd,r2_log_mean,r2_log_sd,n_seeds
chemsys_mean,none,chemsys,42.39382731837456,0.00018226265731365656,-0.11732304267077051,0.00014811278011599372,-4.3100228927928085e-05,2.366877953462891e-05,5
chemsys_mean,none,family,34.28117602358738,0.205399625848605,0.28187645464877226,0.005671289383622085,0.28114179055342386,0.004217257238098288,5
chemsys_mean,none,random,34.47744612229779,0.07671358504835292,0.30984190502511405,0.007074653654346504,0.2780184344752134,0.0047983170610037705,5
family_mean,none,chemsys,27.007209518385757,0.07669182636694388,0.5571753568374957,0.010440707172182664,0.4629572620027216,0.0034922196112482243,5
family_mean,none,family,42.394182274570305,0.0005298906443404514,-0.11988427476959243,0.0002955932351594295,-0.00023501143531284185,5.294055402893702e-05,5
family_mean,none,random,27.027335363373783,0.09537331216466945,0.5574596602029438,0.012546138277700335,0.462563621954056,0.005173209416943227,5
global_mean,none,chemsys,42.39382731837456,0.00018226265731365656,-0.11732304267077051,0.00014811278011599372,-4.3100228927928085e-05,2.366877953462891e-05,5
global_mean,none,family,42.394182274570305,0.0005298906443404514,-0.11988427476959243,0.0002955932351594295,-0.00023501143531284185,5.294055402893702e-05,5
global_mean,none,random,42.39654227602888,0.0015634053423475211,-0.11760891242049842,0.0002391553653152388,-0.0006452814518834238,0.000225678566014778,5
gradient_boosting,all,chemsys,13.85877752211916,0.06515488629742558,0.8630572919426683,0.006404485109829016,0.8063898742558477,0.0009646121328977605,5
gradient_boosting,all,family,19.90096289055296,0.21521847984342088,0.7122664339029432,0.009989536725211134,0.6786138262638739,0.004434089805563606,5
gradient_boosting,all,random,13.797691467602949,0.10750255091438453,0.8721135236236502,0.007736195697820448,0.8022096411139916,0.0014247206434860136,5
gradient_boosting,composition,chemsys,18.59326397142009,0.09608808989286614,0.7890761419474713,0.004847853601027792,0.6971893017740921,0.0018399209902944475,5
gradient_boosting,composition,family,25.51426717946949,0.05817587250735193,0.6019590217007809,0.007243522402957203,0.501786319365014,0.006869125132242263,5
gradient_boosting,composition,random,19.23720296850626,0.08766077080444527,0.7864922393306207,0.00634621319277087,0.6534416602166432,0.004682933805242719,5
gradient_boosting,structure,chemsys,19.981719199421814,0.07352682705518847,0.7460910114440964,0.003970111980162832,0.6956659792225961,0.0029472661731958774,5
gradient_boosting,structure,family,26.646967633566412,0.2464867571043392,0.5409584606084625,0.013997103900270551,0.5250239452620893,0.007189260739758667,5
gradient_boosting,structure,random,19.817444846135178,0.05582729460848718,0.7534971602289933,0.002589317799361681,0.6982066589577235,0.0010300393243297943,5
random_forest,all,chemsys,14.737851835217821,0.09016950021843119,0.8382584463443387,0.0053442034672360975,0.787712401967785,0.000423986907450351,5
random_forest,all,family,20.821469719708197,0.08044711340478884,0.6775195455925658,0.007167314870210974,0.6647620043640717,0.0026279523470374745,5
random_forest,all,random,14.606128928231488,0.08012595875599243,0.84724294800742,0.006743246918542338,0.784665371818392,0.00215527087777325,5
