target,scheme,model,fold,n_train,n_test,mae,rmse,r2,mae_t,r2_t
Y2D,random,ridge,0,5806,1452,23.264402944397222,38.45771221082864,0.702382094775198,0.42192519593916655,0.6571589789757588
Y2D,random,ridge,1,5806,1452,21.719278662954196,37.01976482081653,0.6779061400518778,0.42947542789862875,0.6207809641397739
Y2D,random,ridge,2,5806,1452,22.05504950951847,38.64766810447122,0.6678575311971346,0.41279531201489944,0.6391664340200824
Y2D,random,ridge,3,5807,1451,23.350441423133944,40.25007381065654,0.683633589103367,0.428379446996434,0.6387952769278643
Y2D,random,ridge,4,5807,1451,22.13697776738266,35.554132890239465,0.6979067314819007,0.4164082859374428,0.6198367783015379
Y2D,random,random_forest,0,5806,1452,14.887076564684866,25.261501566163552,0.871586557424921,0.2901422597191558,0.8109018750438909
Y2D,random,random_forest,1,5806,1452,14.166941010760729,25.569914819955684,0.8463354467534006,0.3077698219725325,0.7675053911196001
Y2D,random,random_forest,2,5806,1452,14.805632172101285,28.190236200497214,0.823284253694332,0.28996224520503805,0.783703038134673
Y2D,random,random_forest,3,5807,1451,15.107398612383246,28.141045193409923,0.845354441054462,0.2901720438800151,0.7935707626708457
Y2D,random,random_forest,4,5807,1451,14.385785322380976,24.153052843205344,0.8605864685096963,0.29482462503815904,0.7661841094693117
Y2D,random,gradient_boosting,0,5806,1452,13.536498161965211,22.879057308858478,0.894666038572346,0.2652878932785315,0.8320634493016886
Y2D,random,gradient_boosting,1,5806,1452,13.417249236532186,23.818519950036567,0.8666648425346252,0.29247241761450743,0.7869214797160862
Y2D,random,gradient_boosting,2,5806,1452,14.026593108603075,24.740360734384613,0.8638900498095818,0.28393696310630584,0.7948228041012002
Y2D,random,gradient_boosting,3,5807,1451,13.881243956004479,24.939061829526317,0.8785444879745491,0.2737137365295609,0.8121288976896593
Y2D,random,gradient_boosting,4,5807,1451,13.81760713914903,23.9203849251181,0.8632594906080799,0.28084252721123426,0.7838475107019732
Y2D,cluster,ridge,0,5806,1452,21.57758159421545,34.70420110851137,0.7132789444461024,0.4227054409400514,0.6447568533988495
Y2D,cluster,ridge,1,5806,1452,23.117672188202086,40.49728093484474,0.619367630939242,0.4218650909478075,0.594025439790896
Y2D,cluster,ridge,2,5806,1452,22.566126975417575,37.23014427422095,0.6909962335361048,0.4139624581944602,0.6370775615889851
Y2D,cluster,ridge,3,5807,1451,22.966460679978372,37.65682596237675,0.7092432918298531,0.42850526350242024,0.6497769077224944
Y2D,cluster,ridge,4,5807,1451,22.63776963182662,39.959212674959446,0.6906521531320761,0.4235373163196042,0.6423307812510396
Y2D,cluster,random_forest,0,5806,1452,13.95852780293342,23.935305939686966,0.8636128513410881,0.29539471723709215,0.7859137341548009
Y2D,cluster,random_forest,1,5806,1452,14.970358599105102,27.870903326837794,0.8197164595843087,0.29372158699287365,0.7677276853201684
Y2D,cluster,random_forest,2,5806,1452,15.001100013323088,25.774495092154048,0.8519001333067127,0.29246092890581143,0.7816075555920039
Y2D,cluster,random_forest,3,5807,1451,14.908073298344792,25.1251707316138,0.8705624261340478,0.30247222109284955,0.7818985972772097
Y2D,cluster,random_forest,4,5807,1451,14.752640868526706,31.79065447648863,0.8042002242744223,0.28978817381292155,0.792105845241349
Y2D,cluster,gradient_boosting,0,5806,1452,13.100542353937813,22.147705282659057,0.8832241719340825,0.277704650003832,0.8071294136261085
Y2D,cluster,gradient_boosting,1,5806,1452,14.138286557991798,25.5519242254877,0.8484690973954906,0.2800800394419402,0.7893503916427985
Y2D,cluster,gradient_boosting,2,5806,1452,14.491304502973442,24.699834040009645,0.8639926417555038,0.2863599225995819,0.7897127683421519
Y2D,cluster,gradient_boosting,3,5807,1451,14.288287261733885,23.92132466411659,0.8826690001015147,0.2918805574827214,0.7901988537173379
Y2D,cluster,gradient_boosting,4,5807,1451,13.886747163079457,27.965682080708604,0.8484820503853684,0.2770375488560989,0.8086774647788362
Y2D,chemsys,ridge,0,5806,1452,23.291916580460573,41.20363935757969,0.5970289307592914,0.42574484355441733,0.6253216480967834
Y2D,chemsys,ridge,1,5806,1452,21.49898924502273,35.530115614261774,0.7186898201864698,0.4074109016231056,0.6578211371592586
Y2D,chemsys,ridge,2,5807,1451,23.46249965631115,38.87421889776993,0.6819910430131597,0.4450174126609344,0.6023613125486385
Y2D,chemsys,ridge,3,5806,1452,22.47654169704858,37.0765182165204,0.7246149624438771,0.41731054162232467,0.6390385485442014
Y2D,chemsys,ridge,4,5807,1451,23.0622192339711,40.802637173556704,0.6376297854742025,0.4245314160639455,0.6338131646178905
Y2D,chemsys,random_forest,0,5806,1452,15.053718879148974,28.824369517438733,0.8027929909420455,0.2886349932959803,0.8029797959629859
Y2D,chemsys,random_forest,1,5806,1452,13.774942444969922,23.653359450775973,0.8753254325155325,0.2789064866668705,0.8140129371702239
Y2D,chemsys,random_forest,2,5807,1451,15.010279325216306,25.901141278670206,0.8588262983416926,0.2985718061744197,0.7710586250441978
Y2D,chemsys,random_forest,3,5806,1452,15.071782381226246,29.890370656551287,0.8210197732502043,0.29710146155541983,0.7847260272975336
Y2D,chemsys,random_forest,4,5807,1451,15.198690157754864,29.48755792274582,0.8107422642077814,0.2980456672616208,0.7645471573521987
Y2D,chemsys,gradient_boosting,0,5806,1452,14.285716133753864,25.868718272340033,0.8411626856557385,0.2768198407302942,0.8245875444506487
Y2D,chemsys,gradient_boosting,1,5806,1452,12.96557159338276,22.361880720350097,0.8885682733161998,0.25582443789997955,0.8374286666783635
Y2D,chemsys,gradient_boosting,2,5807,1451,13.879074778364934,23.023831743951998,0.8884495808628039,0.28672574093317327,0.7807162030319869
Y2D,chemsys,gradient_boosting,3,5806,1452,14.405201387899739,27.233979322636113,0.8514185269668191,0.28195923868084904,0.8046948471246324
Y2D,chemsys,gradient_boosting,4,5807,1451,14.035322650972681,26.063289830848596,0.8521455183237874,0.28247586379987594,0.7896854241052994
Y2D,family,ridge,0,5806,1452,27.970695924787055,47.38531890309695,0.3101144560939775,0.4896516827187757,0.5511639186314297
Y2D,family,ridge,1,5806,1452,56.202068177116765,457.1043161698892,-57.541453523443636,0.5181476101148841,0.35962810319491045
Y2D,family,ridge,2,5806,1452,25.7626623417228,44.85171401219738,0.690776711112491,0.44092972926370755,0.6490750289314497
Y2D,family,ridge,3,5807,1451,22.381193648460794,34.53710602021569,0.747373126018529,0.45344599543529795,0.5736237553685644
Y2D,family,ridge,4,5807,1451,23.274377350870544,39.97059331055562,0.6777219421782457,0.4201615802809195,0.6348347829264627
Y2D,family,random_forest,0,5806,1452,24.990493404292284,42.91714025571251,0.43408529365253345,0.44903682578965043,0.61751862562085
Y2D,family,random_forest,1,5806,1452,21.035719095825858,42.10986325794853,0.503178342468011,0.4155616051022554,0.6036775383428516
Y2D,family,random_forest,2,5806,1452,20.03497711700793,34.529528049705405,0.8167283071880123,0.37081220050638736,0.7268902866524346
Y2D,family,random_forest,3,5807,1451,18.22319308770597,30.605983422432075,0.8016097439443925,0.3780393450522452,0.6805904946412835
Y2D,family,random_forest,4,5807,1451,20.096170955285274,31.932721371612544,0.7943061006348472,0.38010924287388304,0.715144673567659
Y2D,family,gradient_boosting,0,5806,1452,24.409569588855902,41.86394563111814,0.4615197929112551,0.44559057075569997,0.6177932204900867
Y2D,family,gradient_boosting,1,5806,1452,20.374627475401393,40.82413167858572,0.5330538817812994,0.4014088553876678,0.6237607015480133
Y2D,family,gradient_boosting,2,5806,1452,18.680974217520408,31.9383966390538,0.8432020694516253,0.3539183546053228,0.745719297399917
Y2D,family,gradient_boosting,3,5807,1451,18.113989488205934,28.253808986270926,0.8309319007797324,0.3895030105014434,0.6743287636242516
Y2D,family,gradient_boosting,4,5807,1451,17.503780832756792,27.45170675309353,0.8479843677752088,0.3468604735192321,0.7437753510642211
Y2D,external_jarvis_all,ridge,0,7258,186,27.7644918987943,49.53864602371173,0.24530793276093432,0.49688217892817604,0.24132344224822544
Y2D,external_jarvis_unseen_chemsys,ridge,0,7258,55,41.293684730210536,61.517397445061405,-0.12115356406326638,0.7403249243382208,-0.31625978212544026
Y2D,external_jarvis_all,random_forest,0,7258,186,20.665071298953368,43.02110291366008,0.43082659358428643,0.36763205266254484,0.48186136855645734
Y2D,external_jarvis_unseen_chemsys,random_forest,0,7258,55,34.95222440465999,53.618811150437104,0.14826684145777946,0.5489038133365962,0.2839191536755591
Y2D,external_jarvis_all,gradient_boosting,0,7258,186,18.97371032784167,41.13793867880594,0.47956490726395673,0.325734809858969,0.548289826057232
Y2D,external_jarvis_unseen_chemsys,gradient_boosting,0,7258,55,28.836747709231666,48.7662451128718,0.2954564741797089,0.43152699232678093,0.4586055268894572
poisson,random,ridge,0,5783,1446,0.14436172226327731,0.2009673795747574,0.08772209706304523,0.14436172226327731,0.08772209706304523
poisson,random,ridge,1,5783,1446,0.14146784078569252,0.1980057163909662,0.11451453510314369,0.14146784078569252,0.11451453510314369
poisson,random,ridge,2,5783,1446,0.143806529172446,0.19934432847461592,0.11594574406078739,0.143806529172446,0.11594574406078739
poisson,random,ridge,3,5783,1446,0.14483714834650763,0.204186028407788,0.09449379240554945,0.14483714834650763,0.09449379240554945
poisson,random,ridge,4,5784,1445,0.1465562163856706,0.20183138380362778,0.13045324271212522,0.1465562163856706,0.13045324271212522
poisson,random,random_forest,0,5783,1446,0.10665912505610764,0.16116640026144527,0.41328792329272257,0.10665912505610764,0.41328792329272257
poisson,random,random_forest,1,5783,1446,0.10617379381090487,0.16390966029165197,0.3932146591991984,0.10617379381090487,0.3932146591991984
poisson,random,random_forest,2,5783,1446,0.10828407836485202,0.1591284859281663,0.4366646401729043,0.10828407836485202,0.4366646401729043
poisson,random,random_forest,3,5783,1446,0.10851213848533747,0.16846699114825572,0.3835909206777107,0.10851213848533747,0.3835909206777107
poisson,random,random_forest,4,5784,1445,0.10706719645378546,0.16310047881892564,0.43215995528646467,0.10706719645378546,0.43215995528646467
poisson,random,gradient_boosting,0,5783,1446,0.11053164406179608,0.16436670881080342,0.38975569603736626,0.11053164406179608,0.38975569603736626
poisson,random,gradient_boosting,1,5783,1446,0.10975425128072859,0.1667485282595464,0.37201394670521726,0.10975425128072859,0.37201394670521726
poisson,random,gradient_boosting,2,5783,1446,0.11274477564433914,0.1610941162793484,0.42266151461655566,0.11274477564433914,0.42266151461655566
poisson,random,gradient_boosting,3,5783,1446,0.11128182612788964,0.17029760396576119,0.37012196566685984,0.11128182612788964,0.37012196566685984
poisson,random,gradient_boosting,4,5784,1445,0.1099785814475313,0.16539755914429616,0.41605259005955797,0.1099785814475313,0.41605259005955797
poisson,cluster,ridge,0,5783,1446,0.15194331343091913,0.2122422087691975,0.11877232278437155,0.15194331343091913,0.11877232278437155
poisson,cluster,ridge,1,5783,1446,0.1419217200654079,0.20157198227357284,0.1080504888372521,0.1419217200654079,0.1080504888372521
poisson,cluster,ridge,2,5783,1446,0.14410881623952343,0.19712870136611352,0.11711679915932238,0.14410881623952343,0.11711679915932238
poisson,cluster,ridge,3,5783,1446,0.13997271018411633,0.19516390091355865,0.09336761946066952,0.13997271018411633,0.09336761946066952
poisson,cluster,ridge,4,5784,1445,0.14122992255940944,0.1952035483455778,0.13064246399278068,0.14122992255940944,0.13064246399278068
poisson,cluster,random_forest,0,5783,1446,0.11574604123714323,0.17511229834036107,0.40012893803613514,0.11574604123714323,0.40012893803613514
poisson,cluster,random_forest,1,5783,1446,0.10461149177019943,0.16336709462647767,0.4141194111947071,0.10461149177019943,0.4141194111947071
poisson,cluster,random_forest,2,5783,1446,0.10477400813827087,0.15731094529935766,0.43776042297110207,0.10477400813827087,0.43776042297110207
poisson,cluster,random_forest,3,5783,1446,0.10422103023429072,0.15825754935041186,0.40384235419997017,0.10422103023429072,0.40384235419997017
poisson,cluster,random_forest,4,5784,1445,0.10318323394617131,0.15468060492339952,0.4541230817204187,0.10318323394617131,0.4541230817204187
poisson,cluster,gradient_boosting,0,5783,1446,0.12015797600523921,0.17738110652111452,0.38448401644854535,0.12015797600523921,0.38448401644854535
poisson,cluster,gradient_boosting,1,5783,1446,0.10669102364351267,0.1659491973993113,0.3954527485279127,0.10669102364351267,0.3954527485279127
poisson,cluster,gradient_boosting,2,5783,1446,0.10643917816102222,0.15917763531965803,0.4243379115610898,0.10643917816102222,0.4243379115610898
poisson,cluster,gradient_boosting,3,5783,1446,0.1089084714139858,0.16378059962267771,0.36150550208828014,0.1089084714139858,0.36150550208828014
poisson,cluster,gradient_boosting,4,5784,1445,0.11078872435205604,0.1610497026748046,0.40824373825442306,0.11078872435205604,0.40824373825442306
poisson,chemsys,ridge,0,5783,1446,0.14254985151193472,0.19806548764776374,0.13528520062138605,0.14254985151193472,0.13528520062138605
poisson,chemsys,ridge,1,5783,1446,0.14700033693614842,0.20278332770779706,0.0971071873539715,0.14700033693614842,0.0971071873539715
poisson,chemsys,ridge,2,5783,1446,0.14517775809821543,0.20161449197385511,0.11255165754233265,0.14517775809821543,0.11255165754233265
poisson,chemsys,ridge,3,5783,1446,0.14441514827731017,0.20158416281241834,0.08566248857367897,0.14441514827731017,0.08566248857367897
poisson,chemsys,ridge,4,5784,1445,0.14243578672739787,0.19995336452103293,0.11938109953455389,0.14243578672739787,0.11938109953455389
poisson,chemsys,random_forest,0,5783,1446,0.10296272006364135,0.15865324459903934,0.44517861357063926,0.10296272006364135,0.44517861357063926
poisson,chemsys,random_forest,1,5783,1446,0.10631508789072579,0.16048141786266812,0.4345148428225407,0.10631508789072579,0.4345148428225407
poisson,chemsys,random_forest,2,5783,1446,0.10559424927331337,0.1586454845105233,0.450516037112746,0.10559424927331337,0.450516037112746
poisson,chemsys,random_forest,3,5783,1446,0.10559541775051262,0.159314383628586,0.4289111329314266,0.10559541775051262,0.4289111329314266
poisson,chemsys,random_forest,4,5784,1445,0.10319391929170155,0.15932383494801464,0.44089667793031806,0.10319391929170155,0.44089667793031806
poisson,chemsys,gradient_boosting,0,5783,1446,0.10811607573159022,0.16308266551812786,0.4137661667779039,0.10811607573159022,0.4137661667779039
poisson,chemsys,gradient_boosting,1,5783,1446,0.1116616206416109,0.16386311839221115,0.4104316847300187,0.1116616206416109,0.4104316847300187
poisson,chemsys,gradient_boosting,2,5783,1446,0.11042458024400524,0.1618503921364183,0.4280907736576901,0.11042458024400524,0.4280907736576901
poisson,chemsys,gradient_boosting,3,5783,1446,0.10796732260775423,0.16079352832319038,0.4182574249800338,0.10796732260775423,0.4182574249800338
poisson,chemsys,gradient_boosting,4,5784,1445,0.1079500146154644,0.16330767616133113,0.41258671032993754,0.1079500146154644,0.41258671032993754
poisson,family,ridge,0,5783,1446,0.14716699582992704,0.1989119830520492,0.09238316844459527,0.14716699582992704,0.09238316844459527
poisson,family,ridge,1,5783,1446,0.1437631032749322,0.1927566072588717,0.11320801503790467,0.1437631032749322,0.11320801503790467
poisson,family,ridge,2,5783,1446,0.15326525590172593,0.2075932007626449,0.035846518756132095,0.15326525590172593,0.035846518756132095
poisson,family,ridge,3,5783,1446,0.1501597712529953,0.2033413175446126,0.05654768881395933,0.1501597712529953,0.05654768881395933
poisson,family,ridge,4,5784,1445,0.1660860262821677,0.24317035543634138,-0.12654328920280355,0.1660860262821677,-0.12654328920280355
poisson,family,random_forest,0,5783,1446,0.1315875637890769,0.18791883083594343,0.1899324218613726,0.1315875637890769,0.1899324218613726
poisson,family,random_forest,1,5783,1446,0.13571890275112306,0.18349887386985106,0.19634431973255018,0.13571890275112306,0.19634431973255018
poisson,family,random_forest,2,5783,1446,0.1383204311194753,0.19530968967964943,0.1465707894909023,0.1383204311194753,0.1465707894909023
poisson,family,random_forest,3,5783,1446,0.14161744349963334,0.1948110589853759,0.13404385066871172,0.14161744349963334,0.13404385066871172
poisson,family,random_forest,4,5784,1445,0.15288275227458478,0.22413325316859434,0.04293989052893188,0.15288275227458478,0.04293989052893188
poisson,family,gradient_boosting,0,5783,1446,0.1318424850965138,0.1886934948967545,0.1832399187074526,0.1318424850965138,0.1832399187074526
poisson,family,gradient_boosting,1,5783,1446,0.13611353327488554,0.18246375032224052,0.20538564582945418,0.13611353327488554,0.20538564582945418
poisson,family,gradient_boosting,2,5783,1446,0.1406392013884687,0.1989456921666336,0.11449910834446497,0.1406392013884687,0.11449910834446497
poisson,family,gradient_boosting,3,5783,1446,0.14211152667284507,0.19579647416419543,0.12526114055204574,0.14211152667284507,0.12526114055204574
poisson,family,gradient_boosting,4,5784,1445,0.15174763726745683,0.22109606603764875,0.06870203031687339,0.15174763726745683,0.06870203031687339
poisson,external_jarvis_all,ridge,0,7229,185,0.12621741678434384,0.18735424724758137,0.02656352997770306,0.12621741678434384,0.02656352997770306
poisson,external_jarvis_unseen_chemsys,ridge,0,7229,55,0.12366115673610227,0.1551491710974738,0.15165429433962885,0.12366115673610227,0.15165429433962885
poisson,external_jarvis_all,random_forest,0,7229,185,0.09640985453430298,0.17118488391802594,0.18733537993142413,0.09640985453430298,0.18733537993142413
poisson,external_jarvis_unseen_chemsys,random_forest,0,7229,55,0.11924530194413821,0.1518863075281769,0.18696134359676098,0.11924530194413821,0.18696134359676098
poisson,external_jarvis_all,gradient_boosting,0,7229,185,0.10251954172828398,0.17202506832275666,0.17933860236058285,0.10251954172828398,0.17933860236058285
poisson,external_jarvis_unseen_chemsys,gradient_boosting,0,7229,55,0.11864861914666969,0.1541336247432749,0.162723831447392,0.11864861914666969,0.162723831447392
