target,rule,scheme,features,model,n_seeds,mae_mean,mae_sd,r2_mean,r2_sd,r2_log_mean,spearman_mean
binding_energy_zscan,upper,family,mono_basic,gradient_boosting,5,13.538560496351831,0.09157476454906474,0.18783423566479626,0.009126697852882984,0.34417896963104405,0.7126553476141535
binding_energy_zscan,upper,family,mono_stiffness,gradient_boosting,5,13.588858743144025,0.3011712010013388,0.19973381373475546,0.018829643277266387,0.35053782188670635,0.7071434925890966
binding_energy_zscan,upper,family,none,mean_arith,5,18.53516945387998,0.0,-0.004973668178283264,0.0,-0.21702153290238863,
binding_energy_zscan,upper,family,none,mean_geom,5,15.768475606778315,0.0,-0.054376912642910245,0.0,-0.00290356176506692,
binding_energy_zscan,upper,monolayer,mono_basic,gradient_boosting,5,9.063774458497429,0.23682219881915598,0.49039142391063495,0.023674682013733975,0.6393888735567983,0.8285369805577659
binding_energy_zscan,upper,monolayer,mono_stiffness,gradient_boosting,5,9.069016459049365,0.4240952386382418,0.48269307382928045,0.05158349911775506,0.6426711869147048,0.8327653847290026
binding_energy_zscan,upper,monolayer,none,mean_arith,5,18.50668103213969,0.002489301369999151,-0.0034227239148805835,0.0012278121787105286,-0.21225882624018838,
binding_energy_zscan,upper,monolayer,none,mean_geom,5,15.75111354152501,0.00026916326278932226,-0.05364118153620401,0.00018671026274948946,-0.0006444707786531723,
binding_energy_zscan,upper,random,mono_basic,gradient_boosting,5,2.442714889968066,0.015024666210512327,0.984081786672391,0.002256710022770744,0.9401658779741234,0.9439878762464199
binding_energy_zscan,upper,random,mono_stiffness,gradient_boosting,5,2.421685455701743,0.010476549598212254,0.9851336171615047,0.002660316530865991,0.9398473084717718,0.9436065847317201
binding_energy_zscan,upper,random,none,mean_arith,5,18.507828431680128,0.0011996948733189897,-0.0005359181680225954,0.0003055773703624749,-0.20727501155327333,
binding_energy_zscan,upper,random,none,mean_geom,5,15.751915449262635,0.0006311205358854935,-0.0532321379965795,6.342497733220886e-05,-0.0004540514809835905,
distance,upper,family,mono_basic,gradient_boosting,5,0.316563904380599,0.005312757919743314,0.38585377848278635,0.02353666694762577,0.30797383461547956,0.6815320233366807
distance,upper,family,mono_stiffness,gradient_boosting,5,0.31595521219252687,0.0023061941964174905,0.3905273444963931,0.009467425728288157,0.309783334244082,0.6835226328844081
distance,upper,family,none,mean_arith,5,0.41544783366990073,0.0,-0.0001237046979512435,0.0,-0.008281378364201375,
distance,upper,family,none,mean_geom,5,0.42520280702170893,0.0,-0.014897509458553903,0.0,-0.0009384839039818349,
distance,upper,monolayer,mono_basic,gradient_boosting,5,0.2791959272191848,0.005646360785072311,0.5127819378459818,0.033020974582544826,0.3889419154559587,0.7507307030170407
distance,upper,monolayer,mono_stiffness,gradient_boosting,5,0.27785213121299873,0.0048544410146061905,0.5130821901278622,0.036282503237733355,0.39842585826330507,0.7507713697919349
distance,upper,monolayer,none,mean_arith,5,0.41544461561542156,9.418763249511304e-06,-0.00025361924348379363,0.0001901045757336367,-0.008164113725188535,
distance,upper,monolayer,none,mean_geom,5,0.4252119783427988,9.634569410434258e-06,-0.015198095777142892,0.0005050050483948675,-0.0009507192139691423,
distance,upper,random,mono_basic,gradient_boosting,5,0.24749944367341117,0.0004059297725721033,0.6625880538664422,0.0027474644714470865,0.6890900540944594,0.7668621557942858
distance,upper,random,mono_stiffness,gradient_boosting,5,0.24832818019102226,0.0005333638197635294,0.6598427633587245,0.0030885902314724575,0.6875266151480289,0.7644556529226934
distance,upper,random,none,mean_arith,5,0.4154823010017449,3.444293831971186e-05,-0.000534204846872708,0.00043693544753690175,-0.008495031606735334,
distance,upper,random,none,mean_geom,5,0.42524349206987744,3.378859147965444e-05,-0.01506264202396183,0.00048724736066987803,-0.0005518246452776854,
