target,rule,scheme,features,model,n_folds,mae_mean,mae_std,mae_min,mae_max,rmse_mean,r2_mean,r2_std,r2_min,r2_max,r2_log_mean,spearman_mean,spearman_std,folds_better_than_mean,mae_gain_vs_mean
binding_energy_zscan,upper,random,none,mean_arith,5,18.50581220565042,0.4087719937690573,17.820325906452865,18.916604298979152,33.569338588728655,-0.00016873351611996769,0.00021411056945086073,-0.00045943802717718363,-1.8333196849518174e-07,-0.206216126960966,,,0,0.0
binding_energy_zscan,upper,random,none,mean_geom,5,15.751775808652113,0.381145865455466,15.116063476769643,16.09201895713212,34.44864829042076,-0.05328622409271393,0.0036279322351396672,-0.05876662973587199,-0.050678617853892494,-0.00028332188758946054,,,5,2.754036396998308
binding_energy_zscan,upper,random,mono_basic,ridge,5,12.025618084584272,0.4465327197524424,11.37513509099337,12.470483289548081,28.547725138982106,0.2775882065890289,0.03919810783947772,0.24378066515030772,0.3343533424861158,0.5150869065924369,0.7440628378065173,0.016183916490722813,5,6.480194121066148
binding_energy_zscan,upper,random,mono_basic,random_forest,5,2.4069802472589927,0.05368904942197158,2.3517611622098773,2.462586972049572,3.9141728918243346,0.9862889209011539,0.003435201902824328,0.9820235792272259,0.9904497142861753,0.9387786111987623,0.9427789442261421,0.002612900405317347,5,16.09883195839143
binding_energy_zscan,upper,random,mono_basic,gradient_boosting,5,2.463995622991045,0.050727878301877326,2.4185866396098157,2.5338578158035014,4.195757609482679,0.9843284282503039,0.0032276892541071057,0.9797215536074736,0.9873545708652117,0.9399371108914384,0.9440481892657135,0.002640508147682544,5,16.041816582659372
binding_energy_zscan,upper,random,mono_stiffness,ridge,5,11.977296491887937,0.4607208996466977,11.311072894614439,12.437458578547913,28.43760511597455,0.28313711207320125,0.03893685081642116,0.24832434407505433,0.3379863858277079,0.5215365458447295,0.7484705024631264,0.01610948228292938,5,6.5285157137624825
binding_energy_zscan,upper,random,mono_stiffness,random_forest,5,2.407430191697327,0.05350408296629789,2.351701447542511,2.462773294790617,3.8977710236670644,0.9864391598155029,0.002908597587274918,0.982792638686806,0.9900992384185426,0.9387119509661268,0.9427521652598265,0.002544286961249864,5,16.098382013953092
binding_energy_zscan,upper,random,mono_stiffness,gradient_boosting,5,2.428287406484486,0.058428104931361184,2.3641150427971005,2.5173612462135218,4.018667343590181,0.9856040613991033,0.0032366799000395846,0.9808674073030842,0.9885422907140266,0.9396453574542555,0.9436478884709638,0.002386772159072665,5,16.077524799165936
binding_energy_zscan,upper,random,mono_stiffness_stacking,ridge,5,11.964374537072322,0.4597472850364989,11.306727714640846,12.422912650987804,28.395683018494445,0.2852612550747796,0.03901580243125795,0.2499949720573288,0.34041920714052276,0.5231107075493397,0.7488211156847229,0.017097465993234296,5,6.541437668578098
binding_energy_zscan,upper,random,mono_stiffness_stacking,random_forest,5,1.9158283457449936,0.060189342396803534,1.8411992911736852,2.0051240735763995,3.6568715164391845,0.9880375378509557,0.003019637790569341,0.9840881552170603,0.9914963727811869,0.9624112231587066,0.9646391834034154,0.0011592448338687633,5,16.589983859905423
binding_energy_zscan,upper,random,mono_stiffness_stacking,gradient_boosting,5,2.0248599479267995,0.07693422655122112,1.8999319709668478,2.1014635012472254,5.355397183809309,0.9741269860126126,0.008985968693685169,0.9651375664907746,0.9872533681764329,0.9680525567265441,0.9720848888325145,0.0016720423153727831,5,16.480952257723622
binding_energy_zscan,upper,monolayer,none,mean_arith,5,18.50498122325573,1.832676695029538,16.616642972609046,21.165986786322073,33.153879112680286,-0.004924991322752615,0.004269904107097776,-0.009408928091595214,-5.727014559919752e-05,-0.21508892596481108,,,0,0.0
binding_energy_zscan,upper,monolayer,none,mean_geom,5,15.751230485948952,2.0733148032879454,13.647364981594501,18.789874393860426,33.9748431248832,-0.05380323272536338,0.010441673713012276,-0.06519810454745434,-0.038603596760217185,-0.0009684159175685547,,,5,2.7537507373067793
binding_energy_zscan,upper,monolayer,mono_basic,ridge,5,14.705939240642005,2.5179218614085497,11.845251396400327,18.671150692373082,34.30099293881928,-0.05052262325046695,0.38190331238047254,-0.7271343549123206,0.1823868021663172,0.2645428077755853,0.6275233334929252,0.07569883452894498,5,3.7990419826137254
binding_energy_zscan,upper,monolayer,mono_basic,random_forest,5,8.983399788848304,1.518527699482888,6.5331900623011725,10.3917795832676,23.280526571082255,0.4904172323012821,0.14895523616069747,0.26955254335564116,0.6548471731016289,0.6490117166500412,0.8422993072095494,0.05694146184643568,5,9.521581434407427
binding_energy_zscan,upper,monolayer,mono_basic,gradient_boosting,5,9.048240843065978,1.5066973660770986,6.790317511706891,10.769072470517498,23.392031317712767,0.4859229922504147,0.12719220494326605,0.2820328919343412,0.5905949605800289,0.6417089523464534,0.8315505168565462,0.07240249972756575,5,9.456740380189752
binding_energy_zscan,upper,monolayer,mono_stiffness,ridge,5,14.689814273928096,2.324322945508889,12.111991820458957,18.409340935782552,33.02590122210701,0.02386573468211921,0.22813004769746303,-0.376879150213266,0.18274623571516846,0.262055923302565,0.629582847178034,0.09168236046864145,5,3.815166949327633
binding_energy_zscan,upper,monolayer,mono_stiffness,random_forest,5,8.919156055996382,1.4226395911963072,6.590060599233355,10.312049024712678,23.057709526450715,0.5015399156292146,0.1349025015819649,0.31104851676023915,0.6641205662032542,0.6545347960722845,0.846400990423373,0.06728248556669665,5,9.585825167259348
binding_energy_zscan,upper,monolayer,mono_stiffness,gradient_boosting,5,9.366478602491071,1.714797279822952,6.691905376062804,11.103750186463483,24.639582235729897,0.429025069561666,0.1626153610918449,0.15742333070941072,0.5932568829762219,0.6278373270668574,0.837119429389797,0.06727338198558125,5,9.138502620764658
binding_energy_zscan,upper,monolayer,mono_stiffness_stacking,ridge,5,14.651900770395468,2.306811072940898,12.05807368358246,18.321027547266013,32.88550341308489,0.03189878841053406,0.22299177977940712,-0.3605593580783688,0.18319279979158876,0.2655778490788592,0.6298775385080269,0.09059773449582006,5,3.853080452860259
binding_energy_zscan,upper,monolayer,mono_stiffness_stacking,random_forest,5,8.387804904828307,1.4524186812288375,6.002147852779872,9.881774106252706,22.96502994171783,0.506266117280593,0.12786826028654003,0.3272406326106513,0.6616121376767237,0.6745250816115386,0.8647732630962853,0.07313845010187824,5,10.117176318427422
binding_energy_zscan,upper,monolayer,mono_stiffness_stacking,gradient_boosting,5,8.797846307782248,1.418923653270696,6.438792417342278,10.123365445003907,24.257689065222984,0.4479663568024577,0.15050897901575067,0.22391765381962092,0.6280106845929891,0.6591495372880574,0.8663565019579809,0.05992770609046338,5,9.707134915473484
binding_energy_zscan,upper,family,none,mean_arith,5,18.53516945387998,1.9351516833966116,17.07821322065253,21.690988476066124,33.170945508155455,-0.004973668178283264,0.005393877241734895,-0.012787639306218956,-6.968829215914241e-07,-0.21702153290238863,,,0,0.0
binding_energy_zscan,upper,family,none,mean_geom,5,15.768475606778315,2.262536789859282,13.931181945319144,19.50876143760266,33.99212511713448,-0.054376912642910245,0.015317894442835784,-0.07370698143261034,-0.037636700964505776,-0.00290356176506692,,,5,2.7666938471016644
binding_energy_zscan,upper,family,mono_basic,ridge,5,20.69301208285499,5.824841708242501,15.236996076328467,30.206983636798036,43.131670570271744,-0.8004925688780503,0.8340143615173528,-1.7975166374628726,0.04553440411869569,-0.15096565563246092,0.5280348169371535,0.1150306886288012,2,-2.1578426289750126
binding_energy_zscan,upper,family,mono_basic,random_forest,5,13.522309977635427,3.9129543160469527,10.537749596548988,20.118458134377207,30.16471609018771,0.1728209862384385,0.15714796112633558,0.025223281883573923,0.41809063502603194,0.33728746094003675,0.7203956325433721,0.04883483495048798,5,5.01285947624455
binding_energy_zscan,upper,family,mono_basic,gradient_boosting,5,13.394959101863128,3.9881093875645637,10.269647361664472,20.278467513260278,29.883501263112674,0.1849119619990347,0.16903989044767695,0.05390257682670763,0.4614033437827314,0.3393698739591133,0.7110782024394162,0.06311836696810855,5,5.140210352016851
binding_energy_zscan,upper,family,mono_stiffness,ridge,5,20.68779493666195,4.812793692330795,15.508723807611098,28.32654001285727,45.41656512140107,-1.0959658786251265,1.3152403041958038,-3.0881611338137063,0.04859754833362495,-0.16212220125493482,0.5127535992377807,0.14185725734461513,2,-2.152625482781967
binding_energy_zscan,upper,family,mono_stiffness,random_forest,5,13.38507694332461,3.8910869280277374,10.44168096198829,19.986984485957414,29.929076781639584,0.18780209392737315,0.15614284287772823,0.02130604631155686,0.43253572396422335,0.3636096125405082,0.7246233209871354,0.034948313717617675,5,5.15009251055537
binding_energy_zscan,upper,family,mono_stiffness,gradient_boosting,5,13.849880966043333,4.671947198321505,10.64194574673485,22.064590744587427,29.974479864034663,0.18750352145142485,0.20033724617341578,-0.07235860094758872,0.48805769929119824,0.32512249139190896,0.6851562861267306,0.07940125630359535,4,4.6852884878366465
binding_energy_zscan,upper,family,mono_stiffness_stacking,ridge,5,20.740487882327724,4.912425383303339,15.355728876877247,28.463011682751635,46.09472431137503,-1.1836971095080888,1.4616944973883317,-3.4650138679870564,0.056633308444029806,-0.16606014035690678,0.51425812015912,0.13492355879307452,2,-2.205318428447746
binding_energy_zscan,upper,family,mono_stiffness_stacking,random_forest,5,13.233398090334134,4.006165269639206,10.161574447625986,20.06222060231466,29.75272874191466,0.20058431483841183,0.154811810286557,0.008510754263048259,0.42999658117407946,0.3816498169517543,0.7395867314623755,0.023582127977598653,5,5.301771363545844
binding_energy_zscan,upper,family,mono_stiffness_stacking,gradient_boosting,5,13.919961976578975,5.026121457846269,10.343820988388924,22.750949313008594,30.078071899553358,0.18762203645788464,0.22402732003911965,-0.16694533465862715,0.4555188379653512,0.3463785859696758,0.7064231344085853,0.09124192375464281,4,4.615207477301003
distance,upper,random,none,mean_arith,5,0.41552810240437676,0.009371195512352786,0.40513589790451965,0.42915057461190476,0.5507476685687603,-0.0012555583819787498,0.0017716158973645681,-0.004257202415156591,-1.328874308814676e-06,-0.009078836855968575,,,0,0.0
distance,upper,random,none,mean_geom,5,0.42525732657450976,0.010155801802808069,0.4116007225040305,0.4390092885187494,0.5547017002789584,-0.01574495867386081,0.008925490311111235,-0.026552058099200915,-0.003370227216621391,-0.0009601350810706677,,,0,-0.009729224170133045
distance,upper,random,mono_basic,ridge,5,0.27950029400885823,0.006806745609325599,0.27140400922821156,0.2872373191907693,0.37066404471851866,0.5463524892184463,0.018777605259874087,0.5259040952894158,0.5767887867719114,0.5307585308293692,0.7148688373044445,0.017632148047000192,5,0.13602780839551848
distance,upper,random,mono_basic,random_forest,5,0.2510946286143038,0.0033927123563022624,0.2469045657837625,0.25578830841008066,0.32494462211972086,0.6511965742977877,0.011793698135276864,0.6353922682412327,0.666566759033828,0.678003977186625,0.7572858645573274,0.006644475507084883,5,0.16443347379007292
distance,upper,random,mono_basic,gradient_boosting,5,0.24747639864000698,0.0035554623383079434,0.24293609750989814,0.2526895645874899,0.320377371111426,0.661011771261514,0.010351016237860795,0.6453700402351173,0.6717368591132469,0.6848668830338636,0.7660674775327972,0.006539726829416858,5,0.16805170376436973
distance,upper,random,mono_stiffness,ridge,5,0.27965733658106906,0.006904360306626316,0.26965544964698,0.2878873532705587,0.36978632227644853,0.5484644368749507,0.019504127500943533,0.5358027217762475,0.5819686821640517,0.5355285474392797,0.7136758622156215,0.016705697069758482,5,0.13587076582330765
distance,upper,random,mono_stiffness,random_forest,5,0.2510827881194217,0.0034507541293298132,0.2466740982738197,0.2557610416294661,0.32481639173011556,0.6514700911850851,0.01190544428350375,0.6356650519173923,0.6668324704917692,0.678246133505919,0.7574881449033064,0.006583857540189501,5,0.164445314284955
distance,upper,random,mono_stiffness,gradient_boosting,5,0.24813985869757307,0.003849658313232499,0.24330955068344337,0.2535986908912584,0.3215151504635132,0.6585849237960096,0.011018616530876966,0.6423781904277713,0.6698617349418112,0.6841729823701368,0.7637843230284246,0.007377939382762183,5,0.16738824370680366
distance,upper,random,mono_stiffness_stacking,ridge,5,0.2782157300958655,0.006788378797819216,0.26801900800350653,0.2860319340724457,0.3675720495162237,0.5538326598138682,0.019548131921008717,0.5416337959276158,0.5871046115038925,0.5398710077571935,0.7197444702264759,0.016094429695416402,5,0.1373123723085113
distance,upper,random,mono_stiffness_stacking,random_forest,5,0.16730169977028927,0.0017438011545248917,0.16491245144615888,0.1695364143819258,0.2308655776064211,0.8239714472658102,0.006602184763863807,0.8146040639696799,0.8307941168932953,0.7990989559210334,0.8847496161592231,0.005600592363575386,5,0.2482264026340874
distance,upper,random,mono_stiffness_stacking,gradient_boosting,5,0.1489385683624788,0.002804844824158631,0.14597204737470623,0.15190994884458198,0.21174473444586867,0.8518949504008152,0.009151737118553755,0.8389761134273515,0.8618014979258297,0.8109477754100702,0.9087555790855595,0.0065732452362122365,5,0.2665895340418979
distance,upper,monolayer,none,mean_arith,5,0.41543885479942644,0.006596850919856407,0.4069218899242015,0.42196339083971224,0.5506214426066933,-8.561212273150431e-05,6.992015482630202e-05,-0.00018459438910278791,-3.0914858841768478e-06,-0.008234208945902965,,,0,0.0
distance,upper,monolayer,none,mean_geom,5,0.42520457663233946,0.006140849211102151,0.41752860622364263,0.43167679104610673,0.554615508372691,-0.014763141003197245,0.004337121283649651,-0.01905782363679931,-0.009999079456574966,-0.0004872037075708491,,,0,-0.0097657218329131
distance,upper,monolayer,mono_basic,ridge,5,0.3076321399245522,0.028030080600920364,0.27510644613054047,0.34754705489403626,0.4219258609968234,0.40680478748903254,0.1365501327275162,0.26343423169769,0.5705314198814486,0.4477821667509632,0.6778049072706824,0.044143404290048,5,0.10780671487487421
distance,upper,monolayer,mono_basic,random_forest,5,0.28771686655517453,0.02366770560507034,0.2575837782260535,0.32388269757457644,0.38509946469038436,0.5091919839057518,0.08616074107861328,0.3685392892633125,0.5983556511241179,0.5123258664713701,0.7275735843819765,0.032519201009320285,5,0.12772198824425188
distance,upper,monolayer,mono_basic,gradient_boosting,5,0.27597746351477753,0.011775567891707401,0.2552493081014547,0.28395134319856785,0.36709747572737517,0.5544995842727849,0.043721397421270916,0.5074366047751149,0.6181533657684225,0.5428465449502802,0.7474541198032147,0.012698339850249025,5,0.13946139128464888
distance,upper,monolayer,mono_stiffness,ridge,5,0.31019232857722656,0.026177493096420732,0.2768159919059352,0.34890325041404474,0.42096623826193136,0.40983426156519903,0.12472625900277695,0.251642830684355,0.5719448145098016,0.4460955027334045,0.6759696762669164,0.0450694729607594,5,0.10524652622219985
distance,upper,monolayer,mono_stiffness,random_forest,5,0.28780355760760645,0.023595978175445252,0.2574930263402163,0.3234791354790884,0.3853561146325576,0.5084735223656189,0.08830928625020736,0.3612098170195184,0.6004442593485007,0.51184443039672,0.726627500360994,0.03521209857232203,5,0.1276352971918199
distance,upper,monolayer,mono_stiffness,gradient_boosting,5,0.2710295006391834,0.013068691953116255,0.25073902096847467,0.28489959239484175,0.35974604930400744,0.572207804818148,0.047792362524128884,0.5078629607020447,0.6343586328356852,0.5637837270438313,0.753937775827106,0.015682693626240782,5,0.144409354160243
distance,upper,monolayer,mono_stiffness_stacking,ridge,5,0.30956825223804607,0.026463005937640227,0.2769078119454712,0.34941405413410687,0.41999173592881894,0.4122940236671798,0.12863956547650088,0.24762026183939445,0.5744174552789277,0.44878660151959443,0.6825402865835253,0.04264941489299716,5,0.10587060256138034
distance,upper,monolayer,mono_stiffness_stacking,random_forest,5,0.21353097654724582,0.030871272320065674,0.17653872744812749,0.2623576778560936,0.32857493558693573,0.6382955578531042,0.1226293859024192,0.4279145393043725,0.7500860924122568,0.5883663271157479,0.8281236562454304,0.04372271494965568,5,0.20190787825218054
distance,upper,monolayer,mono_stiffness_stacking,gradient_boosting,5,0.1979508176118668,0.015088637271722348,0.17231221978788977,0.21239103349599506,0.3031933976763246,0.6960213329967663,0.04477604023225535,0.6629450515240851,0.772811015630892,0.6297021957496505,0.8516339863859426,0.022387745038286538,5,0.2174880371875596
distance,upper,family,none,mean_arith,5,0.41544783366990073,0.009611521166985739,0.4079299403183674,0.43173167697636133,0.5503522104077823,-0.0001237046979512435,0.00011248358966901609,-0.0002646283329545973,-1.9270383844638417e-05,-0.008281378364201375,,,0,0.0
distance,upper,family,none,mean_geom,5,0.42520280702170893,0.008853263369126011,0.417624862212659,0.4397280032663752,0.5543516407015658,-0.014897509458553903,0.005064425509205113,-0.02187246755299177,-0.00961253660206518,-0.0009384839039818349,,,0,-0.009754973351808171
distance,upper,family,mono_basic,ridge,5,0.35881068075830325,0.0455219929545785,0.2856639344477436,0.4106908060347195,0.500432404671641,0.16821751776009644,0.10752284665748117,0.003840918168835472,0.25761743008678384,0.2716180083595846,0.6060082636566537,0.117267262879827,5,0.05663715291159749
distance,upper,family,mono_basic,random_forest,5,0.3252345282044163,0.04820527573533269,0.2492635056869036,0.3825926007400259,0.4417632365364003,0.33326420055391753,0.23478514626416894,-0.05531439239988756,0.5829595935325134,0.2721058333674313,0.6755735683756396,0.0882899617416021,5,0.09021330546548449
distance,upper,family,mono_basic,gradient_boosting,5,0.31862796034041074,0.02289196655885429,0.2828497458639169,0.3423156567456199,0.43085386051906915,0.3850535873766413,0.05573189905875191,0.3041350195392938,0.446905702593804,0.32300094599698953,0.6899224963975035,0.08162872908346623,5,0.09681987332949002
distance,upper,family,mono_stiffness,ridge,5,0.35799264441768586,0.05162400184685622,0.2857606653259333,0.4262100130304454,0.49584841419752024,0.17992773477599183,0.15923687642327586,-0.06385439877876253,0.34636517201263695,0.28381376145251175,0.6053113112100059,0.12520810765564364,4,0.05745518925221495
distance,upper,family,mono_stiffness,random_forest,5,0.3270718787409694,0.04768789885015819,0.25287463433649243,0.38480322698388214,0.4467411926680647,0.32116638430417394,0.2204551338403832,-0.05318406919723673,0.5301735181207734,0.21999211705381896,0.6695944732236401,0.09504279696588339,5,0.08837595492893137
distance,upper,family,mono_stiffness,gradient_boosting,5,0.31996562610122703,0.02263555994751596,0.2858240865570804,0.3397585901883855,0.43367109947111676,0.37454942388369333,0.07955011353662396,0.2700948595820356,0.4384204894774393,0.29065315970164146,0.6733842007789576,0.09327450308782671,5,0.0954822075686737
distance,upper,family,mono_stiffness_stacking,ridge,5,0.360414820485218,0.04878207702963782,0.29115223484988906,0.42569111720949687,0.4974106376637549,0.17435373710147084,0.158770474359108,-0.061894263749189715,0.32800519521836924,0.2813920367976942,0.6073523234927196,0.1218209732756143,4,0.055033013184682775
distance,upper,family,mono_stiffness_stacking,random_forest,5,0.29793135476406746,0.04531428366050984,0.2292703912363002,0.35589285089004524,0.42602672300660177,0.37655556478064717,0.23979003821173617,-0.025490164523832348,0.6119162030970059,0.28354770190859746,0.7108517692999435,0.08480684902127296,5,0.11751647890583335
distance,upper,family,mono_stiffness_stacking,gradient_boosting,5,0.274080158581964,0.02116585778308331,0.24120601059692773,0.29823766266005086,0.3926708619730884,0.4891403471833575,0.05195052110883869,0.4105714852084317,0.5334148294693126,0.3911714347956826,0.7441682866971613,0.07235801844357753,5,0.14136767508793674
binding_energy_gs,upper,random,none,mean_arith,5,6.22639032205755,0.11715573530580294,6.047875026749921,6.339784525440211,8.924732133487833,-0.0005325412776551186,0.0007088529323036214,-0.00152714119842412,-8.408721230424021e-08,-0.05559423881693863,,,0,0.0
binding_energy_gs,upper,random,none,mean_geom,5,5.98108212739111,0.1579098833383059,5.734164581202716,6.154437560576293,9.083884489568904,-0.03637544766407359,0.006746274282888278,-0.04592749234047022,-0.02766797767753082,-0.0003705647400725542,,,5,0.24530819466644066
binding_energy_gs,upper,random,mono_stiffness,ridge,5,3.070890898596784,0.1431973408897552,2.884505854231966,3.209502221696119,5.594661788047612,0.5978012312785276,0.13650106340429335,0.37269697473563324,0.7396597225034024,0.693490254874632,0.8394857939117951,0.008990055879299012,5,3.1554994234607667
binding_energy_gs,upper,random,mono_stiffness,random_forest,5,2.3700179876541045,0.06906404820842064,2.2754688954636757,2.4384225401121915,3.14156793955157,0.8751379935281849,0.018563086168599325,0.8505401597079386,0.9021002923752619,0.8044556938820895,0.8823291832155397,0.00869791782229182,5,3.8563723344034457
binding_energy_gs,upper,random,mono_stiffness,gradient_boosting,5,2.3408584838366244,0.06669529516341832,2.260097136271619,2.4179529068158545,3.0698700519512045,0.8808603761497125,0.016280333020866167,0.8570919696955377,0.9026366819011497,0.8069175763400042,0.8838382318447955,0.00846756095854839,5,3.8855318382209263
binding_energy_gs,upper,monolayer,none,mean_arith,5,6.225747185377782,0.11902803751368948,6.1023493930473025,6.350627965615244,8.913308929352036,-0.00039934663515075466,0.0004106871395773644,-0.0010789216430251436,-3.8665279527450025e-05,-0.05516252594491684,,,0,0.0
binding_energy_gs,upper,monolayer,none,mean_geom,5,5.98063760641381,0.12398941699224811,5.847829192765804,6.098817037183362,9.072465983915972,-0.036303242159427686,0.0033428643577867933,-0.04021476340248986,-0.031505471906297045,-0.00022652355003560665,,,5,0.24510957896397229
binding_energy_gs,upper,monolayer,mono_stiffness,ridge,5,3.410846629077041,0.2973665897162032,3.024164311253517,3.7161861217651913,6.072622104536618,0.5290849803708487,0.14188657671190189,0.3673754943159706,0.7189856868908477,0.6273600139915931,0.8033939045486329,0.0421024674864469,5,2.814900556300741
binding_energy_gs,upper,monolayer,mono_stiffness,random_forest,5,2.9547175862894925,0.24208459513869227,2.6422400369775225,3.276025484869913,4.9427239662771845,0.6878848814693275,0.14023810556282656,0.4427365312555934,0.7762534311375427,0.6833065928890252,0.833029900728743,0.018266007077873958,5,3.271029599088289
binding_energy_gs,upper,monolayer,mono_stiffness,gradient_boosting,5,2.966412339067857,0.2329516221410347,2.7406928119987786,3.3180825923642745,4.88687664058872,0.6941001132104756,0.1427419454708743,0.4405906218752018,0.7779780075353986,0.6805016863458251,0.8317409637072316,0.018657421223374274,5,3.2593348463099248
binding_energy_gs,upper,family,none,mean_arith,5,6.222802133100034,0.3204315820507064,5.885090972976257,6.744722036137545,8.845003898410834,-0.002689456308621052,0.0034892248952765287,-0.00878125254970552,-0.0001415118093828216,-0.05869863101081583,,,0,0.0
binding_energy_gs,upper,family,none,mean_geom,5,5.9766051728889105,0.382611708873446,5.649264334487107,6.630483340661296,8.996321483574482,-0.03650294999305888,0.012954187954824578,-0.058638665101633514,-0.025215969339408728,-0.001478946930310876,,,5,0.24619696021112283
binding_energy_gs,upper,family,mono_stiffness,ridge,5,4.305773033861433,0.7085910005910445,3.8031437487434023,5.478745509112884,7.817966163281054,0.1641614983514588,0.3798487751073287,-0.37350434793958187,0.4831541995028009,0.47978166640899966,0.7488312072418585,0.046920611857498955,5,1.9170290992386003
binding_energy_gs,upper,family,mono_stiffness,random_forest,5,3.5799970219681234,0.4415574810469611,3.2880544304750994,4.303846698849089,5.704727091704675,0.5808308355652682,0.13429973376208337,0.44039257575005997,0.7372157886721924,0.5424167665066544,0.7397392811801645,0.027640434916657984,5,2.64280511113191
binding_energy_gs,upper,family,mono_stiffness,gradient_boosting,5,3.588560437767627,0.32704772733810183,3.2771201233072715,4.087426986075157,5.734238042992534,0.5752742568884901,0.11582629861894847,0.4436841393858749,0.7373777505103574,0.5320185540006459,0.7414234694828977,0.035568344650167824,5,2.634241695332407
