target,scheme,model,mae_mean,mae_std,rmse_mean,r2_mean,r2_std,r2_log_mean,n_folds
Y2D,random,ridge,22.5052300614773,0.749452732722813,37.985870367402484,0.6859372173218956,0.014233615309688256,0.6351476864730035,5
Y2D,random,random_forest,14.67056673646222,0.38427873699845794,26.26315012464634,0.8494294334873624,0.018201416945679838,0.7843730352876642,5
Y2D,random,gradient_boosting,13.735838320450796,0.2517949505911051,24.059476949584813,0.8734049818998365,0.013391615459116582,0.8019568283021214,5
Y2D,cluster,ridge,22.57312221392802,0.6013690985695038,38.00953299098265,0.6847076507766757,0.03795562566197129,0.633593508750453,5
Y2D,cluster,random_forest,14.718140116446623,0.4353034138838741,26.89930591335625,0.8419984189281159,0.028750301629323693,0.7818506835171064,5
Y2D,cluster,gradient_boosting,13.98103356794328,0.5393664029318783,24.857294058596317,0.865367392314392,0.017253748090856946,0.7970137784214466,5
Y2D,chemsys,ridge,22.758433282562827,0.7965961871819102,38.697425851937695,0.6719909083754001,0.05442900646452811,0.6316711621933544,5
Y2D,chemsys,random_forest,14.821882637663261,0.5894401816245599,27.551359765236406,0.8337413518514513,0.03165078175425861,0.787464908565428,5
Y2D,chemsys,gradient_boosting,13.914177308874795,0.5689698870764551,24.91033997802537,0.8643489170250698,0.022478536810751817,0.8074225370781862,5
Y2D,family,ridge,31.118199488591593,14.191985784039437,124.76980968319097,-11.023093457608079,26.00512999282888,0.5536651178105634,5
Y2D,family,random_forest,20.876110732023463,2.515323212076343,36.41904727148221,0.6699815575775593,0.1855987202801557,0.6687643237650158,5
Y2D,family,gradient_boosting,19.816588320548085,2.7813856834250617,34.06639793762442,0.7033384025398243,0.1898930352505349,0.681075466825298,5
Y2D,external_jarvis_all,ridge,27.7644918987943,,49.53864602371173,0.24530793276093432,,0.24132344224822544,1
Y2D,external_jarvis_unseen_chemsys,ridge,41.293684730210536,,61.517397445061405,-0.12115356406326638,,-0.31625978212544026,1
Y2D,external_jarvis_all,random_forest,20.665071298953368,,43.02110291366008,0.43082659358428643,,0.48186136855645734,1
Y2D,external_jarvis_unseen_chemsys,random_forest,34.95222440465999,,53.618811150437104,0.14826684145777946,,0.2839191536755591,1
Y2D,external_jarvis_all,gradient_boosting,18.97371032784167,,41.13793867880594,0.47956490726395673,,0.548289826057232,1
Y2D,external_jarvis_unseen_chemsys,gradient_boosting,28.836747709231666,,48.7662451128718,0.2954564741797089,,0.4586055268894572,1
poisson,random,ridge,0.1442058913907188,0.001844126316446202,0.20086696733035106,0.10862588226893019,0.017330424638561083,0.10862588226893019,5
poisson,random,random_forest,0.10733926643419749,0.0010202008670757452,0.16315440328968897,0.41178361972580013,0.023324652908704276,0.41178361972580013,5
poisson,random,gradient_boosting,0.11085821571245695,0.001208066338225511,0.16558090329195113,0.3941211426171114,0.02438896753659542,0.3941211426171114,5
poisson,cluster,ridge,0.14383529649587526,0.004774517587907877,0.20026206833360405,0.11358993884687925,0.013871843501835809,0.11358993884687925,5
poisson,cluster,random_forest,0.10650716106521511,0.005201662562208,0.16174569850800155,0.4219948416244666,0.023186366202712822,0.4219948416244666,5
poisson,cluster,gradient_boosting,0.11059707471516318,0.005631258360702456,0.16546764830751323,0.39480478337605024,0.02381486611188934,0.39480478337605024,5
poisson,chemsys,ridge,0.14431577631020132,0.001911321818119792,0.20080016693257347,0.10999752672518462,0.01931577337903371,0.10999752672518462,5
poisson,chemsys,random_forest,0.10473227885397893,0.001540387504869782,0.15928367310976627,0.4400034608735341,0.008533155462943896,0.4400034608735341,5
poisson,chemsys,gradient_boosting,0.10922392276808499,0.0017185139145205282,0.16257947610625575,0.4166265520951168,0.007017240015210749,0.4166265520951168,5
poisson,family,ridge,0.15208823050834963,0.008581505179955781,0.20915469281090396,0.034288420369957565,0.09482621431169336,0.034288420369957565,5
poisson,family,random_forest,0.1400254186867787,0.008069944661772108,0.19713434130788282,0.14196625445649375,0.06153843143933229,0.14196625445649375,5
poisson,family,gradient_boosting,0.140490876740034,0.0074719304367978755,0.19739909551749454,0.13941756875005817,0.05498683263643059,0.13941756875005817,5
poisson,external_jarvis_all,ridge,0.12621741678434384,,0.18735424724758137,0.02656352997770306,,0.02656352997770306,1
poisson,external_jarvis_unseen_chemsys,ridge,0.12366115673610227,,0.1551491710974738,0.15165429433962885,,0.15165429433962885,1
poisson,external_jarvis_all,random_forest,0.09640985453430298,,0.17118488391802594,0.18733537993142413,,0.18733537993142413,1
poisson,external_jarvis_unseen_chemsys,random_forest,0.11924530194413821,,0.1518863075281769,0.18696134359676098,,0.18696134359676098,1
poisson,external_jarvis_all,gradient_boosting,0.10251954172828398,,0.17202506832275666,0.17933860236058285,,0.17933860236058285,1
poisson,external_jarvis_unseen_chemsys,gradient_boosting,0.11864861914666969,,0.1541336247432749,0.162723831447392,,0.162723831447392,1
